"FlowOCT_kamiran_warm","compas_train_1.csv",1,"None",1.0,4630,"0",6,0.0,10800,2,3116.0,0.6730021598272138,0.0,1.0,381.42286252975464,0.6757457846952011,0.6761658031088082,0.09816455622609033,0.1601314436543096,0.0953279955049866,0.14116589408624802,0.09780039144785324,0.15907373511779815
"FlowOCT_kamiran_warm","compas_train_1.csv",1,"SP",0.01,4630,"0",6,0.0,10800,2,2744.0,0.5926565874730022,0.0,0.0,11025.708931684494,0.5894941634241245,0.5790155440414507,0.09816455622609033,-0.001418172878388524,0.0953279955049866,0.010243011658940815,0.09780039144785324,-0.018126386533298233
"FlowOCT_kamiran_warm","compas_train_1.csv",1,"SP",0.02,4630,"0",6,0.0,10800,9,2874.0,0.6207343412526998,30.445372303409883,51.0,11105.488161087036,0.6303501945525292,0.6198186528497409,0.09816455622609033,0.019884320281990053,0.0953279955049866,0.06514398089619322,0.09780039144785324,0.009873889607227349
"FlowOCT_kamiran_warm","compas_train_1.csv",1,"SP",0.03,4630,"0",6,0.0,10800,9,2845.0,0.6144708423326134,18.312829525483306,1.0,11104.451769828796,0.6154345006485085,0.6107512953367875,0.09816455622609033,0.026800768097380856,0.0953279955049866,0.043517347942126694,0.09780039144785324,0.005354887220850757
"FlowOCT_kamiran_warm","compas_train_1.csv",1,"SP",0.04,4630,"0",6,0.0,10800,9,2852.0,0.6159827213822894,6.276297335203367,1389.0,11106.65565419197,0.6121919584954605,0.6062176165803109,0.09816455622609033,0.03924289916894652,0.0953279955049866,0.04656833824975415,0.09780039144785324,0.027156928048600704
"FlowOCT_kamiran_warm","compas_train_1.csv",1,"SP",0.05,4630,"0",6,0.0,10800,9,2865.0,0.6187904967602592,27.43455497382199,1.0,11105.284131765366,0.6134889753566797,0.6198186528497409,0.09816455622609033,0.048767290081344505,0.0953279955049866,0.051535327995504976,0.09780039144785324,0.04468252235712056
"FlowOCT_kamiran_warm","compas_train_1.csv",1,"SP",0.06,4630,"0",6,0.0,10800,9,2987.0,0.6451403887688985,7.331771007700033,19.0,11106.358814239502,0.6400778210116731,0.6437823834196891,0.09816455622609033,0.0598120121526825,0.0953279955049866,0.08007304396684922,0.09780039144785324,0.057036079252330896
"FlowOCT_kamiran_warm","compas_train_1.csv",1,"SP",0.07,4630,"0",6,0.0,10800,9,2997.0,0.6473002159827214,29.662996329662995,171.0,11004.22352552414,0.6459143968871596,0.6502590673575129,0.09816455622609033,0.06980109865832118,0.0953279955049866,0.08380952380952378,0.09780039144785324,0.06923104192671448
"FlowOCT_kamiran_warm","compas_train_1.csv",1,"SP",0.08,4630,"0",6,0.0,10800,9,3020.0,0.652267818574514,19.834437086092716,1.0,11004.126809120178,0.6426718547341116,0.6496113989637305,0.09816455622609033,0.07965438940078762,0.0953279955049866,0.09169265346256483,0.09780039144785324,0.08313695637166274
"FlowOCT_kamiran_warm","compas_train_1.csv",1,"SP",0.09,4630,"0",6,0.0,10800,9,3049.0,0.6585313174946005,16.693998032141685,1.0,11105.212105751038,0.6446173800259404,0.6541450777202072,0.09816455622609033,0.08998815628389689,0.0953279955049866,0.10054221098468874,0.09780039144785324,0.09550543978177428
"FlowOCT_kamiran_warm","compas_train_1.csv",1,"SP",0.11,4630,"0",6,0.0,10800,9,3072.0,0.6634989200863931,7.421875,27.0,10905.730391025543,0.6575875486381323,0.6645077720207254,0.09816455622609033,0.10988867239085265,0.0953279955049866,0.12493889591234719,0.09780039144785324,0.10849523937465366
"FlowOCT_kamiran_warm","compas_train_1.csv",1,"SP",0.12,4630,"0",6,0.0,10800,9,3101.0,0.6697624190064795,24.604966139954854,129.0,10904.79276418686,0.6627756160830091,0.6664507772020726,0.09816455622609033,0.11936613693860698,0.0953279955049866,0.1171288102261554,0.09780039144785324,0.11372138540448062
"FlowOCT_kamiran_warm","compas_train_1.csv",1,"SP",0.13,4630,"0",6,0.0,10800,9,3107.0,0.6710583153347732,18.34567106533634,1.0,10903.946419000626,0.6621271076523995,0.6768134715025906,0.09816455622609033,0.12539347549114865,0.0953279955049866,0.11430257058575644,0.09780039144785324,0.1261589039460107
"FlowOCT_kamiran_warm","compas_train_1.csv",1,"SP",0.14,4630,"0",6,0.0,10800,9,3110.0,0.67170626349892,20.90032154340836,1.0,10904.13936662674,0.6718547341115434,0.6768134715025906,0.09816455622609033,0.1387089352781612,0.0953279955049866,0.13279393173198484,0.09780039144785324,0.13882032021106083
"FlowOCT_kamiran_warm","compas_train_1.csv",1,"SP",0.15,4630,"0",6,0.0,10800,9,3132.0,0.6764578833693304,9.355044699872286,1.0,10905.966985225677,0.6744487678339819,0.6800518134715026,0.09816455622609033,0.14934419367216656,0.0953279955049866,0.158370557662593,0.09780039144785324,0.14503161622437533
"FlowOCT_kamiran_warm","compas_train_1.csv",1,"SP",0.16,4630,"0",6,0.0,10800,9,3159.0,0.6822894168466522,23.171889838556506,171.0,11005.491901159286,0.6763942931258107,0.6839378238341969,0.09816455622609033,0.15943377734810382,0.0953279955049866,0.15670178395842105,0.09780039144785324,0.14941254834791462
"FlowOCT_kamiran_warm","compas_train_1.csv",1,"SP",0.17,4630,"0",6,0.0,10800,2,3172.0,0.6850971922246221,0.0,2669.0,8331.451260328293,0.6783398184176395,0.6904145077720207,0.09816455622609033,0.16145700963610043,0.0953279955049866,0.15080769771035252,0.09780039144785324,0.15389796607576323
"FlowOCT_kamiran_warm","compas_train_1.csv",1,"SP",0.18,4630,"0",6,0.0,10800,2,3171.0,0.6848812095032397,0.0,4919.0,9281.03924036026,0.685473411154345,0.6878238341968912,0.09816455622609033,0.1703543314280398,0.0953279955049866,0.15338671161680006,0.09780039144785324,0.15846921126429447
"FlowOCT_kamiran_warm","compas_train_1.csv",1,"SP",0.19,4630,"0",6,0.0,10800,9,3171.0,0.6848812095032397,6.811731315042574,2344.0,10802.896240234375,0.6802853437094682,0.6884715025906736,0.09816455622609033,0.16619906413048346,0.0953279955049866,0.1574434611602753,0.09780039144785324,0.16064288499680013
"FlowOCT_kamiran_warm","compas_train_1.csv",1,"SP",0.1,4630,"0",6,0.0,10800,9,3054.0,0.6596112311015119,15.815324165029471,1.0,11006.53855729103,0.6504539559014267,0.6632124352331606,0.09816455622609033,0.09966661517224884,0.0953279955049866,0.10441354122770052,0.09780039144785324,0.10245746409706713
"FlowOCT_kamiran_warm","compas_train_1.csv",1,"SP",0.21,4630,"0",6,0.0,10800,9,3180.0,0.6868250539956804,16.28930817610063,2300.0,10802.867422819138,0.6789883268482491,0.6910621761658031,0.09816455622609033,0.1742139211005851,0.0953279955049866,0.1712094395280236,0.09780039144785324,0.1706137969508862
"FlowOCT_kamiran_warm","compas_train_1.csv",1,"SP",0.22,4630,"0",6,0.0,10800,2,3180.0,0.6868250539956804,0.0,5682.0,8515.032570123672,0.6789883268482491,0.6910621761658031,0.09816455622609033,0.1742139211005851,0.0953279955049866,0.1712094395280236,0.09780039144785324,0.1706137969508862
"FlowOCT_kamiran_warm","compas_train_1.csv",1,"SP",0.23,4630,"0",6,0.0,10800,2,3171.0,0.6848812095032397,0.0,2973.0,7729.634925127029,0.6770428015564203,0.6897668393782384,0.09816455622609033,0.1717870390211409,0.0953279955049866,0.16469728894507651,0.09780039144785324,0.16878529887547367
"FlowOCT_kamiran_warm","compas_train_1.csv",1,"SP",0.24,4630,"0",6,0.0,10800,2,3171.0,0.6848812095032397,0.0,2857.0,8270.190368652344,0.682230869001297,0.689119170984456,0.09816455622609033,0.1668111832586664,0.0953279955049866,0.15265065318162663,0.09780039144785324,0.15965960082767527
"FlowOCT_kamiran_warm","compas_train_1.csv",1,"SP",0.25,4630,"0",6,0.0,10800,2,3179.0,0.686609071274298,0.0,2945.0,9473.642141580582,0.6802853437094682,0.6910621761658031,0.09816455622609033,0.1751968830927214,0.0953279955049866,0.16936648405674948,0.09780039144785324,0.1706137969508862
"FlowOCT_kamiran_warm","compas_train_1.csv",1,"SP",0.26,4630,"0",6,0.0,10800,2,3171.0,0.6848812095032397,0.0,2649.0,7542.695960760117,0.6750972762645915,0.6930051813471503,0.09816455622609033,0.16855368791392789,0.0953279955049866,0.16371400477595166,0.09780039144785324,0.1667496954058052
"FlowOCT_kamiran_warm","compas_train_1.csv",1,"SP",0.27,4630,"0",6,0.0,10800,9,3171.0,0.6848812095032397,4.698833175654368,88.0,10905.60926914215,0.682230869001297,0.6904145077720207,0.09816455622609033,0.17751579300572906,0.0953279955049866,0.1635285854754881,0.09780039144785324,0.16752587418067422
"FlowOCT_kamiran_warm","compas_train_1.csv",1,"SP",0.28,4630,"0",6,0.0,10800,2,3171.0,0.6848812095032397,0.0,7108.0,8938.964073181152,0.682230869001297,0.6904145077720207,0.09816455622609033,0.17751579300572906,0.0953279955049866,0.1635285854754881,0.09780039144785324,0.16752587418067422
"FlowOCT_kamiran_warm","compas_train_1.csv",1,"SP",0.29,4630,"0",6,0.0,10800,2,3177.0,0.6861771058315335,0.0,3784.0,8962.822731018066,0.6835278858625162,0.6878238341968912,0.09816455622609033,0.16633236822827635,0.0953279955049866,0.16303413400758526,0.09780039144785324,0.16148809890308768
"FlowOCT_kamiran_warm","compas_train_1.csv",1,"SP",0.2,4630,"0",6,0.0,10800,9,3169.0,0.6844492440604751,17.765856737141053,1.0,10904.401288747787,0.6763942931258107,0.6897668393782384,0.09816455622609033,0.17554239402531868,0.0953279955049866,0.16488270824554008,0.09780039144785324,0.174685003890223
"FlowOCT_kamiran_warm","compas_train_1.csv",1,"SP",0.31,4630,"0",6,0.0,10800,2,3172.0,0.6850971922246221,0.0,3037.0,6485.644158363342,0.6809338521400778,0.6910621761658031,0.09816455622609033,0.17753738743901637,0.0953279955049866,0.1626071077398511,0.09780039144785324,0.16562834097384305
"FlowOCT_kamiran_warm","compas_train_1.csv",1,"SP",0.32,4630,"0",6,0.0,10800,2,3178.0,0.6863930885529158,0.0,7488.0,8484.693584442139,0.682230869001297,0.6897668393782384,0.09816455622609033,0.1670092706563212,0.0953279955049866,0.15725804185981174,0.09780039144785324,0.16247138307221265
"FlowOCT_kamiran_warm","compas_train_1.csv",1,"SP",0.33,4630,"0",6,0.0,10800,2,3171.0,0.6848812095032397,0.0,3551.0,8254.728518247604,0.6815823605706874,0.689119170984456,0.09816455622609033,0.16379377648432658,0.0953279955049866,0.15179098187947748,0.09780039144785324,0.15691685371455644
"FlowOCT_kamiran_warm","compas_train_1.csv",1,"SP",0.34,4630,"0",6,0.0,10800,2,3171.0,0.6848812095032397,0.0,3077.0,7519.172693967819,0.6770428015564203,0.6904145077720207,0.09816455622609033,0.17323095910844888,0.0953279955049866,0.1654951538137378,0.09780039144785324,0.17145901085717374
"FlowOCT_kamiran_warm","compas_train_1.csv",1,"SP",0.35,4630,"0",6,0.0,10800,9,3170.0,0.6846652267818575,0.15772870662460567,28969.0,10804.150075435638,0.6802853437094682,0.6904145077720207,0.09816455622609033,0.17526166639258345,0.0953279955049866,0.16371400477595166,0.09780039144785324,0.17159708112001104
"FlowOCT_kamiran_warm","compas_train_1.csv",1,"SP",0.36,4630,"0",6,0.0,10800,2,3177.0,0.6861771058315335,0.0,16941.0,9308.702737569809,0.6835278858625162,0.6884715025906736,0.09816455622609033,0.1677293619509408,0.0953279955049866,0.15922461019806144,0.09780039144785324,0.16155713403450633
"FlowOCT_kamiran_warm","compas_train_1.csv",1,"SP",0.37,4630,"0",6,0.0,10800,2,3171.0,0.6848812095032397,0.0,2903.0,9155.847899913788,0.6789883268482491,0.6910621761658031,0.09816455622609033,0.17528326082587076,0.0953279955049866,0.16279252704031466,0.09780039144785324,0.16969954791317987
"FlowOCT_kamiran_warm","compas_train_1.csv",1,"SP",0.38,4630,"0",6,0.0,10800,2,3172.0,0.6850971922246221,0.0,2777.0,9185.09774518013,0.6802853437094682,0.6904145077720207,0.09816455622609033,0.1755677259566749,0.0953279955049866,0.16371400477595166,0.09780039144785324,0.17159708112001104
"FlowOCT_kamiran_warm","compas_train_1.csv",1,"SP",0.39,4630,"0",6,0.0,10800,2,3171.0,0.6848812095032397,0.0,21589.0,9818.072814941406,0.682230869001297,0.6878238341968912,0.09816455622609033,0.16711724282275786,0.0953279955049866,0.15541508638853763,0.09780039144785324,0.1625404182036312
"FlowOCT_kamiran_warm","compas_train_1.csv",1,"SP",0.3,4630,"0",6,0.0,10800,2,3173.0,0.6853131749460043,0.0,2772.0,9513.092940807343,0.6757457846952011,0.6923575129533679,0.09816455622609033,0.16999387050316683,0.0953279955049866,0.1628543334738024,0.09780039144785324,0.16407598342410512
"FlowOCT_kamiran_warm","compas_train_1.csv",1,"SP",0.41,4630,"0",6,0.0,10800,2,3180.0,0.6868250539956804,0.0,21848.0,4851.931701421738,0.6789883268482491,0.6917098445595855,0.09816455622609033,0.17521847752600872,0.0953279955049866,0.16844500632111248,0.09780039144785324,0.16871626374405502
"FlowOCT_kamiran_warm","compas_train_1.csv",1,"SP",0.42,4630,"0",6,0.0,10800,9,3168.0,0.6842332613390929,17.20328282828283,1361.0,10802.806663274765,0.6835278858625162,0.6871761658031088,0.09816455622609033,0.16639715152813828,0.0953279955049866,0.15738165472678745,0.09780039144785324,0.16247138307221265
"FlowOCT_kamiran_warm","compas_train_1.csv",1,"SP",0.43,4630,"0",6,0.0,10800,2,3168.0,0.6842332613390929,0.0,6498.0,10017.489540338516,0.6835278858625162,0.6871761658031088,0.09816455622609033,0.16639715152813828,0.0953279955049866,0.15738165472678745,0.09780039144785324,0.16247138307221265
"FlowOCT_kamiran_warm","compas_train_1.csv",1,"SP",0.44,4630,"0",6,0.0,10800,2,3178.0000004948247,0.6863930885529158,0.0,2896.0,9744.764990568161,0.6783398184176395,0.6923575129533679,0.09816455622609033,0.17058439519806246,0.0953279955049866,0.16758533501896322,0.09780039144785324,0.16499023246181144
"FlowOCT_kamiran_warm","compas_train_1.csv",1,"SP",0.45,4630,"0",6,0.0,10800,2,3180.0,0.6868250539956804,0.0,46040.0,9233.347937107086,0.682230869001297,0.6910621761658031,0.09816455622609033,0.17745100970586725,0.0953279955049866,0.16918106475628591,0.09780039144785324,0.16654259001154936
"FlowOCT_kamiran_warm","compas_train_1.csv",1,"SP",0.46,4630,"0",6,0.0,10800,2,3177.0,0.6861771058315335,0.0,4056.0,10701.704940319061,0.6802853437094682,0.6910621761658031,0.09816455622609033,0.17489082352862995,0.0953279955049866,0.16936648405674948,0.09780039144785324,0.1706137969508862
"FlowOCT_kamiran_warm","compas_train_1.csv",1,"SP",0.47,4630,"0",6,0.0,10800,2,3179.0,0.686609071274298,0.0,4853.0,8581.192646026611,0.6802853437094682,0.6910621761658031,0.09816455622609033,0.1751968830927214,0.0953279955049866,0.16936648405674948,0.09780039144785324,0.1706137969508862
"FlowOCT_kamiran_warm","compas_train_1.csv",1,"SP",0.48,4630,"0",6,0.0,10800,2,3168.0,0.6842332613390929,0.0,4307.0,7528.501042366028,0.6828793774319066,0.6878238341968912,0.09816455622609033,0.1660479030974722,0.0953279955049866,0.15639837055766248,0.09780039144785324,0.16148809890308768
"FlowOCT_kamiran_warm","compas_train_1.csv",1,"SP",0.49,4630,"0",6,0.0,10800,2,3172.0,0.6850971922246221,0.0,3044.0,9968.061831474304,0.6828793774319066,0.689119170984456,0.09816455622609033,0.1703327369947525,0.0953279955049866,0.15430818935243706,0.09780039144785324,0.15846921126429447
"FlowOCT_kamiran_warm","compas_train_1.csv",1,"SP",0.4,4630,"0",6,0.0,10800,2,3180.0,0.6868250539956804,0.0,7767.0,9827.422271490097,0.682230869001297,0.6910621761658031,0.09816455622609033,0.17745100970586725,0.0953279955049866,0.16918106475628591,0.09780039144785324,0.16654259001154936
"FlowOCT_kamiran_warm","compas_train_1.csv",1,"SP",0.51,4630,"0",6,0.0,10800,2,3173.0,0.6853131749460043,0.0,36211.0,8936.163368225098,0.6770428015564203,0.6910621761658031,0.09816455622609033,0.17454157509796386,0.0953279955049866,0.1627307206068268,0.09780039144785324,0.16956147765034257
"FlowOCT_kamiran_warm","compas_train_1.csv",1,"SP",0.52,4630,"0",6,0.0,10800,2,3173.0,0.6853131749460043,0.0,8737.0,7115.537779569626,0.6770428015564203,0.6910621761658031,0.09816455622609033,0.17454157509796386,0.0953279955049866,0.1627307206068268,0.09780039144785324,0.16956147765034257
"FlowOCT_kamiran_warm","compas_train_1.csv",1,"SP",0.53,4630,"0",6,0.0,10800,2,3173.0,0.6853131749460043,0.0,11791.0,8204.634259223938,0.6770428015564203,0.6910621761658031,0.09816455622609033,0.17454157509796386,0.0953279955049866,0.1627307206068268,0.09780039144785324,0.16956147765034257
"FlowOCT_kamiran_warm","compas_train_1.csv",1,"SP",0.54,4630,"0",6,0.0,10800,2,3172.0,0.6850971922246221,0.0,12052.0,7743.556574583054,0.6809338521400778,0.6884715025906736,0.09816455622609033,0.16713883725604506,0.0953279955049866,0.15449360865290063,0.09780039144785324,0.16064288499680013
"FlowOCT_kamiran_warm","compas_train_1.csv",1,"SP",0.55,4630,"0",6,0.0,10800,2,3170.0,0.6846652267818575,0.0,5109.0,9180.133283376694,0.6802853437094682,0.6904145077720207,0.09816455622609033,0.17526166639258345,0.0953279955049866,0.16371400477595166,0.09780039144785324,0.17159708112001104
"FlowOCT_kamiran_warm","compas_train_1.csv",1,"SP",0.5,4630,"0",6,0.0,10800,2,3170.0,0.6846652267818575,0.0,4342.0,5481.726350307465,0.6802853437094682,0.6904145077720207,0.09816455622609033,0.17526166639258345,0.0953279955049866,0.16371400477595166,0.09780039144785324,0.17159708112001104
"FlowOCT_kamiran_warm","compas_train_2.csv",2,"None",1.0,4630,"0",6,0.0,10800,2,3183.0,0.6874730021598272,0.0,1.0,371.634192943573,0.669260700389105,0.6904145077720207,0.09816455622609033,0.16335815032051115,0.0953279955049866,0.15449360865290063,0.09780039144785324,0.15572646415117575
"FlowOCT_kamiran_warm","compas_train_2.csv",2,"SP",0.01,4630,"0",6,0.0,10800,9,2848.0,0.6151187904967602,17.099719101123593,1.0,11004.399281978607,0.5849546044098574,0.6081606217616581,0.09816455622609033,0.009960847631339864,0.0953279955049866,0.03817390082876804,0.09780039144785324,0.012392738996826247
"FlowOCT_kamiran_warm","compas_train_2.csv",2,"SP",0.02,4630,"0",6,0.0,10800,2,2885.0,0.6231101511879049,0.0,6049.0,10951.82513308525,0.6011673151750972,0.6062176165803109,0.09816455622609033,0.019964053574127893,0.0953279955049866,0.052541087231352646,0.09780039144785324,0.02127588117747814
"FlowOCT_kamiran_warm","compas_train_2.csv",2,"SP",0.03,4630,"0",6,0.0,10800,9,2644.0,0.5710583153347732,64.10741301059002,1.0,11004.454663276672,0.5609597924773022,0.5718911917098446,0.09816455622609033,0.023990169549523377,0.0953279955049866,-0.0020171372383761543,0.09780039144785324,0.03558854315348747
"FlowOCT_kamiran_warm","compas_train_2.csv",2,"SP",0.04,4630,"0",6,0.0,10800,9,2546.0,0.5498920086393089,73.0164964650432,0.0,11104.412888526917,0.5473411154345007,0.5511658031088082,0.09816455622609033,0.0010656022272166332,0.0953279955049866,-0.0034386852085968034,0.09780039144785324,0.006175845540423719
"FlowOCT_kamiran_warm","compas_train_2.csv",2,"SP",0.05,4630,"0",6,0.0,10800,9,2899.0,0.626133909287257,22.14556743704726,1.0,11104.624040842056,0.5972762645914397,0.6101036269430051,0.09816455622609033,0.04969668126782567,0.0953279955049866,0.09552465233881158,0.09780039144785324,0.05791301200278376
"FlowOCT_kamiran_warm","compas_train_2.csv",2,"SP",0.06,4630,"0",6,0.0,10800,9,2709.0,0.585097192224622,53.78368401624215,1.0,11004.451147317886,0.5830090791180286,0.5893782383419689,0.09816455622609033,0.040976682995380376,0.0953279955049866,-0.00034274476752360616,0.09780039144785324,0.04628525689465057
"FlowOCT_kamiran_warm","compas_train_2.csv",2,"SP",0.07,4630,"0",6,0.0,10800,9,2973.0,0.6421166306695464,26.168853010427178,147.0,11105.066992044449,0.6232166018158236,0.6340673575129534,0.09816455622609033,0.06985010141078085,0.0953279955049866,0.09642365500772576,0.09780039144785324,0.06635209036512124
"FlowOCT_kamiran_warm","compas_train_2.csv",2,"SP",0.08,4630,"0",6,0.0,10800,9,2879.0,0.6218142548596113,36.64466828759986,61.0,11004.69619345665,0.6057068741893644,0.6172279792746114,0.09816455622609033,0.07945464089288001,0.0953279955049866,0.062098609355246526,0.09780039144785324,0.07927472064094448
"FlowOCT_kamiran_warm","compas_train_2.csv",2,"SP",0.09,4630,"0",6,0.0,10800,9,3060.0,0.6609071274298056,9.77124183006536,1.0,11003.945498943329,0.6335927367055771,0.6463730569948186,0.09816455622609033,0.08931499135392107,0.0953279955049866,0.09458069953645176,0.09780039144785324,0.0960054780309687
"FlowOCT_kamiran_warm","compas_train_2.csv",2,"SP",0.11,4630,"0",6,0.0,10800,9,3074.0,0.6639308855291577,21.893298633702017,171.0,10905.6976044178,0.6498054474708171,0.6619170984455959,0.09816455622609033,0.10988867239085265,0.0953279955049866,0.1205787329681135,0.09780039144785324,0.11882811931509685
"FlowOCT_kamiran_warm","compas_train_2.csv",2,"SP",0.12,4630,"0",6,0.0,10800,9,3106.0,0.6708423326133909,17.224726336123634,1.0,10904.474127292633,0.64526588845655,0.6664507772020726,0.09816455622609033,0.11912859817244648,0.0953279955049866,0.11681977805871602,0.09780039144785324,0.12757319123291144
"FlowOCT_kamiran_warm","compas_train_2.csv",2,"SP",0.13,4630,"0",6,0.0,10800,9,3124.0,0.6747300215982721,8.290653008962868,64.0,10905.884005308151,0.6569390402075227,0.6729274611398963,0.09816455622609033,0.1295366997393717,0.0953279955049866,0.15481387835370136,0.09780039144785324,0.12617756208963743
"FlowOCT_kamiran_warm","compas_train_2.csv",2,"SP",0.14,4630,"0",6,0.0,10800,9,3131.0,0.6762419006479482,4.471414883423827,190.0,10906.28047823906,0.6575875486381323,0.6709844559585493,0.09816455622609033,0.13939538909016003,0.0953279955049866,0.15296530411574655,0.09780039144785324,0.14220304165057396
"FlowOCT_kamiran_warm","compas_train_2.csv",2,"SP",0.15,4630,"0",6,0.0,10800,9,3162.0,0.6829373650107992,7.3371283997469945,110.0,11005.643392324448,0.6744487678339819,0.6826424870466321,0.09816455622609033,0.1489986827395694,0.0953279955049866,0.16942829049023733,0.09780039144785324,0.15888342205280626
"FlowOCT_kamiran_warm","compas_train_2.csv",2,"SP",0.16,4630,"0",6,0.0,10800,9,3176.0,0.6859611231101512,9.036523929471032,1.0,10905.547084093094,0.6744487678339819,0.6845854922279793,0.09816455622609033,0.15996990068221795,0.0953279955049866,0.1469981739008287,0.09780039144785324,0.16064288499680013
"FlowOCT_kamiran_warm","compas_train_2.csv",2,"SP",0.17,4630,"0",6,0.0,10800,2,3186.0,0.6881209503239741,0.0,38700.0,10065.525819778442,0.6653696498054474,0.6904145077720207,0.09816455622609033,0.163073685189707,0.0953279955049866,0.15713442899283603,0.09780039144785324,0.15179332747467622
"FlowOCT_kamiran_warm","compas_train_2.csv",2,"SP",0.18,4630,"0",6,0.0,10800,2,3179.0,0.686609071274298,0.0,24741.0,9154.523383617401,0.6738002594033723,0.6884715025906736,0.09816455622609033,0.17052708689433838,0.0953279955049866,0.15707262255934828,0.09780039144785324,0.17175194371211222
"FlowOCT_kamiran_warm","compas_train_2.csv",2,"SP",0.19,4630,"0",6,0.0,10800,2,3183.0,0.6874730021598272,0.0,24747.0,8638.106892824173,0.6750972762645915,0.6884715025906736,0.09816455622609033,0.17546722878637622,0.0953279955049866,0.14723978086809952,0.09780039144785324,0.17737550820118708
"FlowOCT_kamiran_warm","compas_train_2.csv",2,"SP",0.1,4630,"0",6,0.0,10800,9,3093.0,0.6680345572354212,18.040737148399614,1.0,10904.994083166122,0.6446173800259404,0.6664507772020726,0.09816455622609033,0.09962051936273164,0.0953279955049866,0.12216322517207467,0.09780039144785324,0.11774034954166268
"FlowOCT_kamiran_warm","compas_train_2.csv",2,"SP",0.21,4630,"0",6,0.0,10800,2,3184.0,0.6876889848812096,0.0,4919.0,6122.30562543869,0.6744487678339819,0.6884715025906736,0.09816455622609033,0.17439415156302163,0.0953279955049866,0.1550442477876106,0.09780039144785324,0.17371851205036204
"FlowOCT_kamiran_warm","compas_train_2.csv",2,"SP",0.22,4630,"0",6,0.0,10800,2,3187.0,0.6883369330453564,0.0,22277.0,10556.00515127182,0.669260700389105,0.6897668393782384,0.09816455622609033,0.1638369653509012,0.0953279955049866,0.15344851805028792,0.09780039144785324,0.1568478185831379
"FlowOCT_kamiran_warm","compas_train_2.csv",2,"SP",0.23,4630,"0",6,0.0,10800,2,3186.0,0.6881209503239741,0.0,17899.0,10563.110211610794,0.6718547341115434,0.6832901554404145,0.09816455622609033,0.1701167926618793,0.0953279955049866,0.15559488692232049,0.09780039144785324,0.17225198196130675
"FlowOCT_kamiran_warm","compas_train_2.csv",2,"SP",0.24,4630,"0",6,0.0,10800,2,3183.0,0.6874730021598272,0.0,16979.0,8210.140578269958,0.6738002594033723,0.6878238341968912,0.09816455622609033,0.17507105399106648,0.0953279955049866,0.15313948588284876,0.09780039144785324,0.1747017962194869
"FlowOCT_kamiran_warm","compas_train_2.csv",2,"SP",0.25,4630,"0",6,0.0,10800,2,3192.0,0.6894168466522678,0.0,4459.0,8145.088002681732,0.669260700389105,0.6923575129533679,0.09816455622609033,0.1604242143363781,0.0953279955049866,0.15983143699957847,0.09780039144785324,0.1610906804438399
"FlowOCT_kamiran_warm","compas_train_2.csv",2,"SP",0.26,4630,"0",6,0.0,10800,2,3187.0,0.6883369330453564,0.0,6832.0,8872.598139047623,0.669260700389105,0.6897668393782384,0.09816455622609033,0.1638369653509012,0.0953279955049866,0.15344851805028792,0.09780039144785324,0.1568478185831379
"FlowOCT_kamiran_warm","compas_train_2.csv",2,"SP",0.27,4630,"0",6,0.0,10800,2,3187.0,0.6883369330453564,0.0,22316.0,8503.824850082397,0.669260700389105,0.6897668393782384,0.09816455622609033,0.1638369653509012,0.0953279955049866,0.15344851805028792,0.09780039144785324,0.1568478185831379
"FlowOCT_kamiran_warm","compas_train_2.csv",2,"SP",0.28,4630,"0",6,0.0,10800,9,3187.0,0.6883369330453564,0.31377470975839344,13065.0,10803.467757225037,0.6666666666666666,0.6904145077720207,0.09816455622609033,0.1617414747669047,0.0953279955049866,0.16094395280235985,0.09780039144785324,0.1498267591364265
"FlowOCT_kamiran_warm","compas_train_2.csv",2,"SP",0.29,4630,"0",6,0.0,10800,9,3186.0,0.6881209503239741,10.043942247332078,291.0,10802.790007829666,0.6738002594033723,0.6904145077720207,0.09816455622609033,0.1707683631585678,0.0953279955049866,0.160882146368872,0.09780039144785324,0.16880209120473766
"FlowOCT_kamiran_warm","compas_train_2.csv",2,"SP",0.2,4630,"0",6,0.0,10800,9,3188.0,0.6885529157667387,9.943463583677383,1.0,10904.214730501175,0.6750972762645915,0.6910621761658031,0.09816455622609033,0.17531606775336495,0.0953279955049866,0.15381373788453434,0.09780039144785324,0.17147580318643785
"FlowOCT_kamiran_warm","compas_train_2.csv",2,"SP",0.31,4630,"0",6,0.0,10800,2,3189.0,0.688768898488121,0.0,3319.0,5577.626311779022,0.6731517509727627,0.6910621761658031,0.09816455622609033,0.16766167170813628,0.0953279955049866,0.1670796460176991,0.09780039144785324,0.17690905461052053
"FlowOCT_kamiran_warm","compas_train_2.csv",2,"SP",0.32,4630,"0",6,0.0,10800,9,3187.0,0.6883369330453564,0.21964229683087544,43721.0,10806.12579536438,0.669260700389105,0.6897668393782384,0.09816455622609033,0.1638369653509012,0.0953279955049866,0.15344851805028792,0.09780039144785324,0.1568478185831379
"FlowOCT_kamiran_warm","compas_train_2.csv",2,"SP",0.33,4630,"0",6,0.0,10800,2,3179.0,0.686609071274298,0.0,3636.0,5304.976819515228,0.6738002594033723,0.6884715025906736,0.09816455622609033,0.17052708689433838,0.0953279955049866,0.15707262255934828,0.09780039144785324,0.17175194371211222
"FlowOCT_kamiran_warm","compas_train_2.csv",2,"SP",0.34,4630,"0",6,0.0,10800,2,3186.0,0.6881209503239741,0.0,16644.0,9590.739433050156,0.6686121919584954,0.6904145077720207,0.09816455622609033,0.16342293362037308,0.0953279955049866,0.15338671161680006,0.09780039144785324,0.15769303248942546
"FlowOCT_kamiran_warm","compas_train_2.csv",2,"SP",0.35,4630,"0",6,0.0,10800,9,3186.0,0.6881209503239741,7.595731324544884,171.0,10802.414757728577,0.6686121919584954,0.6904145077720207,0.09816455622609033,0.16342293362037308,0.0953279955049866,0.15338671161680006,0.09780039144785324,0.15769303248942546
"FlowOCT_kamiran_warm","compas_train_2.csv",2,"SP",0.36,4630,"0",6,0.0,10800,2,3186.0,0.6881209503239741,0.0,15213.0,7469.913828134537,0.6738002594033723,0.6904145077720207,0.09816455622609033,0.1707683631585678,0.0953279955049866,0.160882146368872,0.09780039144785324,0.16880209120473766
"FlowOCT_kamiran_warm","compas_train_2.csv",2,"SP",0.37,4630,"0",6,0.0,10800,2,3192.0,0.6894168466522678,0.0,2842.0,6935.108691692352,0.669260700389105,0.6923575129533679,0.09816455622609033,0.1604242143363781,0.0953279955049866,0.15983143699957847,0.09780039144785324,0.1610906804438399
"FlowOCT_kamiran_warm","compas_train_2.csv",2,"SP",0.38,4630,"0",6,0.0,10800,9,3180.0,0.6868250539956804,0.7547169811320755,7272.0,10803.990278244019,0.6744487678339819,0.6878238341968912,0.09816455622609033,0.17094111862486638,0.0953279955049866,0.15713442899283603,0.09780039144785324,0.17090672980582466
"FlowOCT_kamiran_warm","compas_train_2.csv",2,"SP",0.39,4630,"0",6,0.0,10800,9,3190.0,0.6889848812095032,8.338557993730406,1.0,10905.852993488312,0.669260700389105,0.6923575129533679,0.09816455622609033,0.1635994265847407,0.0953279955049866,0.15830313246242445,0.09780039144785324,0.15277661164380107
"FlowOCT_kamiran_warm","compas_train_2.csv",2,"SP",0.3,4630,"0",6,0.0,10800,2,3179.0,0.686609071274298,0.0,3515.0,9572.269624233246,0.6738002594033723,0.6884715025906736,0.09816455622609033,0.17052708689433838,0.0953279955049866,0.15707262255934828,0.09780039144785324,0.17175194371211222
"FlowOCT_kamiran_warm","compas_train_2.csv",2,"SP",0.41,4630,"0",6,0.0,10800,2,3186.0,0.6881209503239741,0.0,19107.0,6724.7753274440765,0.6738002594033723,0.6904145077720207,0.09816455622609033,0.1707683631585678,0.0953279955049866,0.160882146368872,0.09780039144785324,0.16880209120473766
"FlowOCT_kamiran_warm","compas_train_2.csv",2,"SP",0.42,4630,"0",6,0.0,10800,2,3186.0,0.6881209503239741,0.0,16561.0,7685.661757707596,0.6738002594033723,0.6904145077720207,0.09816455622609033,0.1707683631585678,0.0953279955049866,0.160882146368872,0.09780039144785324,0.16880209120473766
"FlowOCT_kamiran_warm","compas_train_2.csv",2,"SP",0.43,4630,"0",6,0.0,10800,2,3193.0,0.6896328293736501,0.0,3595.0,5681.162893533707,0.6679636835278858,0.6936528497409327,0.09816455622609033,0.1611480431290665,0.0953279955049866,0.1625958702064897,0.09780039144785324,0.16186685921870891
"FlowOCT_kamiran_warm","compas_train_2.csv",2,"SP",0.44,4630,"0",6,0.0,10800,2,3195.0,0.6900647948164147,0.0,2731.0,9855.342429161072,0.669260700389105,0.6917098445595855,0.09816455622609033,0.1602298644367922,0.0953279955049866,0.1636409608091023,0.09780039144785324,0.16285014338783377
"FlowOCT_kamiran_warm","compas_train_2.csv",2,"SP",0.45,4630,"0",6,0.0,10800,9,3187.0,0.6883369330453564,0.15688735487919672,36459.0,10805.574837207794,0.669260700389105,0.6897668393782384,0.09816455622609033,0.1638369653509012,0.0953279955049866,0.15344851805028792,0.09780039144785324,0.1568478185831379
"FlowOCT_kamiran_warm","compas_train_2.csv",2,"SP",0.46,4630,"0",6,0.0,10800,2,3187.0,0.6883369330453564,0.0,7826.0,10614.90717792511,0.669260700389105,0.6897668393782384,0.09816455622609033,0.1638369653509012,0.0953279955049866,0.15344851805028792,0.09780039144785324,0.1568478185831379
"FlowOCT_kamiran_warm","compas_train_2.csv",2,"SP",0.47,4630,"0",6,0.0,10800,2,3187.0,0.6883369330453564,0.0,19054.0,8135.206033945084,0.669260700389105,0.6897668393782384,0.09816455622609033,0.1638369653509012,0.0953279955049866,0.15344851805028792,0.09780039144785324,0.1568478185831379
"FlowOCT_kamiran_warm","compas_train_2.csv",2,"SP",0.48,4630,"0",6,0.0,10800,2,3187.0,0.6883369330453564,0.0,7481.0,8036.897230148315,0.6744487678339819,0.6897668393782384,0.09816455622609033,0.17118239488909592,0.0953279955049866,0.16094395280235985,0.09780039144785324,0.16795687729845
"FlowOCT_kamiran_warm","compas_train_2.csv",2,"SP",0.49,4630,"0",6,0.0,10800,2,3187.0,0.6883369330453564,0.0,5991.0,9262.006177425385,0.6744487678339819,0.6897668393782384,0.09816455622609033,0.17118239488909592,0.0953279955049866,0.16094395280235985,0.09780039144785324,0.16795687729845
"FlowOCT_kamiran_warm","compas_train_2.csv",2,"SP",0.4,4630,"0",6,0.0,10800,2,3186.0,0.6881209503239741,0.0,9179.0,9724.060030460358,0.6738002594033723,0.6904145077720207,0.09816455622609033,0.1707683631585678,0.0953279955049866,0.160882146368872,0.09780039144785324,0.16880209120473766
"FlowOCT_kamiran_warm","compas_train_2.csv",2,"SP",0.51,4630,"0",6,0.0,10800,2,3187.0,0.6883369330453564,0.0,7600.0,7191.112950325012,0.6744487678339819,0.6897668393782384,0.09816455622609033,0.17118239488909592,0.0953279955049866,0.16094395280235985,0.09780039144785324,0.16795687729845
"FlowOCT_kamiran_warm","compas_train_2.csv",2,"SP",0.52,4630,"0",6,0.0,10800,2,3186.0,0.6881209503239741,0.0,7249.0,7592.9006497859955,0.6738002594033723,0.6904145077720207,0.09816455622609033,0.1707683631585678,0.0953279955049866,0.160882146368872,0.09780039144785324,0.16880209120473766
"FlowOCT_kamiran_warm","compas_train_2.csv",2,"SP",0.53,4630,"0",6,0.0,10800,2,3182.0,0.687257019438445,0.0,8972.0,7030.661276340485,0.6750972762645915,0.6865284974093264,0.09816455622609033,0.17067824792734965,0.0953279955049866,0.15627475769068688,0.09780039144785324,0.17287329814407437
"FlowOCT_kamiran_warm","compas_train_2.csv",2,"SP",0.54,4630,"0",6,0.0,10800,2,3179.0,0.686609071274298,0.0,80458.0,9571.682699203491,0.6744487678339819,0.6871761658031088,0.09816455622609033,0.1709627130581537,0.0953279955049866,0.15713442899283603,0.09780039144785324,0.17189001397494952
"FlowOCT_kamiran_warm","compas_train_2.csv",2,"SP",0.55,4630,"0",6,0.0,10800,2,3180.0,0.6868250539956804,0.0,12879.0,9374.794392585754,0.6744487678339819,0.6878238341968912,0.09816455622609033,0.17094111862486638,0.0953279955049866,0.15713442899283603,0.09780039144785324,0.17090672980582466
"FlowOCT_kamiran_warm","compas_train_2.csv",2,"SP",0.5,4630,"0",6,0.0,10800,2,3187.0,0.6883369330453564,0.0,6563.0,8267.355161428452,0.6744487678339819,0.6897668393782384,0.09816455622609033,0.17118239488909592,0.0953279955049866,0.16094395280235985,0.09780039144785324,0.16795687729845
"FlowOCT_kamiran_warm","compas_train_3.csv",3,"None",1.0,4630,"0",6,0.0,10800,2,3147.0,0.6796976241900647,0.0,1.0,397.81681752204895,0.6757457846952011,0.6761658031088082,0.09816455622609033,0.16673601801972404,0.0953279955049866,0.18668914173338946,0.09780039144785324,0.16600710128946428
"FlowOCT_kamiran_warm","compas_train_3.csv",3,"SP",0.01,4630,"0",6,0.0,10800,2,2732.0,0.5900647948164147,0.0,2984.0,11040.600933551788,0.5946822308690013,0.6042746113989638,0.09816455622609033,0.009851629632213532,0.0953279955049866,0.006309874982441399,0.09780039144785324,0.0031606895303557536
"FlowOCT_kamiran_warm","compas_train_3.csv",3,"SP",0.02,4630,"0",6,0.0,10800,9,2889.0,0.6239740820734341,9.241952232606438,90.0,11004.425606250763,0.6070038910505836,0.6463730569948186,0.09816455622609033,0.019905914715277362,0.0953279955049866,0.03872453996347791,0.09780039144785324,0.03495603208454379
"FlowOCT_kamiran_warm","compas_train_3.csv",3,"SP",0.03,4630,"0",6,0.0,10800,9,2836.0,0.6125269978401728,28.667136812411847,1.0,11206.749187707901,0.6219195849546044,0.6237046632124352,0.09816455622609033,0.02998594700726065,0.0953279955049866,0.06911644893945779,0.09780039144785324,0.027587931166376478
"FlowOCT_kamiran_warm","compas_train_3.csv",3,"SP",0.04,4630,"0",6,0.0,10800,9,2892.0,0.624622030237581,12.72475795297372,1.0,11104.364356040955,0.6095979247730221,0.6418393782383419,0.09816455622609033,0.03989073216756611,0.0953279955049866,0.0482314931872454,0.09780039144785324,0.020688149653238397
"FlowOCT_kamiran_warm","compas_train_3.csv",3,"SP",0.05,4630,"0",6,0.0,10800,9,2949.0,0.6369330453563715,27.568667344862664,1.0,11105.652921676636,0.6348897535667963,0.655440414507772,0.09816455622609033,0.04942467446391807,0.0953279955049866,0.05555274617221517,0.09780039144785324,0.028813771202647942
"FlowOCT_kamiran_warm","compas_train_3.csv",3,"SP",0.06,4630,"0",6,0.0,10800,9,2992.0000006945183,0.64622030237581,27.406417082725238,171.0,11003.52524471283,0.6433203631647212,0.658678756476684,0.09816455622609033,0.05872938354537405,0.0953279955049866,0.08079786486866125,0.09780039144785324,0.03481609600734381
"FlowOCT_kamiran_warm","compas_train_3.csv",3,"SP",0.07,4630,"0",6,0.0,10800,9,3000.0,0.6479481641468683,27.23333333333333,110.0,11107.217892408371,0.6413748378728924,0.663860103626943,0.09816455622609033,0.06994686108301063,0.0953279955049866,0.08088214636887203,0.09780039144785324,0.07709918109407621
"FlowOCT_kamiran_warm","compas_train_3.csv",3,"SP",0.08,4630,"0",6,0.0,10800,9,3014.0,0.6509719222462202,11.280690112806901,1.0,11105.088195800781,0.6439688715953308,0.6496113989637305,0.09816455622609033,0.07956801166763838,0.0953279955049866,0.08892822025565383,0.09780039144785324,0.08125621549409556
"FlowOCT_kamiran_warm","compas_train_3.csv",3,"SP",0.09,4630,"0",6,0.0,10800,9,3085.0,0.6663066954643628,9.367909238249595,1.0,11005.061051130295,0.6413748378728924,0.6709844559585493,0.09816455622609033,0.08983408830794326,0.0953279955049866,0.12105632813597411,0.09780039144785324,0.08556811248621632
"FlowOCT_kamiran_warm","compas_train_3.csv",3,"SP",0.11,4630,"0",6,0.0,10800,9,3068.0,0.6626349892008639,15.90612777053455,1.0,11005.919761180878,0.6530479896238651,0.6625647668393783,0.09816455622609033,0.10924083939223295,0.0953279955049866,0.11399915718499787,0.09780039144785324,0.12172572902031686
"FlowOCT_kamiran_warm","compas_train_3.csv",3,"SP",0.12,4630,"0",6,0.0,10800,9,3099.0,0.6693304535637149,22.684737011939333,1.0,10904.259972572327,0.6712062256809338,0.6735751295336787,0.09816455622609033,0.11980550060049133,0.0953279955049866,0.14281219272369705,0.09780039144785324,0.13024690321461152
"FlowOCT_kamiran_warm","compas_train_3.csv",3,"SP",0.13,4630,"0",6,0.0,10800,9,3136.0,0.6773218142548596,9.215561224489797,1.0,10903.9109582901,0.6666666666666666,0.6742227979274611,0.09816455622609033,0.12950472336700403,0.0953279955049866,0.15007725804185984,0.09780039144785324,0.12648728727383995
"FlowOCT_kamiran_warm","compas_train_3.csv",3,"SP",0.14,4630,"0",6,0.0,10800,9,3114.0,0.6725701943844492,8.670520231213873,46.0,10905.705737113953,0.6712062256809338,0.6735751295336787,0.09816455622609033,0.1388854282425287,0.0953279955049866,0.14440792246101974,0.09780039144785324,0.1384751445539677
"FlowOCT_kamiran_warm","compas_train_3.csv",3,"SP",0.15,4630,"0",6,0.0,10800,9,3167.0,0.6840172786177106,8.051784022734449,1.0,10906.237528085709,0.6809338521400778,0.6897668393782384,0.09816455622609033,0.14755559320738787,0.0953279955049866,0.16462986374490796,0.09780039144785324,0.13776800091051744
"FlowOCT_kamiran_warm","compas_train_3.csv",3,"SP",0.16,4630,"0",6,0.0,10800,9,3175.0,0.6857451403887689,5.73228346456693,251.0,11007.008667230606,0.6848249027237354,0.6832901554404145,0.09816455622609033,0.1596459841829082,0.0953279955049866,0.1808568619188088,0.09780039144785324,0.16402374062195046
"FlowOCT_kamiran_warm","compas_train_3.csv",3,"SP",0.17,4630,"0",6,0.0,10800,2,3157.0,0.6818574514038876,0.0,4692.0,8461.084723234177,0.6718547341115434,0.6755181347150259,0.09816455622609033,0.16467997880423313,0.0953279955049866,0.1735412277005196,0.09780039144785324,0.16909502405967625
"FlowOCT_kamiran_warm","compas_train_3.csv",3,"SP",0.18,4630,"0",6,0.0,10800,2,3166.0,0.6838012958963283,0.0,3943.0,7826.036524057388,0.6744487678339819,0.6781088082901554,0.09816455622609033,0.16243332718722536,0.0953279955049866,0.1723725242309313,0.09780039144785324,0.1591241121055902
"FlowOCT_kamiran_warm","compas_train_3.csv",3,"SP",0.19,4630,"0",6,0.0,10800,2,3146.0,0.6794816414686825,0.0,8821.0,7401.411571025848,0.6750972762645915,0.6735751295336787,0.09816455622609033,0.16474102460602613,0.0953279955049866,0.1730523949992977,0.09780039144785324,0.17049251901731288
"FlowOCT_kamiran_warm","compas_train_3.csv",3,"SP",0.1,4630,"0",6,0.0,10800,9,3073.0,0.6637149028077753,14.54604620891637,1.0,11005.636439323425,0.6459143968871596,0.6651554404145078,0.09816455622609033,0.09966370822930626,0.0953279955049866,0.12308470290771178,0.09780039144785324,0.09350342097063391
"FlowOCT_kamiran_warm","compas_train_3.csv",3,"SP",0.21,4630,"0",6,0.0,10800,9,3154.0,0.6812095032397408,4.692454026632848,2417.0,10802.687739133835,0.6744487678339819,0.680699481865285,0.09816455622609033,0.16277883811982252,0.0953279955049866,0.18128388818654295,0.09780039144785324,0.1615048912323518
"FlowOCT_kamiran_warm","compas_train_3.csv",3,"SP",0.22,4630,"0",6,0.0,10800,2,3179.0,0.686609071274298,0.0,3416.0,8407.298476696014,0.6757457846952011,0.6852331606217616,0.09816455622609033,0.16319660734841945,0.0953279955049866,0.18103666245259165,0.09780039144785324,0.16115971557525854
"FlowOCT_kamiran_warm","compas_train_3.csv",3,"SP",0.23,4630,"0",6,0.0,10800,2,3152.0,0.6807775377969763,0.0,3003.0,7831.187191963196,0.6725032425421531,0.6761658031088082,0.09816455622609033,0.16802503957595183,0.0953279955049866,0.1809748560191038,0.09780039144785324,0.17085448700367
"FlowOCT_kamiran_warm","compas_train_3.csv",3,"SP",0.24,4630,"0",6,0.0,10800,2,3152.0,0.6807775377969763,0.0,7509.0,7979.701077461243,0.6750972762645915,0.6761658031088082,0.09816455622609033,0.16841747687319242,0.0953279955049866,0.1791319005478298,0.09780039144785324,0.1719068063042135
"FlowOCT_kamiran_warm","compas_train_3.csv",3,"SP",0.25,4630,"0",6,0.0,10800,2,3162.0,0.6829373650107992,0.0,7657.0,10336.845028877258,0.6770428015564203,0.6768134715025906,0.09816455622609033,0.16421528321099244,0.0953279955049866,0.17520438263801086,0.09780039144785324,0.17358044178752474
"FlowOCT_kamiran_warm","compas_train_3.csv",3,"SP",0.26,4630,"0",6,0.0,10800,2,3162.0,0.6829373650107992,0.0,4663.0,7797.184126138687,0.6770428015564203,0.6768134715025906,0.09816455622609033,0.16421528321099244,0.0953279955049866,0.17520438263801086,0.09780039144785324,0.17358044178752474
"FlowOCT_kamiran_warm","compas_train_3.csv",3,"SP",0.27,4630,"0",6,0.0,10800,2,3156.0,0.6816414686825054,0.0,5090.0,9943.973950147629,0.669260700389105,0.6800518134715026,0.09816455622609033,0.1570970104998779,0.0953279955049866,0.17655288664138225,0.09780039144785324,0.15187915493535886
"FlowOCT_kamiran_warm","compas_train_3.csv",3,"SP",0.28,4630,"0",6,0.0,10800,2,3154.0,0.6812095032397408,0.0,15793.0,7765.725853204727,0.6744487678339819,0.6735751295336787,0.09816455622609033,0.16599723923475962,0.0953279955049866,0.17373226576766398,0.09780039144785324,0.17630639657137948
"FlowOCT_kamiran_warm","compas_train_3.csv",3,"SP",0.29,4630,"0",6,0.0,10800,2,3157.0,0.6818574514038876,0.0,6650.0,8017.132171869278,0.6744487678339819,0.6768134715025906,0.09816455622609033,0.16564882135922,0.0953279955049866,0.1805422109846888,0.09780039144785324,0.1606764696553281
"FlowOCT_kamiran_warm","compas_train_3.csv",3,"SP",0.2,4630,"0",6,0.0,10800,2,3151.0,0.6805615550755939,0.0,9219.0,7496.04367518425,0.6731517509727627,0.6748704663212435,0.09816455622609033,0.1664224834594945,0.0953279955049866,0.16930467762326162,0.09780039144785324,0.1744256556938124
"FlowOCT_kamiran_warm","compas_train_3.csv",3,"SP",0.31,4630,"0",6,0.0,10800,2,3162.0,0.6829373650107992,0.0,7108.0,9838.65476512909,0.6763942931258107,0.6794041450777202,0.09816455622609033,0.17063879655884395,0.0953279955049866,0.18380671442618335,0.09780039144785324,0.17646125916348077
"FlowOCT_kamiran_warm","compas_train_3.csv",3,"SP",0.32,4630,"0",6,0.0,10800,2,3155.0,0.6814254859611231,0.0,23003.0,8982.536064624786,0.6718547341115434,0.6768134715025906,0.09816455622609033,0.16327551008543084,0.0953279955049866,0.17127124596151133,0.09780039144785324,0.168733056073319
"FlowOCT_kamiran_warm","compas_train_3.csv",3,"SP",0.33,4630,"0",6,0.0,10800,2,3152.0000010266667,0.6807775377969763,0.0,4663.0,7543.904172897339,0.6763942931258107,0.6794041450777202,0.09816455622609033,0.1645757441358655,0.0953279955049866,0.17403006040174174,0.09780039144785324,0.16474767659466483
"FlowOCT_kamiran_warm","compas_train_3.csv",3,"SP",0.34,4630,"0",6,0.0,10800,2,3151.0,0.6805615550755939,0.0,9131.0,5994.105580329895,0.6757457846952011,0.6787564766839378,0.09816455622609033,0.1653390242970596,0.0953279955049866,0.16739429695181907,0.09780039144785324,0.16390246268837727
"FlowOCT_kamiran_warm","compas_train_3.csv",3,"SP",0.35,4630,"0",6,0.0,10800,2,3149.0,0.6801295896328293,0.0,3791.0,8815.856592178345,0.6770428015564203,0.6735751295336787,0.09816455622609033,0.17132317398302677,0.0953279955049866,0.1714510464952942,0.09780039144785324,0.1719068063042135
"FlowOCT_kamiran_warm","compas_train_3.csv",3,"SP",0.36,4630,"0",6,0.0,10800,2,3144.0,0.6790496760259179,0.0,8286.0,8277.418470144272,0.6731517509727627,0.6755181347150259,0.09816455622609033,0.16680080131958586,0.0953279955049866,0.1714510464952942,0.09780039144785324,0.16699038545858913
"FlowOCT_kamiran_warm","compas_train_3.csv",3,"SP",0.37,4630,"0",6,0.0,10800,2,3149.0,0.6801295896328293,0.0,6050.0,8683.93369436264,0.6770428015564203,0.6735751295336787,0.09816455622609033,0.17132317398302677,0.0953279955049866,0.1714510464952942,0.09780039144785324,0.1719068063042135
"FlowOCT_kamiran_warm","compas_train_3.csv",3,"SP",0.38,4630,"0",6,0.0,10800,2,3154.0,0.6812095032397408,0.0,2669.0,9461.09177851677,0.6712062256809338,0.6722797927461139,0.09816455622609033,0.1636575654435911,0.0953279955049866,0.17992976541649108,0.09780039144785324,0.16088357504958406
"FlowOCT_kamiran_warm","compas_train_3.csv",3,"SP",0.39,4630,"0",6,0.0,10800,2,3143.0,0.6788336933045357,0.0,31706.0,8584.399022579193,0.6725032425421531,0.6761658031088082,0.09816455622609033,0.1665163361887818,0.0953279955049866,0.17243433066441904,0.09780039144785324,0.16705942059000778
"FlowOCT_kamiran_warm","compas_train_3.csv",3,"SP",0.3,4630,"0",6,0.0,10800,2,3153.0,0.6809935205183585,0.0,6063.0,8172.179730415344,0.6809338521400778,0.6742227979274611,0.09816455622609033,0.1677725508175153,0.0953279955049866,0.1837449079926956,0.09780039144785324,0.17294233327549313
"FlowOCT_kamiran_warm","compas_train_3.csv",3,"SP",0.41,4630,"0",6,0.0,10800,2,3147.0,0.6796976241900647,0.0,6047.0,8420.875937700272,0.6757457846952011,0.6748704663212435,0.09816455622609033,0.16878831973714592,0.0953279955049866,0.17630566090743083,0.09780039144785324,0.17387337464246333
"FlowOCT_kamiran_warm","compas_train_3.csv",3,"SP",0.42,4630,"0",6,0.0,10800,2,3144.0,0.6790496760259179,0.0,4815.0,10559.540424823761,0.6776913099870299,0.6755181347150259,0.09816455622609033,0.1664947417554945,0.0953279955049866,0.17716533220957997,0.09780039144785324,0.16895695379683895
"FlowOCT_kamiran_warm","compas_train_3.csv",3,"SP",0.43,4630,"0",6,0.0,10800,2,3151.0,0.6805615550755939,0.0,11861.0,7538.123304843903,0.6744487678339819,0.6748704663212435,0.09816455622609033,0.16900800156808804,0.0953279955049866,0.17814861637870483,0.09780039144785324,0.17282105534191972
"FlowOCT_kamiran_warm","compas_train_3.csv",3,"SP",0.44,4630,"0",6,0.0,10800,2,3151.0,0.6805615550755939,0.0,21543.0,7835.184745311737,0.6744487678339819,0.6748704663212435,0.09816455622609033,0.16900800156808804,0.0953279955049866,0.17814861637870483,0.09780039144785324,0.17282105534191972
"FlowOCT_kamiran_warm","compas_train_3.csv",3,"SP",0.45,4630,"0",6,0.0,10800,2,3151.0,0.6805615550755939,0.0,16595.0,7324.113806724548,0.6744487678339819,0.6748704663212435,0.09816455622609033,0.16900800156808804,0.0953279955049866,0.17814861637870483,0.09780039144785324,0.17282105534191972
"FlowOCT_kamiran_warm","compas_train_3.csv",3,"SP",0.46,4630,"0",6,0.0,10800,2,3151.0,0.6805615550755939,0.0,19161.0,8386.021649122238,0.6744487678339819,0.6748704663212435,0.09816455622609033,0.16900800156808804,0.0953279955049866,0.17814861637870483,0.09780039144785324,0.17282105534191972
"FlowOCT_kamiran_warm","compas_train_3.csv",3,"SP",0.47,4630,"0",6,0.0,10800,2,3151.0,0.6805615550755939,0.0,23613.0,8393.294041156769,0.6744487678339819,0.6748704663212435,0.09816455622609033,0.16900800156808804,0.0953279955049866,0.17814861637870483,0.09780039144785324,0.17282105534191972
"FlowOCT_kamiran_warm","compas_train_3.csv",3,"SP",0.48,4630,"0",6,0.0,10800,2,3151.0,0.6805615550755939,0.0,12148.0,9788.75028848648,0.6744487678339819,0.6748704663212435,0.09816455622609033,0.16900800156808804,0.0953279955049866,0.17814861637870483,0.09780039144785324,0.17282105534191972
"FlowOCT_kamiran_warm","compas_train_3.csv",3,"SP",0.49,4630,"0",6,0.0,10800,2,3151.0,0.6805615550755939,0.0,24773.0,10730.617959022522,0.6744487678339819,0.6748704663212435,0.09816455622609033,0.16900800156808804,0.0953279955049866,0.17814861637870483,0.09780039144785324,0.17282105534191972
"FlowOCT_kamiran_warm","compas_train_3.csv",3,"SP",0.4,4630,"0",6,0.0,10800,2,3147.0,0.6796976241900647,0.0,7147.0,10036.844146966934,0.6757457846952011,0.6748704663212435,0.09816455622609033,0.16878831973714592,0.0953279955049866,0.17630566090743083,0.09780039144785324,0.17387337464246333
"FlowOCT_kamiran_warm","compas_train_3.csv",3,"SP",0.51,4630,"0",6,0.0,10800,9,3141.0,0.6784017278617711,0.19102196752626552,72612.0,10805.666952848434,0.6750972762645915,0.6722797927461139,0.09816455622609033,0.17062093962362568,0.0953279955049866,0.17464812473662028,0.09780039144785324,0.17794458158180015
"FlowOCT_kamiran_warm","compas_train_3.csv",3,"SP",0.52,4630,"0",6,0.0,10800,2,3163.0,0.6831533477321814,0.0,4621.0,9820.66690659523,0.6731517509727627,0.6768134715025906,0.09816455622609033,0.1622821661542141,0.0953279955049866,0.16923725242309307,0.09780039144785324,0.1588479715799156
"FlowOCT_kamiran_warm","compas_train_3.csv",3,"SP",0.53,4630,"0",6,0.0,10800,2,3149.0,0.6801295896328293,0.0,7878.0,10777.355301141739,0.6731517509727627,0.6787564766839378,0.09816455622609033,0.16468371630230205,0.0953279955049866,0.1740918668352297,0.09780039144785324,0.16298821365067095
"FlowOCT_kamiran_warm","compas_train_3.csv",3,"SP",0.54,4630,"0",6,0.0,10800,2,3144.000000488104,0.6790496760259179,6.43429895071366e-10,13625.0,8472.951739311218,0.6776913099870299,0.6755181347150259,0.09816455622609033,0.1664947417554945,0.0953279955049866,0.17716533220957997,0.09780039144785324,0.16895695379683895
"FlowOCT_kamiran_warm","compas_train_3.csv",3,"SP",0.55,4630,"0",6,0.0,10800,2,3149.0,0.6801295896328293,0.0,7573.0,5875.35290312767,0.6750972762645915,0.6794041450777202,0.09816455622609033,0.16332991144621234,0.0953279955049866,0.17783958421126556,0.09780039144785324,0.1609526101810026
"FlowOCT_kamiran_warm","compas_train_3.csv",3,"SP",0.5,4630,"0",6,0.0,10800,2,3163.0,0.6831533477321814,0.0,7828.0,7869.4830729961395,0.6738002594033723,0.6813471502590673,0.09816455622609033,0.15877846935334627,0.0953279955049866,0.17661469307487,0.09780039144785324,0.1577788599501081
"FlowOCT_kamiran_warm","compas_train_4.csv",4,"None",1.0,4630,"0",6,0.0,10800,2,3167.0,0.6840172786177106,0.0,1.0,431.0560202598572,0.6828793774319066,0.6729274611398963,0.09816455622609033,0.1629187866586268,0.0953279955049866,0.1750189633375474,0.09780039144785324,0.17454693362738571
"FlowOCT_kamiran_warm","compas_train_4.csv",4,"SP",0.01,4630,"0",6,0.0,10800,9,2666.000000227222,0.5758099352051835,63.46586645268454,1.0,11104.874622821808,0.5745784695201037,0.5654145077720207,0.09816455622609033,0.0019895948053759716,0.0953279955049866,0.0024160696727068,0.09780039144785324,0.02860293417966664
"FlowOCT_kamiran_warm","compas_train_4.csv",4,"SP",0.02,4630,"0",6,0.0,10800,9,2813.0,0.6075593952483801,20.902950586562387,1.0,11105.697701692581,0.5920881971465629,0.6055699481865285,0.09816455622609033,0.019203680355876163,0.0953279955049866,0.05310296389942404,0.09780039144785324,0.02610647456241988
"FlowOCT_kamiran_warm","compas_train_4.csv",4,"SP",0.03,4630,"0",6,0.0,10800,2,2867.0,0.6192224622030238,0.0,262.0,10919.743413209915,0.6044098573281452,0.6139896373056994,0.09816455622609033,0.029860948460732173,0.0953279955049866,0.06424497822727904,0.09780039144785324,0.05617034138805388
"FlowOCT_kamiran_warm","compas_train_4.csv",4,"SP",0.04,4630,"0",6,0.0,10800,9,2935.0,0.6339092872570194,8.824531516183987,16.0,11104.843726158142,0.625810635538262,0.625,0.09816455622609033,0.03984297524779612,0.0953279955049866,0.05291192583227977,0.09780039144785324,0.029849298173927452
"FlowOCT_kamiran_warm","compas_train_4.csv",4,"SP",0.05,4630,"0",6,0.0,10800,9,2929.0,0.6326133909287257,16.114714919767838,1.0,11104.656227588654,0.6128404669260701,0.6211139896373057,0.09816455622609033,0.04931587174235508,0.0953279955049866,0.0682174462705436,0.09780039144785324,0.039458242141656275
"FlowOCT_kamiran_warm","compas_train_4.csv",4,"SP",0.06,4630,"0",6,0.0,10800,9,2939.0,0.6347732181425486,23.06907111262334,1.0,11204.441891431808,0.6394293125810635,0.6256476683937824,0.09816455622609033,0.05986641351346411,0.0953279955049866,0.036623121224891086,0.09780039144785324,0.062331260413576395
"FlowOCT_kamiran_warm","compas_train_4.csv",4,"SP",0.07,4630,"0",6,0.0,10800,9,3009.0,0.6498920086393088,14.29046194749086,1.0,11003.419517278671,0.6459143968871596,0.6360103626943006,0.09816455622609033,0.06966031956439034,0.0953279955049866,0.09272088776513554,0.09780039144785324,0.07961616466931243
"FlowOCT_kamiran_warm","compas_train_4.csv",4,"SP",0.08,4630,"0",6,0.0,10800,9,2654.0,0.5732181425485962,51.20572720422004,1.0,11005.071342945099,0.5804150453955902,0.5686528497409327,0.09816455622609033,0.037639097219799744,0.0953279955049866,0.04427026267734224,0.09780039144785324,0.03722859397827072
"FlowOCT_kamiran_warm","compas_train_4.csv",4,"SP",0.09,4630,"0",6,0.0,10800,9,3068.0,0.6626349892008639,11.21251629726206,1.0,11004.225641489029,0.6407263294422828,0.6515544041450777,0.09816455622609033,0.08921906223681786,0.0953279955049866,0.1272538277848012,0.09780039144785324,0.07970199212999496
"FlowOCT_kamiran_warm","compas_train_4.csv",4,"SP",0.11,4630,"0",6,0.0,10800,9,3057.0,0.6602591792656588,23.519790644422635,171.0,11004.704781532288,0.6517509727626459,0.647020725388601,0.09816455622609033,0.10928859631200305,0.0953279955049866,0.15024020227560053,0.09780039144785324,0.10497444767230324
"FlowOCT_kamiran_warm","compas_train_4.csv",4,"SP",0.12,4630,"0",6,0.0,10800,9,3072.0,0.6634989200863931,29.654947916666668,3.0,11007.053244829178,0.6569390402075227,0.6573834196891192,0.09816455622609033,0.11862154426775762,0.0953279955049866,0.13739570164348913,0.09780039144785324,0.12212128166520198
"FlowOCT_kamiran_warm","compas_train_4.csv",4,"SP",0.13,4630,"0",6,0.0,10800,9,3077.0,0.6645788336933045,15.957101072473186,1.0,10904.69236946106,0.6601815823605707,0.6560880829015544,0.09816455622609033,0.11798409320821845,0.0953279955049866,0.13954768928220251,0.09780039144785324,0.1290733059804947
"FlowOCT_kamiran_warm","compas_train_4.csv",4,"SP",0.14,4630,"0",6,0.0,10800,9,3115.0,0.6727861771058316,13.547351524879614,1.0,10905.592102527618,0.6634241245136187,0.6651554404145078,0.09816455622609033,0.1363759059280042,0.0953279955049866,0.13432785503581957,0.09780039144785324,0.13538722178375584
"FlowOCT_kamiran_warm","compas_train_4.csv",4,"SP",0.15,4630,"0",6,0.0,10800,2,3100.0,0.6695464362850972,0.0,10831.0,10796.004510879517,0.6640726329442282,0.658678756476684,0.09816455622609033,0.14028615946326195,0.0953279955049866,0.13936788874841965,0.09780039144785324,0.14023460749796168
"FlowOCT_kamiran_warm","compas_train_4.csv",4,"SP",0.16,4630,"0",6,0.0,10800,9,3176.0,0.6859611231101512,8.217884130982368,171.0,10905.378923416138,0.6828793774319066,0.6683937823834197,0.09816455622609033,0.1557319931495812,0.0953279955049866,0.1739738727349346,0.09780039144785324,0.16844012321838042
"FlowOCT_kamiran_warm","compas_train_4.csv",4,"SP",0.17,4630,"0",6,0.0,10800,2,3180.000000902902,0.6868250539956804,0.0,5623.0,9360.950888633728,0.682230869001297,0.6716321243523317,0.09816455622609033,0.16403879024662504,0.0953279955049866,0.17747436437701913,0.09780039144785324,0.17385658231319934
"FlowOCT_kamiran_warm","compas_train_4.csv",4,"SP",0.18,4630,"0",6,0.0,10800,2,3183.0,0.6874730021598272,0.0,2920.0,7387.470480918884,0.6712062256809338,0.6729274611398963,0.09816455622609033,0.17855232580352054,0.0953279955049866,0.18073886781851384,0.09780039144785324,0.19540300657326398
"FlowOCT_kamiran_warm","compas_train_4.csv",4,"SP",0.19,4630,"0",6,0.0,10800,2,3175.0,0.6857451403887689,0.0,3151.0,7795.948042869568,0.6809338521400778,0.6683937823834197,0.09816455622609033,0.16493537450561202,0.0953279955049866,0.1706531816266329,0.09780039144785324,0.17090672980582466
"FlowOCT_kamiran_warm","compas_train_4.csv",4,"SP",0.1,4630,"0",6,0.0,10800,9,3035.0,0.6555075593952484,18.912685337726522,1.0,11104.005694627762,0.642023346303502,0.6437823834196891,0.09816455622609033,0.0998439386917428,0.0953279955049866,0.10550920073043968,0.09780039144785324,0.10152455691573425
"FlowOCT_kamiran_warm","compas_train_4.csv",4,"SP",0.21,4630,"0",6,0.0,10800,2,3177.0,0.6861771058315335,0.0,10634.0,8071.984067440033,0.682230869001297,0.6709844559585493,0.09816455622609033,0.1628793352901211,0.0953279955049866,0.17470993117010813,0.09780039144785324,0.17013055103095576
"FlowOCT_kamiran_warm","compas_train_4.csv",4,"SP",0.22,4630,"0",6,0.0,10800,9,3169.00000039,0.6844492440604751,6.027137885342196,2308.0,10802.254615306854,0.6770428015564203,0.6709844559585493,0.09816455622609033,0.1642688540166476,0.0953279955049866,0.1784632673128248,0.09780039144785324,0.17278747068339184
"FlowOCT_kamiran_warm","compas_train_4.csv",4,"SP",0.23,4630,"0",6,0.0,10800,2,3172.0,0.6850971922246221,0.0,2968.0,9703.587674856186,0.6718547341115434,0.6696891191709845,0.09816455622609033,0.17590576189313412,0.0953279955049866,0.17527180783817942,0.09780039144785324,0.1918150455538576
"FlowOCT_kamiran_warm","compas_train_4.csv",4,"SP",0.24,4630,"0",6,0.0,10800,2,3178.0,0.6863930885529158,0.0,22402.0,8757.855600357056,0.6705577172503242,0.6703367875647669,0.09816455622609033,0.17853073137023318,0.0953279955049866,0.1739794915016154,0.09780039144785324,0.19343643823501422
"FlowOCT_kamiran_warm","compas_train_4.csv",4,"SP",0.25,4630,"0",6,0.0,10800,2,3169.0,0.6844492440604751,0.0,7089.0,9877.546061515808,0.682230869001297,0.6709844559585493,0.09816455622609033,0.1655005672691513,0.0953279955049866,0.17194549796319714,0.09780039144785324,0.1778587541211175
"FlowOCT_kamiran_warm","compas_train_4.csv",4,"SP",0.26,4630,"0",6,0.0,10800,9,3178.0,0.6863930885529158,1.762114537444934,2405.0,10802.390431642532,0.682230869001297,0.6696891191709845,0.09816455622609033,0.16124106530322724,0.0953279955049866,0.17944093271526895,0.09780039144785324,0.17104480006866196
"FlowOCT_kamiran_warm","compas_train_4.csv",4,"SP",0.27,4630,"0",6,0.0,10800,2,3178.0,0.6863930885529158,0.0,3940.0,8230.120148181915,0.682230869001297,0.6696891191709845,0.09816455622609033,0.16124106530322724,0.0953279955049866,0.17944093271526895,0.09780039144785324,0.17104480006866196
"FlowOCT_kamiran_warm","compas_train_4.csv",4,"SP",0.28,4630,"0",6,0.0,10800,9,3178.0,0.6863930885529158,11.548143486469478,1.0,10905.204551696777,0.6815823605706874,0.6690414507772021,0.09816455622609033,0.16215924399550175,0.0953279955049866,0.1793791262817811,0.09780039144785324,0.1700615158995371
"FlowOCT_kamiran_warm","compas_train_4.csv",4,"SP",0.29,4630,"0",6,0.0,10800,9,3178.0,0.6863930885529158,11.548143486469478,1.0,10905.20614528656,0.6815823605706874,0.6690414507772021,0.09816455622609033,0.16215924399550175,0.0953279955049866,0.1793791262817811,0.09780039144785324,0.1700615158995371
"FlowOCT_kamiran_warm","compas_train_4.csv",4,"SP",0.2,4630,"0",6,0.0,10800,2,3178.0,0.6863930885529158,0.0,8136.0,9138.023959636688,0.6763942931258107,0.6722797927461139,0.09816455622609033,0.16324270315793665,0.0953279955049866,0.18221098468886077,0.09780039144785324,0.17173515138284834
"FlowOCT_kamiran_warm","compas_train_4.csv",4,"SP",0.31,4630,"0",6,0.0,10800,9,3175.0,0.6857451403887689,4.566929133858268,231.0,10907.147219657898,0.6757457846952011,0.6729274611398963,0.09816455622609033,0.15510575458424902,0.0953279955049866,0.1704059558926816,0.09780039144785324,0.17737550820118708
"FlowOCT_kamiran_warm","compas_train_4.csv",4,"SP",0.32,4630,"0",6,0.0,10800,2,3175.0,0.6857451403887689,0.0,6019.0,10592.05959057808,0.6757457846952011,0.6729274611398963,0.09816455622609033,0.15510575458424902,0.0953279955049866,0.1704059558926816,0.09780039144785324,0.17737550820118708
"FlowOCT_kamiran_warm","compas_train_4.csv",4,"SP",0.33,4630,"0",6,0.0,10800,2,3172.0,0.6850971922246221,0.0,4454.0,8766.259661436081,0.6718547341115434,0.6696891191709845,0.09816455622609033,0.17590576189313412,0.0953279955049866,0.17527180783817942,0.09780039144785324,0.1918150455538576
"FlowOCT_kamiran_warm","compas_train_4.csv",4,"SP",0.34,4630,"0",6,0.0,10800,2,3168.0,0.6842332613390929,0.0,11357.0,10098.080237150192,0.6835278858625162,0.6690414507772021,0.09816455622609033,0.16237518832837494,0.0953279955049866,0.17299058856580973,0.09780039144785324,0.1712519054629179
"FlowOCT_kamiran_warm","compas_train_4.csv",4,"SP",0.35,4630,"0",6,0.0,10800,9,3166.0,0.6838012958963283,0.12634238787113075,7341.0,10803.261825799942,0.6835278858625162,0.6683937823834197,0.09816455622609033,0.16124106530322724,0.0953279955049866,0.17274336283185843,0.09780039144785324,0.17301136840691167
"FlowOCT_kamiran_warm","compas_train_4.csv",4,"SP",0.36,4630,"0",6,0.0,10800,2,3183.0,0.6874730021598272,0.0,13742.0,9248.647852659225,0.6815823605706874,0.6703367875647669,0.09816455622609033,0.16519824520312876,0.0953279955049866,0.17532237673830597,0.09780039144785324,0.17083769467440602
"FlowOCT_kamiran_warm","compas_train_4.csv",4,"SP",0.37,4630,"0",6,0.0,10800,9,3183.0,0.6874730021598272,1.5708451146716933,5422.0,10803.772104740143,0.6686121919584954,0.6722797927461139,0.09816455622609033,0.16775386332717052,0.0953279955049866,0.17441213653603038,0.09780039144785324,0.18331066368882698
"FlowOCT_kamiran_warm","compas_train_4.csv",4,"SP",0.38,4630,"0",6,0.0,10800,9,3172.0,0.6850971922246221,0.8511979823455234,4033.0,10803.616694927216,0.6712062256809338,0.6690414507772021,0.09816455622609033,0.17682394058540846,0.0953279955049866,0.17521000140469167,0.09780039144785324,0.19083176138473273
"FlowOCT_kamiran_warm","compas_train_4.csv",4,"SP",0.39,4630,"0",6,0.0,10800,2,3172.0,0.6850971922246221,0.0,13443.0,8771.259775876999,0.6712062256809338,0.6690414507772021,0.09816455622609033,0.17682394058540846,0.0953279955049866,0.17521000140469167,0.09780039144785324,0.19083176138473273
"FlowOCT_kamiran_warm","compas_train_4.csv",4,"SP",0.3,4630,"0",6,0.0,10800,2,3178.0,0.6863930885529158,0.0,2779.0,10660.050653219223,0.682230869001297,0.6696891191709845,0.09816455622609033,0.16124106530322724,0.0953279955049866,0.17944093271526895,0.09780039144785324,0.17104480006866196
"FlowOCT_kamiran_warm","compas_train_4.csv",4,"SP",0.41,4630,"0",6,0.0,10800,2,3172.0,0.6850971922246221,0.0,6953.0,8657.74097442627,0.6718547341115434,0.6696891191709845,0.09816455622609033,0.17590576189313412,0.0953279955049866,0.17527180783817942,0.09780039144785324,0.1918150455538576
"FlowOCT_kamiran_warm","compas_train_4.csv",4,"SP",0.42,4630,"0",6,0.0,10800,9,3172.0,0.6850971922246221,8.827238335435057,1.0,10903.279764413834,0.6712062256809338,0.6690414507772021,0.09816455622609033,0.17682394058540846,0.0953279955049866,0.17521000140469167,0.09780039144785324,0.19083176138473273
"FlowOCT_kamiran_warm","compas_train_4.csv",4,"SP",0.43,4630,"0",6,0.0,10800,9,3180.0,0.6868250539956804,7.138364779874213,51.0,10907.951478481293,0.682230869001297,0.6709844559585493,0.09816455622609033,0.1641289054778432,0.0953279955049866,0.1732940019665683,0.09780039144785324,0.1745637259566496
"FlowOCT_kamiran_warm","compas_train_4.csv",4,"SP",0.44,4630,"0",6,0.0,10800,9,3180.0,0.6868250539956804,4.8742138364779874,2286.0,10802.323253154755,0.682230869001297,0.6709844559585493,0.09816455622609033,0.1641289054778432,0.0953279955049866,0.1732940019665683,0.09780039144785324,0.1745637259566496
"FlowOCT_kamiran_warm","compas_train_4.csv",4,"SP",0.45,4630,"0",6,0.0,10800,2,3169.0,0.6844492440604751,0.0,4248.0,9217.138764381409,0.6789883268482491,0.6683937823834197,0.09816455622609033,0.15208087281377125,0.0953279955049866,0.16082595870206495,0.09780039144785324,0.16281655872930578
"FlowOCT_kamiran_warm","compas_train_4.csv",4,"SP",0.46,4630,"0",6,0.0,10800,2,3169.0,0.6844492440604751,0.0,5341.0,7306.396625757217,0.6789883268482491,0.6677461139896373,0.09816455622609033,0.15920662052102386,0.0953279955049866,0.16819778058716106,0.09780039144785324,0.16745683904925557
"FlowOCT_kamiran_warm","compas_train_4.csv",4,"SP",0.47,4630,"0",6,0.0,10800,2,3169.0,0.6844492440604751,0.0,4447.0,7613.173241376877,0.6789883268482491,0.6677461139896373,0.09816455622609033,0.15920662052102386,0.0953279955049866,0.16819778058716106,0.09780039144785324,0.16745683904925557
"FlowOCT_kamiran_warm","compas_train_4.csv",4,"SP",0.48,4630,"0",6,0.0,10800,2,3175.0,0.6857451403887689,0.0,2564.0,8774.65701675415,0.6679636835278858,0.6690414507772021,0.09816455622609033,0.1703319064396261,0.0953279955049866,0.16974294142435736,0.09780039144785324,0.1814131304819958
"FlowOCT_kamiran_warm","compas_train_4.csv",4,"SP",0.49,4630,"0",6,0.0,10800,2,3169.0,0.6844492440604751,0.0,4622.0,9237.540930747986,0.6828793774319066,0.6683937823834197,0.09816455622609033,0.16139222633623862,0.0953279955049866,0.17200730439668488,0.09780039144785324,0.17026862129379305
"FlowOCT_kamiran_warm","compas_train_4.csv",4,"SP",0.4,4630,"0",6,0.0,10800,2,3172.0,0.6850971922246221,0.0,6469.0,6867.351293802261,0.6718547341115434,0.6696891191709845,0.09816455622609033,0.17590576189313412,0.0953279955049866,0.17527180783817942,0.09780039144785324,0.1918150455538576
"FlowOCT_kamiran_warm","compas_train_4.csv",4,"SP",0.51,4630,"0",6,0.0,10800,9,3171.0,0.6848812095032397,18.88994008199306,1.0,10888.546273708344,0.6802853437094682,0.6722797927461139,0.09816455622609033,0.16186730386855963,0.0953279955049866,0.17827784801236124,0.09780039144785324,0.1689924042697296
"FlowOCT_kamiran_warm","compas_train_4.csv",4,"SP",0.52,4630,"0",6,0.0,10800,2,3174.000000595861,0.6855291576673866,0.0,8966.0,9834.550357103348,0.685473411154345,0.6696891191709845,0.09816455622609033,0.16027969774437845,0.0953279955049866,0.1793791262817811,0.09780039144785324,0.17301136840691167
"FlowOCT_kamiran_warm","compas_train_4.csv",4,"SP",0.53,4630,"0",6,0.0,10800,2,3177.0,0.6861771058315335,0.0,3255.0,7807.051728010178,0.6828793774319066,0.6703367875647669,0.09816455622609033,0.16165509703375536,0.0953279955049866,0.173850259867959,0.09780039144785324,0.1701995861623743
"FlowOCT_kamiran_warm","compas_train_4.csv",4,"SP",0.54,4630,"0",6,0.0,10800,2,3169.0,0.6844492440604751,0.0,6449.0,8609.876771211624,0.6828793774319066,0.6683937823834197,0.09816455622609033,0.16139222633623862,0.0953279955049866,0.17200730439668488,0.09780039144785324,0.17026862129379305
"FlowOCT_kamiran_warm","compas_train_4.csv",4,"SP",0.55,4630,"0",6,0.0,10800,2,3169.0,0.6844492440604751,0.0,4195.0,10584.754658222198,0.6828793774319066,0.6683937823834197,0.09816455622609033,0.16139222633623862,0.0953279955049866,0.17200730439668488,0.09780039144785324,0.17026862129379305
"FlowOCT_kamiran_warm","compas_train_4.csv",4,"SP",0.5,4630,"0",6,0.0,10800,2,3169.0,0.6844492440604751,0.0,4217.0,9641.016120910645,0.6828793774319066,0.6683937823834197,0.09816455622609033,0.16139222633623862,0.0953279955049866,0.17200730439668488,0.09780039144785324,0.17026862129379305
"FlowOCT_kamiran_warm","compas_train_5.csv",5,"None",1.0,4630,"0",6,0.0,10800,2,3155.0,0.6814254859611231,0.0,1.0,285.39346051216125,0.6738002594033723,0.6871761658031088,0.09816455622609033,0.16503296473296813,0.0953279955049866,0.14189071498806016,0.09780039144785324,0.16959506230887067
"FlowOCT_kamiran_warm","compas_train_5.csv",5,"SP",0.01,4630,"0",6,0.0,10800,9,2748.0,0.5935205183585314,34.825327510917035,1.0,11103.544749736786,0.5927367055771725,0.582901554404145,0.09816455622609033,0.008890262073364519,0.0953279955049866,-0.011327433628318673,0.09780039144785324,-0.005274657203256261
"FlowOCT_kamiran_warm","compas_train_5.csv",5,"SP",0.02,4630,"0",6,0.0,10800,9,2818.0,0.6086393088552916,5.819730305180979,587.0,11107.277555704117,0.6154345006485085,0.6062176165803109,0.09816455622609033,0.019786314777070713,0.0953279955049866,0.024121365360303293,0.09780039144785324,0.0010728432585327408
"FlowOCT_kamiran_warm","compas_train_5.csv",5,"SP",0.03,4630,"0",6,0.0,10800,9,2873.0,0.6205183585313175,9.989557953358858,51.0,11205.691998243332,0.6199740596627756,0.6139896373056994,0.09816455622609033,0.029510038919813186,0.0953279955049866,0.0728079786486866,0.09780039144785324,0.020257146535462622
"FlowOCT_kamiran_warm","compas_train_5.csv",5,"SP",0.04,4630,"0",6,0.0,10800,9,2725.0,0.5885529157667386,46.75229357798165,1.0,11104.114794254303,0.5920881971465629,0.5952072538860104,0.09816455622609033,0.039532762908072505,0.0953279955049866,0.02903216743924708,0.09780039144785324,0.028155138732626872
"FlowOCT_kamiran_warm","compas_train_5.csv",5,"SP",0.05,4630,"0",6,0.0,10800,9,2713.0,0.5859611231101511,53.15149281238482,1.0,11104.679109334946,0.5784695201037614,0.5965025906735751,0.09816455622609033,0.049503161923366235,0.0953279955049866,0.05870487428009541,0.09780039144785324,0.04474969167417653
"FlowOCT_kamiran_warm","compas_train_5.csv",5,"SP",0.06,4630,"0",6,0.0,10800,9,2921.0,0.6308855291576674,35.33036631290654,15.0,11105.619525671005,0.6284046692607004,0.6301813471502591,0.09816455622609033,0.059233530507120324,0.0953279955049866,0.08355667930889166,0.09780039144785324,0.03861116242100604
"FlowOCT_kamiran_warm","compas_train_5.csv",5,"SP",0.07,4630,"0",6,0.0,10800,2,2934.0,0.6336933045356371,0.0,10521.0,10443.241570472717,0.6400778210116731,0.6327720207253886,0.09816455622609033,0.06908848235983966,0.0953279955049866,0.08656833824975407,0.09780039144785324,0.05589606667674207
"FlowOCT_kamiran_warm","compas_train_5.csv",5,"SP",0.08,4630,"0",6,0.0,10800,9,3003.0,0.6485961123110151,19.114219114219114,1.0,11003.813748121262,0.6407263294422828,0.6547927461139896,0.09816455622609033,0.07972291019871858,0.0953279955049866,0.08296670880741674,0.09780039144785324,0.06516170080174044
"FlowOCT_kamiran_warm","compas_train_5.csv",5,"SP",0.09,4630,"0",6,0.0,10800,9,3020.0,0.652267818574514,22.317880794701985,1.0,11105.055365800858,0.6400778210116731,0.6483160621761658,0.09816455622609033,0.08895826792711703,0.0953279955049866,0.06201432785503569,0.09780039144785324,0.08798434208586858
"FlowOCT_kamiran_warm","compas_train_5.csv",5,"SP",0.11,4630,"0",6,0.0,10800,9,3071.0000004900003,0.6632829373650108,24.55226308660676,171.0,11005.880433559418,0.6504539559014267,0.6645077720207254,0.09816455622609033,0.10984631407940426,0.0953279955049866,0.09598539120663008,0.09780039144785324,0.10011026962883351
"FlowOCT_kamiran_warm","compas_train_5.csv",5,"SP",0.12,4630,"0",6,0.0,10800,9,3096.0,0.6686825053995681,11.854005167958656,1.0,11005.66350221634,0.6536964980544747,0.6645077720207254,0.09816455622609033,0.11952851046582513,0.0953279955049866,0.10341901952521426,0.09780039144785324,0.11817135265943846
"FlowOCT_kamiran_warm","compas_train_5.csv",5,"SP",0.13,4630,"0",6,0.0,10800,9,3108.0,0.6712742980561555,10.682110682110682,1.0,10903.892362356186,0.6621271076523995,0.6683937823834197,0.09816455622609033,0.12865589602778704,0.0953279955049866,0.10895350470571707,0.09780039144785324,0.13010883295177422
"FlowOCT_kamiran_warm","compas_train_5.csv",5,"SP",0.14,4630,"0",6,0.0,10800,9,3136.0,0.6773218142548596,11.383928571428571,6.0,11005.094586372375,0.6750972762645915,0.6794041450777202,0.09816455622609033,0.13991074854611318,0.0953279955049866,0.13851945497963192,0.09780039144785324,0.1598667062219311
"FlowOCT_kamiran_warm","compas_train_5.csv",5,"SP",0.15,4630,"0",6,0.0,10800,9,3151.0,0.6805615550755939,9.679466835925103,1.0,11005.37537431717,0.6712062256809338,0.6917098445595855,0.09816455622609033,0.14994966835933798,0.0953279955049866,0.13187807276302854,0.09780039144785324,0.15700268117523908
"FlowOCT_kamiran_warm","compas_train_5.csv",5,"SP",0.16,4630,"0",6,0.0,10800,9,3157.0,0.6818574514038876,11.593284764016472,2.0,11006.84200835228,0.6731517509727627,0.6878238341968912,0.09816455622609033,0.15943377734810382,0.0953279955049866,0.14336845062508774,0.09780039144785324,0.16459281400256365
"FlowOCT_kamiran_warm","compas_train_5.csv",5,"SP",0.17,4630,"0",6,0.0,10800,2,3164.0,0.6833693304535637,0.0,7328.0,10383.047801017761,0.6725032425421531,0.685880829015544,0.09816455622609033,0.16282576448446606,0.0953279955049866,0.16394999297654167,0.09780039144785324,0.16305724878208971
"FlowOCT_kamiran_warm","compas_train_5.csv",5,"SP",0.18,4630,"0",6,0.0,10800,2,3152.0,0.6807775377969763,0.0,6327.0,6236.54528594017,0.6738002594033723,0.6819948186528497,0.09816455622609033,0.1684569282416981,0.0953279955049866,0.14134007585335018,0.09780039144785324,0.17028541362305694
"FlowOCT_kamiran_warm","compas_train_5.csv",5,"SP",0.19,4630,"0",6,0.0,10800,9,3163.0000003219247,0.6831533477321814,13.373379691274836,2372.0,10802.845320224762,0.6861219195849546,0.6852331606217616,0.09816455622609033,0.16838466994569834,0.0953279955049866,0.15449360865290063,0.09780039144785324,0.17954918193369274
"FlowOCT_kamiran_warm","compas_train_5.csv",5,"SP",0.1,4630,"0",6,0.0,10800,9,3046.0,0.6578833693304535,13.82140512147078,1.0,11004.811909198761,0.6407263294422828,0.655440414507772,0.09816455622609033,0.09940000697666307,0.0953279955049866,0.10325045652479281,0.09780039144785324,0.09761007838286129
"FlowOCT_kamiran_warm","compas_train_5.csv",5,"SP",0.21,4630,"0",6,0.0,10800,2,3165.0,0.683585313174946,0.0,4246.0,7528.764304637909,0.6861219195849546,0.685880829015544,0.09816455622609033,0.16423687764427974,0.0953279955049866,0.16567495434752066,0.09780039144785324,0.17540893986293726
"FlowOCT_kamiran_warm","compas_train_5.csv",5,"SP",0.22,4630,"0",6,0.0,10800,2,3152.0,0.6807775377969763,0.0,29175.0,9210.717174053192,0.6725032425421531,0.6813471502590673,0.09816455622609033,0.1682804352773306,0.0953279955049866,0.1443517347942126,0.09780039144785324,0.1742875854309751
"FlowOCT_kamiran_warm","compas_train_5.csv",5,"SP",0.23,4630,"0",6,0.0,10800,2,3159.0,0.6822894168466522,0.0,10708.0,8837.254745483398,0.6731517509727627,0.6852331606217616,0.09816455622609033,0.16900426407001912,0.0953279955049866,0.14232336002247503,0.09780039144785324,0.1720448765670508
"FlowOCT_kamiran_warm","compas_train_5.csv",5,"SP",0.24,4630,"0",6,0.0,10800,9,3155.0,0.6814254859611231,20.63391442155309,1.0,10903.777046918869,0.6744487678339819,0.6826424870466321,0.09816455622609033,0.16572772409623138,0.0953279955049866,0.1565163646579576,0.09780039144785324,0.16916405919109478
"FlowOCT_kamiran_warm","compas_train_5.csv",5,"SP",0.25,4630,"0",6,0.0,10800,2,3152.0,0.6807775377969763,0.0,25539.0,8317.147767305374,0.6725032425421531,0.6813471502590673,0.09816455622609033,0.1682804352773306,0.0953279955049866,0.1443517347942126,0.09780039144785324,0.1742875854309751
"FlowOCT_kamiran_warm","compas_train_5.csv",5,"SP",0.26,4630,"0",6,0.0,10800,2,3163.0,0.6831533477321814,0.0,69212.0,9701.03393626213,0.6848249027237354,0.6845854922279793,0.09816455622609033,0.1687339183763643,0.0953279955049866,0.15646017699115045,0.09780039144785324,0.17765164872686157
"FlowOCT_kamiran_warm","compas_train_5.csv",5,"SP",0.27,4630,"0",6,0.0,10800,2,3154.0,0.6812095032397408,0.0,6883.0,10689.98634839058,0.6738002594033723,0.6826424870466321,0.09816455622609033,0.1669266304212409,0.0953279955049866,0.1452732125298497,0.09780039144785324,0.1723210170927254
"FlowOCT_kamiran_warm","compas_train_5.csv",5,"SP",0.28,4630,"0",6,0.0,10800,2,3153.0,0.6809935205183585,0.0,28915.0,9894.305977106094,0.6738002594033723,0.6826424870466321,0.09816455622609033,0.16725428441861967,0.0953279955049866,0.14238516645596289,0.09780039144785324,0.1723210170927254
"FlowOCT_kamiran_warm","compas_train_5.csv",5,"SP",0.29,4630,"0",6,0.0,10800,9,3153.0,0.6809935205183585,8.816999682841738,3229.0,10803.18685889244,0.6738002594033723,0.6819948186528497,0.09816455622609033,0.16812927424431934,0.0953279955049866,0.14134007585335018,0.09780039144785324,0.17028541362305694
"FlowOCT_kamiran_warm","compas_train_5.csv",5,"SP",0.2,4630,"0",6,0.0,10800,9,3152.0,0.6807775377969763,0.7614213197969544,29370.0,10802.99476146698,0.6744487678339819,0.6819948186528497,0.09816455622609033,0.16684025268809166,0.0953279955049866,0.14324483775811203,0.09780039144785324,0.17028541362305694
"FlowOCT_kamiran_warm","compas_train_5.csv",5,"SP",0.31,4630,"0",6,0.0,10800,2,3152.0,0.6807775377969763,0.0,47103.0,9449.582298278809,0.6731517509727627,0.6819948186528497,0.09816455622609033,0.1674955606828491,0.0953279955049866,0.14232336002247503,0.09780039144785324,0.17028541362305694
"FlowOCT_kamiran_warm","compas_train_5.csv",5,"SP",0.32,4630,"0",6,0.0,10800,9,3152.0,0.6807775377969763,10.215736040609137,46672.0,10804.36891245842,0.6731517509727627,0.6819948186528497,0.09816455622609033,0.1674955606828491,0.0953279955049866,0.14232336002247503,0.09780039144785324,0.17028541362305694
"FlowOCT_kamiran_warm","compas_train_5.csv",5,"SP",0.33,4630,"0",6,0.0,10800,9,3156.0,0.6816414686825054,0.8555133079847909,55467.0,10805.777632951736,0.6874189364461738,0.6897668393782384,0.09816455622609033,0.16805327845025053,0.0953279955049866,0.15762888046073875,0.09780039144785324,0.1692853371246682
"FlowOCT_kamiran_warm","compas_train_5.csv",5,"SP",0.34,4630,"0",6,0.0,10800,2,3154.0,0.6812095032397408,0.0,8875.0,10391.921760559082,0.6705577172503242,0.6819948186528497,0.09816455622609033,0.16469783573945151,0.0953279955049866,0.13863744907992692,0.09780039144785324,0.1664903472093947
"FlowOCT_kamiran_warm","compas_train_5.csv",5,"SP",0.35,4630,"0",6,0.0,10800,2,3154.0,0.6812095032397408,0.0,10698.0,8743.827265739441,0.6705577172503242,0.6819948186528497,0.09816455622609033,0.16469783573945151,0.0953279955049866,0.13863744907992692,0.09780039144785324,0.1664903472093947
"FlowOCT_kamiran_warm","compas_train_5.csv",5,"SP",0.36,4630,"0",6,0.0,10800,2,3154.0,0.6812095032397408,0.0,14341.0,8881.325965642929,0.6705577172503242,0.6819948186528497,0.09816455622609033,0.16469783573945151,0.0953279955049866,0.13863744907992692,0.09780039144785324,0.1664903472093947
"FlowOCT_kamiran_warm","compas_train_5.csv",5,"SP",0.37,4630,"0",6,0.0,10800,2,3154.0,0.6812095032397408,0.0,29194.0,9675.973560094833,0.6705577172503242,0.6819948186528497,0.09816455622609033,0.16469783573945151,0.0953279955049866,0.13863744907992692,0.09780039144785324,0.1664903472093947
"FlowOCT_kamiran_warm","compas_train_5.csv",5,"SP",0.38,4630,"0",6,0.0,10800,2,3154.0,0.6812095032397408,0.0,42244.0,10493.780423402786,0.6731517509727627,0.6826424870466321,0.09816455622609033,0.16758193841599844,0.0953279955049866,0.14336845062508774,0.09780039144785324,0.1723210170927254
"FlowOCT_kamiran_warm","compas_train_5.csv",5,"SP",0.39,4630,"0",6,0.0,10800,9,3152.0,0.6807775377969763,23.953045685279186,1.0,10903.994157075882,0.6731517509727627,0.6813471502590673,0.09816455622609033,0.16513719940133575,0.0953279955049866,0.14508779322938614,0.09780039144785324,0.16930212945393208
"FlowOCT_kamiran_warm","compas_train_5.csv",5,"SP",0.3,4630,"0",6,0.0,10800,9,3154.0,0.6812095032397408,6.658211794546608,231.0,10905.366869926453,0.669260700389105,0.6845854922279793,0.09816455622609033,0.16277883811982252,0.0953279955049866,0.14785222643629714,0.09780039144785324,0.16726652598426373
"FlowOCT_kamiran_warm","compas_train_5.csv",5,"SP",0.41,4630,"0",6,0.0,10800,9,3152.0,0.6807775377969763,21.19289340101523,31686.0,10805.40207362175,0.6731517509727627,0.6819948186528497,0.09816455622609033,0.1674955606828491,0.0953279955049866,0.14232336002247503,0.09780039144785324,0.17028541362305694
"FlowOCT_kamiran_warm","compas_train_5.csv",5,"SP",0.42,4630,"0",6,0.0,10800,9,3152.0,0.6807775377969763,12.690355329949238,47582.0,10805.008372545242,0.6731517509727627,0.6819948186528497,0.09816455622609033,0.1674955606828491,0.0953279955049866,0.14232336002247503,0.09780039144785324,0.17028541362305694
"FlowOCT_kamiran_warm","compas_train_5.csv",5,"SP",0.43,4630,"0",6,0.0,10800,2,3152.0,0.6807775377969763,0.0,46286.0,10118.412794351578,0.6731517509727627,0.6819948186528497,0.09816455622609033,0.1674955606828491,0.0953279955049866,0.14232336002247503,0.09780039144785324,0.17028541362305694
"FlowOCT_kamiran_warm","compas_train_5.csv",5,"SP",0.44,4630,"0",6,0.0,10800,2,3151.0,0.6805615550755939,0.0,12380.0,10090.487051963806,0.6731517509727627,0.6819948186528497,0.09816455622609033,0.16782321468022787,0.0953279955049866,0.14232336002247503,0.09780039144785324,0.17028541362305694
"FlowOCT_kamiran_warm","compas_train_5.csv",5,"SP",0.45,4630,"0",6,0.0,10800,2,3151.0,0.6805615550755939,0.0,34591.0,10799.343547821045,0.6731517509727627,0.6819948186528497,0.09816455622609033,0.16782321468022787,0.0953279955049866,0.14232336002247503,0.09780039144785324,0.17028541362305694
"FlowOCT_kamiran_warm","compas_train_5.csv",5,"SP",0.46,4630,"0",6,0.0,10800,2,3163.0,0.6831533477321814,0.0,9104.0,7450.192504405975,0.6861219195849546,0.6845854922279793,0.09816455622609033,0.16707405395618324,0.0953279955049866,0.15449360865290063,0.09780039144785324,0.17856589776456777
"FlowOCT_kamiran_warm","compas_train_5.csv",5,"SP",0.47,4630,"0",6,0.0,10800,2,3163.0,0.6831533477321814,0.0,5013.0,8071.924067974091,0.6861219195849546,0.6852331606217616,0.09816455622609033,0.16838466994569834,0.0953279955049866,0.15449360865290063,0.09780039144785324,0.17954918193369274
"FlowOCT_kamiran_warm","compas_train_5.csv",5,"SP",0.48,4630,"0",6,0.0,10800,2,3154.0,0.6812095032397408,0.0,20042.0,10717.072946548462,0.6770428015564203,0.6852331606217616,0.09816455622609033,0.15815970578415195,0.0953279955049866,0.16787751088636038,0.09780039144785324,0.1507745928326607
"FlowOCT_kamiran_warm","compas_train_5.csv",5,"SP",0.49,4630,"0",6,0.0,10800,2,3154.0,0.6812095032397408,0.0,67736.0,9934.055740118027,0.6770428015564203,0.6852331606217616,0.09816455622609033,0.15815970578415195,0.0953279955049866,0.16787751088636038,0.09780039144785324,0.1507745928326607
"FlowOCT_kamiran_warm","compas_train_5.csv",5,"SP",0.4,4630,"0",6,0.0,10800,2,3152.0,0.6807775377969763,0.0,47585.0,9683.41448378563,0.6731517509727627,0.6819948186528497,0.09816455622609033,0.1674955606828491,0.0953279955049866,0.14232336002247503,0.09780039144785324,0.17028541362305694
"FlowOCT_kamiran_warm","compas_train_5.csv",5,"SP",0.51,4630,"0",6,0.0,10800,2,3154.0,0.6812095032397408,0.0,23026.0,7825.428492069244,0.6770428015564203,0.6852331606217616,0.09816455622609033,0.15815970578415195,0.0953279955049866,0.16787751088636038,0.09780039144785324,0.1507745928326607
"FlowOCT_kamiran_warm","compas_train_5.csv",5,"SP",0.52,4630,"0",6,0.0,10800,9,3152.0,0.6807775377969763,6.630710659898477,2946.0,10803.702742099762,0.6744487678339819,0.6819948186528497,0.09816455622609033,0.16780162024694067,0.0953279955049866,0.14035679168422532,0.09780039144785324,0.17028541362305694
"FlowOCT_kamiran_warm","compas_train_5.csv",5,"SP",0.53,4630,"0",6,0.0,10800,2,3163.0,0.6831533477321814,0.0,47540.0,9680.906825780869,0.6861219195849546,0.6852331606217616,0.09816455622609033,0.16838466994569834,0.0953279955049866,0.15449360865290063,0.09780039144785324,0.17954918193369274
"FlowOCT_kamiran_warm","compas_train_5.csv",5,"SP",0.54,4630,"0",6,0.0,10800,2,3166.0,0.6838012958963283,0.0,2847.0,10028.846405029297,0.6867704280155642,0.6852331606217616,0.09816455622609033,0.16653045562593116,0.0953279955049866,0.16862480685489523,0.09780039144785324,0.17639222403206223
"FlowOCT_kamiran_warm","compas_train_5.csv",5,"SP",0.55,4630,"0",6,0.0,10800,9,3152.0,0.6807775377969763,14.340101522842641,1.0,10906.173815727234,0.6738002594033723,0.6813471502590673,0.09816455622609033,0.16762512728257306,0.0953279955049866,0.14238516645596289,0.09780039144785324,0.1742875854309751
"FlowOCT_kamiran_warm","compas_train_5.csv",5,"SP",0.5,4630,"0",6,0.0,10800,9,3154.0,0.6812095032397408,7.863031071655041,4052.0,10803.100500583649,0.6770428015564203,0.6852331606217616,0.09816455622609033,0.15815970578415195,0.0953279955049866,0.16787751088636038,0.09780039144785324,0.1507745928326607
