"FlowOCT","compas-limited_train_1.csv",1,"None",1.0,200,"0",3,0.0,10800,2,136.0,0.68,0.0,192952.0,495.0256145000458,0.6562905317769131,0.6268656716417911,-0.020592020592020477,0.06048906048906055,0.0953279955049866,0.14509903076274755,-0.03488372093023251,0.09011627906976749
"FlowOCT","compas-limited_train_1.csv",1,"SP",0.01,200,"0",3,0.0,10800,2,135.0,0.675,0.0,1525856.0,4952.766694307327,0.6543450064850843,0.6567164179104478,-0.020592020592020477,0.003217503217503359,0.0953279955049866,0.13748560191038067,-0.03488372093023251,0.053294573643410836
"FlowOCT","compas-limited_train_1.csv",1,"SP",0.02,200,"0",3,0.0,10800,2,135.0,0.675,0.0,1117250.0,3845.520918607712,0.6543450064850843,0.6567164179104478,-0.020592020592020477,0.003217503217503359,0.0953279955049866,0.13748560191038067,-0.03488372093023251,0.053294573643410836
"FlowOCT","compas-limited_train_1.csv",1,"SP",0.03,200,"0",3,0.0,10800,2,136.0,0.68,0.0,1079744.0,3496.969294309616,0.6511024643320363,0.6119402985074627,-0.020592020592020477,0.02788502788502789,0.0953279955049866,0.1361314791403287,-0.03488372093023251,0.1133720930232558
"FlowOCT","compas-limited_train_1.csv",1,"SP",0.04,200,"0",3,0.0,10800,2,136.0,0.68,0.0,1065474.0,3333.9061012268066,0.6511024643320363,0.6119402985074627,-0.020592020592020477,0.02788502788502789,0.0953279955049866,0.1361314791403287,-0.03488372093023251,0.1133720930232558
"FlowOCT","compas-limited_train_1.csv",1,"SP",0.05,200,"0",3,0.0,10800,2,136.0,0.68,0.0,1141658.0,4239.155652046204,0.6511024643320363,0.6119402985074627,-0.020592020592020477,0.02788502788502789,0.0953279955049866,0.1361314791403287,-0.03488372093023251,0.1133720930232558
"FlowOCT","compas-limited_train_1.csv",1,"SP",0.06,200,"0",3,0.0,10800,2,136.0,0.68,0.0,1424544.0,4605.714366912842,0.6511024643320363,0.6119402985074627,-0.020592020592020477,0.02788502788502789,0.0953279955049866,0.1361314791403287,-0.03488372093023251,0.1133720930232558
"FlowOCT","compas-limited_train_1.csv",1,"SP",0.07,200,"0",3,0.0,10800,2,136.0,0.68,0.0,1060587.0,3533.3057403564453,0.6562905317769131,0.6268656716417911,-0.020592020592020477,0.06048906048906055,0.0953279955049866,0.14509903076274755,-0.03488372093023251,0.09011627906976749
"FlowOCT","compas-limited_train_1.csv",1,"SP",0.08,200,"0",3,0.0,10800,2,136.0,0.68,0.0,1307380.0,3545.505512237549,0.6562905317769131,0.6268656716417911,-0.020592020592020477,0.06048906048906055,0.0953279955049866,0.14509903076274755,-0.03488372093023251,0.09011627906976749
"FlowOCT","compas-limited_train_1.csv",1,"SP",0.09,200,"0",3,0.0,10800,2,136.0,0.68,0.0,1215878.0,3492.682370185852,0.6511024643320363,0.6119402985074627,-0.020592020592020477,0.02788502788502789,0.0953279955049866,0.1361314791403287,-0.03488372093023251,0.1133720930232558
"FlowOCT","compas-limited_train_1.csv",1,"SP",0.11,200,"0",3,0.0,10800,2,136.0,0.68,0.0,1488652.0,3940.7774221897125,0.6562905317769131,0.6268656716417911,-0.020592020592020477,0.06048906048906055,0.0953279955049866,0.14509903076274755,-0.03488372093023251,0.09011627906976749
"FlowOCT","compas-limited_train_1.csv",1,"SP",0.12,200,"0",3,0.0,10800,2,136.0,0.68,0.0,637551.0,1982.7496457099915,0.6562905317769131,0.6268656716417911,-0.020592020592020477,0.06048906048906055,0.0953279955049866,0.14509903076274755,-0.03488372093023251,0.09011627906976749
"FlowOCT","compas-limited_train_1.csv",1,"SP",0.13,200,"0",3,0.0,10800,2,136.0,0.68,0.0,413276.0,2005.2983918190002,0.6562905317769131,0.6268656716417911,-0.020592020592020477,0.06048906048906055,0.0953279955049866,0.14509903076274755,-0.03488372093023251,0.09011627906976749
"FlowOCT","compas-limited_train_1.csv",1,"SP",0.14,200,"0",3,0.0,10800,2,136.0,0.68,0.0,777715.0,2267.2476167678833,0.6562905317769131,0.6268656716417911,-0.020592020592020477,0.06048906048906055,0.0953279955049866,0.14509903076274755,-0.03488372093023251,0.09011627906976749
"FlowOCT","compas-limited_train_1.csv",1,"SP",0.15,200,"0",3,0.0,10800,2,136.0,0.68,0.0,1658897.0,5245.723072052002,0.6511024643320363,0.6119402985074627,-0.020592020592020477,0.02788502788502789,0.0953279955049866,0.1361314791403287,-0.03488372093023251,0.1133720930232558
"FlowOCT","compas-limited_train_1.csv",1,"SP",0.16,200,"0",3,0.0,10800,2,136.0,0.68,0.0,1220746.0,4283.679538965225,0.6562905317769131,0.6268656716417911,-0.020592020592020477,0.06048906048906055,0.0953279955049866,0.14509903076274755,-0.03488372093023251,0.09011627906976749
"FlowOCT","compas-limited_train_1.csv",1,"SP",0.17,200,"0",3,0.0,10800,2,136.0,0.68,0.0,1530230.0,4529.040419340134,0.6562905317769131,0.6268656716417911,-0.020592020592020477,0.06048906048906055,0.0953279955049866,0.14509903076274755,-0.03488372093023251,0.09011627906976749
"FlowOCT","compas-limited_train_1.csv",1,"SP",0.18,200,"0",3,0.0,10800,2,136.0,0.68,0.0,862784.0,3265.1799850463867,0.6562905317769131,0.6268656716417911,-0.020592020592020477,0.06048906048906055,0.0953279955049866,0.14509903076274755,-0.03488372093023251,0.09011627906976749
"FlowOCT","compas-limited_train_1.csv",1,"SP",0.19,200,"0",3,0.0,10800,2,136.0,0.68,0.0,1131805.0,3471.072486639023,0.6562905317769131,0.6268656716417911,-0.020592020592020477,0.06048906048906055,0.0953279955049866,0.14509903076274755,-0.03488372093023251,0.09011627906976749
"FlowOCT","compas-limited_train_1.csv",1,"SP",0.1,200,"0",3,0.0,10800,2,136.0,0.68,0.0,1393681.0,3528.724630355835,0.6562905317769131,0.6268656716417911,-0.020592020592020477,0.06048906048906055,0.0953279955049866,0.14509903076274755,-0.03488372093023251,0.09011627906976749
"FlowOCT","compas-limited_train_1.csv",1,"SP",0.21,200,"0",3,0.0,10800,2,136.0,0.68,0.0,258461.0,2249.703677415848,0.6511024643320363,0.6119402985074627,-0.020592020592020477,0.02788502788502789,0.0953279955049866,0.1361314791403287,-0.03488372093023251,0.1133720930232558
"FlowOCT","compas-limited_train_1.csv",1,"SP",0.22,200,"0",3,0.0,10800,2,136.0,0.68,0.0,337929.0,1496.9308032989502,0.6511024643320363,0.6119402985074627,-0.020592020592020477,0.02788502788502789,0.0953279955049866,0.1361314791403287,-0.03488372093023251,0.1133720930232558
"FlowOCT","compas-limited_train_1.csv",1,"SP",0.23,200,"0",3,0.0,10800,2,136.0,0.68,0.0,1179199.0,3431.525632381439,0.6562905317769131,0.6268656716417911,-0.020592020592020477,0.06048906048906055,0.0953279955049866,0.14509903076274755,-0.03488372093023251,0.09011627906976749
"FlowOCT","compas-limited_train_1.csv",1,"SP",0.24,200,"0",3,0.0,10800,2,136.0,0.68,0.0,844147.0,2164.895575761795,0.6562905317769131,0.6268656716417911,-0.020592020592020477,0.06048906048906055,0.0953279955049866,0.14509903076274755,-0.03488372093023251,0.09011627906976749
"FlowOCT","compas-limited_train_1.csv",1,"SP",0.25,200,"0",3,0.0,10800,2,136.0,0.68,0.0,828312.0,2691.237480401993,0.6562905317769131,0.6268656716417911,-0.020592020592020477,0.06048906048906055,0.0953279955049866,0.14509903076274755,-0.03488372093023251,0.09011627906976749
"FlowOCT","compas-limited_train_1.csv",1,"SP",0.26,200,"0",3,0.0,10800,2,136.0,0.68,0.0,1320371.0,4597.357345581055,0.6562905317769131,0.6268656716417911,-0.020592020592020477,0.06048906048906055,0.0953279955049866,0.14509903076274755,-0.03488372093023251,0.09011627906976749
"FlowOCT","compas-limited_train_1.csv",1,"SP",0.27,200,"0",3,0.0,10800,2,136.0,0.68,0.0,764962.0,2776.399710416794,0.6511024643320363,0.6119402985074627,-0.020592020592020477,0.02788502788502789,0.0953279955049866,0.1361314791403287,-0.03488372093023251,0.1133720930232558
"FlowOCT","compas-limited_train_1.csv",1,"SP",0.28,200,"0",3,0.0,10800,2,136.0,0.68,0.0,661106.0,2634.1762013435364,0.6511024643320363,0.6119402985074627,-0.020592020592020477,0.02788502788502789,0.0953279955049866,0.1361314791403287,-0.03488372093023251,0.1133720930232558
"FlowOCT","compas-limited_train_1.csv",1,"SP",0.29,200,"0",3,0.0,10800,2,136.0,0.68,0.0,1218504.0,3142.5581567287445,0.6511024643320363,0.6119402985074627,-0.020592020592020477,0.02788502788502789,0.0953279955049866,0.1361314791403287,-0.03488372093023251,0.1133720930232558
"FlowOCT","compas-limited_train_1.csv",1,"SP",0.2,200,"0",3,0.0,10800,2,136.0,0.68,0.0,996207.0,3564.149722337723,0.6562905317769131,0.6268656716417911,-0.020592020592020477,0.06048906048906055,0.0953279955049866,0.14509903076274755,-0.03488372093023251,0.09011627906976749
"FlowOCT","compas-limited_train_1.csv",1,"SP",0.31,200,"0",3,0.0,10800,2,136.0,0.68,0.0,783890.0,2431.237837791443,0.6562905317769131,0.6268656716417911,-0.020592020592020477,0.06048906048906055,0.0953279955049866,0.14509903076274755,-0.03488372093023251,0.09011627906976749
"FlowOCT","compas-limited_train_1.csv",1,"SP",0.32,200,"0",3,0.0,10800,2,136.0,0.68,0.0,1524100.0,4643.938546657562,0.6511024643320363,0.6119402985074627,-0.020592020592020477,0.02788502788502789,0.0953279955049866,0.1361314791403287,-0.03488372093023251,0.1133720930232558
"FlowOCT","compas-limited_train_1.csv",1,"SP",0.33,200,"0",3,0.0,10800,2,136.0,0.68,0.0,1153769.0,3078.336885690689,0.6562905317769131,0.6268656716417911,-0.020592020592020477,0.06048906048906055,0.0953279955049866,0.14509903076274755,-0.03488372093023251,0.09011627906976749
"FlowOCT","compas-limited_train_1.csv",1,"SP",0.34,200,"0",3,0.0,10800,2,136.0,0.68,0.0,1229445.0,3107.010483264923,0.6562905317769131,0.6268656716417911,-0.020592020592020477,0.06048906048906055,0.0953279955049866,0.14509903076274755,-0.03488372093023251,0.09011627906976749
"FlowOCT","compas-limited_train_1.csv",1,"SP",0.35,200,"0",3,0.0,10800,2,136.0,0.68,0.0,1175560.0,3183.926867723465,0.6562905317769131,0.6268656716417911,-0.020592020592020477,0.06048906048906055,0.0953279955049866,0.14509903076274755,-0.03488372093023251,0.09011627906976749
"FlowOCT","compas-limited_train_1.csv",1,"SP",0.36,200,"0",3,0.0,10800,2,136.0,0.68,0.0,995584.0,2925.6511039733887,0.6562905317769131,0.6268656716417911,-0.020592020592020477,0.06048906048906055,0.0953279955049866,0.14509903076274755,-0.03488372093023251,0.09011627906976749
"FlowOCT","compas-limited_train_1.csv",1,"SP",0.37,200,"0",3,0.0,10800,2,136.0,0.68,0.0,1015116.0,3846.9882624149323,0.6511024643320363,0.6119402985074627,-0.020592020592020477,0.02788502788502789,0.0953279955049866,0.1361314791403287,-0.03488372093023251,0.1133720930232558
"FlowOCT","compas-limited_train_1.csv",1,"SP",0.38,200,"0",3,0.0,10800,2,136.0,0.68,0.0,713690.0,2767.6258618831635,0.6511024643320363,0.6119402985074627,-0.020592020592020477,0.02788502788502789,0.0953279955049866,0.1361314791403287,-0.03488372093023251,0.1133720930232558
"FlowOCT","compas-limited_train_1.csv",1,"SP",0.39,200,"0",3,0.0,10800,2,136.0,0.68,0.0,1219290.0,3994.8477115631104,0.6562905317769131,0.6268656716417911,-0.020592020592020477,0.06048906048906055,0.0953279955049866,0.14509903076274755,-0.03488372093023251,0.09011627906976749
"FlowOCT","compas-limited_train_1.csv",1,"SP",0.3,200,"0",3,0.0,10800,2,136.0,0.68,0.0,1202329.0,3423.6491017341614,0.6562905317769131,0.6268656716417911,-0.020592020592020477,0.06048906048906055,0.0953279955049866,0.14509903076274755,-0.03488372093023251,0.09011627906976749
"FlowOCT","compas-limited_train_1.csv",1,"SP",0.41,200,"0",3,0.0,10800,2,136.0,0.68,0.0,983761.0,2729.8688740730286,0.6562905317769131,0.6268656716417911,-0.020592020592020477,0.06048906048906055,0.0953279955049866,0.14509903076274755,-0.03488372093023251,0.09011627906976749
"FlowOCT","compas-limited_train_1.csv",1,"SP",0.42,200,"0",3,0.0,10800,2,136.0,0.68,0.0,1716375.0,4287.008414268494,0.6562905317769131,0.6268656716417911,-0.020592020592020477,0.06048906048906055,0.0953279955049866,0.14509903076274755,-0.03488372093023251,0.09011627906976749
"FlowOCT","compas-limited_train_1.csv",1,"SP",0.43,200,"0",3,0.0,10800,2,136.0,0.68,0.0,799198.0,2688.5212988853455,0.6511024643320363,0.6119402985074627,-0.020592020592020477,0.02788502788502789,0.0953279955049866,0.1361314791403287,-0.03488372093023251,0.1133720930232558
"FlowOCT","compas-limited_train_1.csv",1,"SP",0.44,200,"0",3,0.0,10800,2,136.0,0.68,0.0,1055867.0,2591.1365439891815,0.6562905317769131,0.6268656716417911,-0.020592020592020477,0.06048906048906055,0.0953279955049866,0.14509903076274755,-0.03488372093023251,0.09011627906976749
"FlowOCT","compas-limited_train_1.csv",1,"SP",0.45,200,"0",3,0.0,10800,2,136.0,0.68,0.0,920748.0,2337.607620239258,0.6511024643320363,0.6119402985074627,-0.020592020592020477,0.02788502788502789,0.0953279955049866,0.1361314791403287,-0.03488372093023251,0.1133720930232558
"FlowOCT","compas-limited_train_1.csv",1,"SP",0.46,200,"0",3,0.0,10800,2,136.0,0.68,0.0,843568.0,2454.7131514549255,0.6511024643320363,0.6119402985074627,-0.020592020592020477,0.02788502788502789,0.0953279955049866,0.1361314791403287,-0.03488372093023251,0.1133720930232558
"FlowOCT","compas-limited_train_1.csv",1,"SP",0.47,200,"0",3,0.0,10800,2,136.0,0.68,0.0,935951.0,2820.648650407791,0.6562905317769131,0.6268656716417911,-0.020592020592020477,0.06048906048906055,0.0953279955049866,0.14509903076274755,-0.03488372093023251,0.09011627906976749
"FlowOCT","compas-limited_train_1.csv",1,"SP",0.48,200,"0",3,0.0,10800,2,136.0,0.68,0.0,1086565.0,2913.735736131668,0.6511024643320363,0.6119402985074627,-0.020592020592020477,0.02788502788502789,0.0953279955049866,0.1361314791403287,-0.03488372093023251,0.1133720930232558
"FlowOCT","compas-limited_train_1.csv",1,"SP",0.49,200,"0",3,0.0,10800,2,136.0,0.68,0.0,794666.0,3253.3433656692505,0.6511024643320363,0.6119402985074627,-0.020592020592020477,0.02788502788502789,0.0953279955049866,0.1361314791403287,-0.03488372093023251,0.1133720930232558
"FlowOCT","compas-limited_train_1.csv",1,"SP",0.4,200,"0",3,0.0,10800,2,136.0,0.68,0.0,1062456.0,3742.792692422867,0.6511024643320363,0.6119402985074627,-0.020592020592020477,0.02788502788502789,0.0953279955049866,0.1361314791403287,-0.03488372093023251,0.1133720930232558
"FlowOCT","compas-limited_train_1.csv",1,"SP",0.51,200,"0",3,0.0,10800,2,136.0,0.68,0.0,1014444.0,2985.3177692890167,0.6511024643320363,0.6119402985074627,-0.020592020592020477,0.02788502788502789,0.0953279955049866,0.1361314791403287,-0.03488372093023251,0.1133720930232558
"FlowOCT","compas-limited_train_1.csv",1,"SP",0.52,200,"0",3,0.0,10800,2,136.0,0.68,0.0,1000700.0,2918.1371166706085,0.6562905317769131,0.6268656716417911,-0.020592020592020477,0.06048906048906055,0.0953279955049866,0.14509903076274755,-0.03488372093023251,0.09011627906976749
"FlowOCT","compas-limited_train_1.csv",1,"SP",0.53,200,"0",3,0.0,10800,2,136.0,0.68,0.0,1059349.0,3147.5194392204285,0.6562905317769131,0.6268656716417911,-0.020592020592020477,0.06048906048906055,0.0953279955049866,0.14509903076274755,-0.03488372093023251,0.09011627906976749
"FlowOCT","compas-limited_train_1.csv",1,"SP",0.54,200,"0",3,0.0,10800,2,136.0,0.68,0.0,1203593.0,4280.079452753067,0.6562905317769131,0.6268656716417911,-0.020592020592020477,0.06048906048906055,0.0953279955049866,0.14509903076274755,-0.03488372093023251,0.09011627906976749
"FlowOCT","compas-limited_train_1.csv",1,"SP",0.55,200,"0",3,0.0,10800,2,136.0,0.68,0.0,1239881.0,4256.821808338165,0.6562905317769131,0.6268656716417911,-0.020592020592020477,0.06048906048906055,0.0953279955049866,0.14509903076274755,-0.03488372093023251,0.09011627906976749
"FlowOCT","compas-limited_train_1.csv",1,"SP",0.5,200,"0",3,0.0,10800,2,136.0,0.68,0.0,1068263.0,2957.131586790085,0.6511024643320363,0.6119402985074627,-0.020592020592020477,0.02788502788502789,0.0953279955049866,0.1361314791403287,-0.03488372093023251,0.1133720930232558
"FlowOCT","compas-limited_train_2.csv",2,"None",1.0,200,"0",3,0.0,10800,2,147.0,0.735,0.0,104535.0,500.97990465164185,0.62905317769131,0.7058823529411765,0.012512134613310355,0.06525725380217884,0.0953279955049866,0.07215620171372383,0.025116279069767544,-0.021395348837209283
"FlowOCT","compas-limited_train_2.csv",2,"SP",0.01,200,"0",3,0.0,10800,2,144.0,0.72,0.0,181282.0,1880.562014579773,0.6284046692607004,0.6764705882352942,0.012512134613310355,0.00021572645885015174,0.0953279955049866,0.10865009130495851,0.025116279069767544,-0.11441860465116271
"FlowOCT","compas-limited_train_2.csv",2,"SP",0.02,200,"0",3,0.0,10800,2,146.0,0.73,0.0,374865.0,2211.7705051898956,0.6303501945525292,0.7205882352941176,0.012512134613310355,0.015963757954913116,0.0953279955049866,0.10226155358898714,0.025116279069767544,-0.07441860465116279
"FlowOCT","compas-limited_train_2.csv",2,"SP",0.03,200,"0",3,0.0,10800,2,146.0,0.73,0.0,515462.0,2882.4048132896423,0.6303501945525292,0.75,0.012512134613310355,0.027612986732822753,0.0953279955049866,0.11043124034274465,0.025116279069767544,-0.05767441860465117
"FlowOCT","compas-limited_train_2.csv",2,"SP",0.04,200,"0",3,0.0,10800,2,147.0,0.735,0.0,486612.0,2634.207456588745,0.6348897535667963,0.75,0.012512134613310355,0.035487002480854235,0.0953279955049866,0.10680713583368451,0.025116279069767544,-0.05767441860465117
"FlowOCT","compas-limited_train_2.csv",2,"SP",0.05,200,"0",3,0.0,10800,2,147.0,0.735,0.0,475212.0,2698.7876193523407,0.6348897535667963,0.75,0.012512134613310355,0.035487002480854235,0.0953279955049866,0.10680713583368451,0.025116279069767544,-0.05767441860465117
"FlowOCT","compas-limited_train_2.csv",2,"SP",0.06,200,"0",3,0.0,10800,2,147.0,0.735,0.0,396531.0,2043.0561096668243,0.6018158236057068,0.7647058823529411,0.012512134613310355,0.043684607917161,0.0953279955049866,0.06221098468886077,0.025116279069767544,-0.0046511627906976605
"FlowOCT","compas-limited_train_2.csv",2,"SP",0.07,200,"0",3,0.0,10800,2,147.0,0.735,0.0,531165.0,2409.9713294506073,0.6348897535667963,0.75,0.012512134613310355,0.035487002480854235,0.0953279955049866,0.10680713583368451,0.025116279069767544,-0.05767441860465117
"FlowOCT","compas-limited_train_2.csv",2,"SP",0.08,200,"0",3,0.0,10800,2,147.0,0.735,0.0,470150.0,2244.204112291336,0.6018158236057068,0.7647058823529411,0.012512134613310355,0.043684607917161,0.0953279955049866,0.06221098468886077,0.025116279069767544,-0.0046511627906976605
"FlowOCT","compas-limited_train_2.csv",2,"SP",0.09,200,"0",3,0.0,10800,2,147.0,0.735,0.0,447429.0,1765.4326906204224,0.6348897535667963,0.75,0.012512134613310355,0.035487002480854235,0.0953279955049866,0.10680713583368451,0.025116279069767544,-0.05767441860465117
"FlowOCT","compas-limited_train_2.csv",2,"SP",0.11,200,"0",3,0.0,10800,2,147.0,0.735,0.0,438777.0,1854.2990231513977,0.5966277561608301,0.7647058823529411,0.012512134613310355,0.059432639413223964,0.0953279955049866,0.07978648686613282,0.025116279069767544,-0.0046511627906976605
"FlowOCT","compas-limited_train_2.csv",2,"SP",0.12,200,"0",3,0.0,10800,2,147.0,0.735,0.0,485924.0,2010.8427107334137,0.6018158236057068,0.7647058823529411,0.012512134613310355,0.043684607917161,0.0953279955049866,0.06221098468886077,0.025116279069767544,-0.0046511627906976605
"FlowOCT","compas-limited_train_2.csv",2,"SP",0.13,200,"0",3,0.0,10800,2,147.0,0.735,0.0,482693.0,1879.4602320194244,0.62905317769131,0.7058823529411765,0.012512134613310355,0.06525725380217884,0.0953279955049866,0.07215620171372383,0.025116279069767544,-0.021395348837209283
"FlowOCT","compas-limited_train_2.csv",2,"SP",0.14,200,"0",3,0.0,10800,2,147.0,0.735,0.0,723809.0,1939.499358177185,0.6147859922178989,0.7352941176470589,0.012512134613310355,0.0611584510840254,0.0953279955049866,0.09384464110127821,0.025116279069767544,-0.034418604651162754
"FlowOCT","compas-limited_train_2.csv",2,"SP",0.15,200,"0",3,0.0,10800,2,147.0,0.735,0.0,286953.0,1234.0399658679962,0.62905317769131,0.7058823529411765,0.012512134613310355,0.06525725380217884,0.0953279955049866,0.07215620171372383,0.025116279069767544,-0.021395348837209283
"FlowOCT","compas-limited_train_2.csv",2,"SP",0.16,200,"0",3,0.0,10800,2,147.0,0.735,0.0,630366.0,2578.528525829315,0.6018158236057068,0.7647058823529411,0.012512134613310355,0.043684607917161,0.0953279955049866,0.06221098468886077,0.025116279069767544,-0.0046511627906976605
"FlowOCT","compas-limited_train_2.csv",2,"SP",0.17,200,"0",3,0.0,10800,2,147.0,0.735,0.0,490553.0,1663.9429621696472,0.6147859922178989,0.7352941176470589,0.012512134613310355,0.0611584510840254,0.0953279955049866,0.09384464110127821,0.025116279069767544,-0.034418604651162754
"FlowOCT","compas-limited_train_2.csv",2,"SP",0.18,200,"0",3,0.0,10800,2,147.0,0.735,0.0,338084.0,1483.7987580299377,0.62905317769131,0.7058823529411765,0.012512134613310355,0.06525725380217884,0.0953279955049866,0.07215620171372383,0.025116279069767544,-0.021395348837209283
"FlowOCT","compas-limited_train_2.csv",2,"SP",0.19,200,"0",3,0.0,10800,2,147.0,0.735,0.0,436034.0,1558.3801996707916,0.6147859922178989,0.7352941176470589,0.012512134613310355,0.0611584510840254,0.0953279955049866,0.09384464110127821,0.025116279069767544,-0.034418604651162754
"FlowOCT","compas-limited_train_2.csv",2,"SP",0.1,200,"0",3,0.0,10800,2,147.0,0.735,0.0,423237.0,1955.903136253357,0.6018158236057068,0.7647058823529411,0.012512134613310355,0.043684607917161,0.0953279955049866,0.06221098468886077,0.025116279069767544,-0.0046511627906976605
"FlowOCT","compas-limited_train_2.csv",2,"SP",0.21,200,"0",3,0.0,10800,2,147.0,0.735,0.0,205038.0,1766.8075501918793,0.6147859922178989,0.7352941176470589,0.012512134613310355,0.0611584510840254,0.0953279955049866,0.09384464110127821,0.025116279069767544,-0.034418604651162754
"FlowOCT","compas-limited_train_2.csv",2,"SP",0.22,200,"0",3,0.0,10800,2,147.0,0.735,0.0,501761.0,1575.155030488968,0.6018158236057068,0.7647058823529411,0.012512134613310355,0.043684607917161,0.0953279955049866,0.06221098468886077,0.025116279069767544,-0.0046511627906976605
"FlowOCT","compas-limited_train_2.csv",2,"SP",0.23,200,"0",3,0.0,10800,2,147.0,0.735,0.0,314958.0,1355.6324558258057,0.6348897535667963,0.75,0.012512134613310355,0.035487002480854235,0.0953279955049866,0.10680713583368451,0.025116279069767544,-0.05767441860465117
"FlowOCT","compas-limited_train_2.csv",2,"SP",0.24,200,"0",3,0.0,10800,2,147.0,0.735,0.0,478571.0,2546.493564605713,0.6348897535667963,0.75,0.012512134613310355,0.035487002480854235,0.0953279955049866,0.10680713583368451,0.025116279069767544,-0.05767441860465117
"FlowOCT","compas-limited_train_2.csv",2,"SP",0.25,200,"0",3,0.0,10800,2,147.0,0.735,0.0,149318.0,1786.3116993904114,0.6018158236057068,0.7647058823529411,0.012512134613310355,0.043684607917161,0.0953279955049866,0.06221098468886077,0.025116279069767544,-0.0046511627906976605
"FlowOCT","compas-limited_train_2.csv",2,"SP",0.26,200,"0",3,0.0,10800,2,147.0,0.735,0.0,325379.0,1899.6203277111053,0.62905317769131,0.7058823529411765,0.012512134613310355,0.06525725380217884,0.0953279955049866,0.07215620171372383,0.025116279069767544,-0.021395348837209283
"FlowOCT","compas-limited_train_2.csv",2,"SP",0.27,200,"0",3,0.0,10800,2,147.0,0.735,0.0,381679.0,1598.6731283664703,0.62905317769131,0.7058823529411765,0.012512134613310355,0.06525725380217884,0.0953279955049866,0.07215620171372383,0.025116279069767544,-0.021395348837209283
"FlowOCT","compas-limited_train_2.csv",2,"SP",0.28,200,"0",3,0.0,10800,2,147.0,0.735,0.0,472298.0,2058.253046989441,0.5966277561608301,0.7647058823529411,0.012512134613310355,0.059432639413223964,0.0953279955049866,0.07978648686613282,0.025116279069767544,-0.0046511627906976605
"FlowOCT","compas-limited_train_2.csv",2,"SP",0.29,200,"0",3,0.0,10800,2,147.0,0.735,0.0,351371.0,1416.6718752384186,0.6264591439688716,0.7058823529411765,0.012512134613310355,0.06525725380217884,0.0953279955049866,0.07056047197640114,0.025116279069767544,-0.021395348837209283
"FlowOCT","compas-limited_train_2.csv",2,"SP",0.2,200,"0",3,0.0,10800,2,147.0,0.735,0.0,380713.0,1365.5541892051697,0.62905317769131,0.7058823529411765,0.012512134613310355,0.06525725380217884,0.0953279955049866,0.07215620171372383,0.025116279069767544,-0.021395348837209283
"FlowOCT","compas-limited_train_2.csv",2,"SP",0.31,200,"0",3,0.0,10800,2,147.0,0.735,0.0,400852.0,1660.6214916706085,0.62905317769131,0.7058823529411765,0.012512134613310355,0.06525725380217884,0.0953279955049866,0.07215620171372383,0.025116279069767544,-0.021395348837209283
"FlowOCT","compas-limited_train_2.csv",2,"SP",0.32,200,"0",3,0.0,10800,2,147.0,0.735,0.0,508744.0,2294.471484184265,0.6348897535667963,0.75,0.012512134613310355,0.035487002480854235,0.0953279955049866,0.10680713583368451,0.025116279069767544,-0.05767441860465117
"FlowOCT","compas-limited_train_2.csv",2,"SP",0.33,200,"0",3,0.0,10800,2,147.0,0.735,0.0,398427.0,1711.7428209781647,0.6348897535667963,0.75,0.012512134613310355,0.035487002480854235,0.0953279955049866,0.10680713583368451,0.025116279069767544,-0.05767441860465117
"FlowOCT","compas-limited_train_2.csv",2,"SP",0.34,200,"0",3,0.0,10800,2,147.0,0.735,0.0,528230.0,2285.961232662201,0.6018158236057068,0.7647058823529411,0.012512134613310355,0.043684607917161,0.0953279955049866,0.06221098468886077,0.025116279069767544,-0.0046511627906976605
"FlowOCT","compas-limited_train_2.csv",2,"SP",0.35,200,"0",3,0.0,10800,2,147.0,0.735,0.0,362584.0,1582.8781790733337,0.6147859922178989,0.7352941176470589,0.012512134613310355,0.0611584510840254,0.0953279955049866,0.09384464110127821,0.025116279069767544,-0.034418604651162754
"FlowOCT","compas-limited_train_2.csv",2,"SP",0.36,200,"0",3,0.0,10800,2,147.0,0.735,0.0,527797.0,1836.3308038711548,0.62905317769131,0.7058823529411765,0.012512134613310355,0.06525725380217884,0.0953279955049866,0.07215620171372383,0.025116279069767544,-0.021395348837209283
"FlowOCT","compas-limited_train_2.csv",2,"SP",0.37,200,"0",3,0.0,10800,2,147.0,0.735,0.0,458016.0,1639.4704222679138,0.62905317769131,0.7058823529411765,0.012512134613310355,0.06525725380217884,0.0953279955049866,0.07215620171372383,0.025116279069767544,-0.021395348837209283
"FlowOCT","compas-limited_train_2.csv",2,"SP",0.38,200,"0",3,0.0,10800,2,147.0,0.735,0.0,526353.0,2895.609961271286,0.6348897535667963,0.75,0.012512134613310355,0.035487002480854235,0.0953279955049866,0.10680713583368451,0.025116279069767544,-0.05767441860465117
"FlowOCT","compas-limited_train_2.csv",2,"SP",0.39,200,"0",3,0.0,10800,2,147.0,0.735,0.0,150923.0,2113.5519642829895,0.6147859922178989,0.7352941176470589,0.012512134613310355,0.0611584510840254,0.0953279955049866,0.09384464110127821,0.025116279069767544,-0.034418604651162754
"FlowOCT","compas-limited_train_2.csv",2,"SP",0.3,200,"0",3,0.0,10800,2,147.0,0.735,0.0,712438.0,2277.370947122574,0.6348897535667963,0.75,0.012512134613310355,0.035487002480854235,0.0953279955049866,0.10680713583368451,0.025116279069767544,-0.05767441860465117
"FlowOCT","compas-limited_train_2.csv",2,"SP",0.41,200,"0",3,0.0,10800,2,147.0,0.735,0.0,316860.0,1577.1490144729614,0.6348897535667963,0.75,0.012512134613310355,0.035487002480854235,0.0953279955049866,0.10680713583368451,0.025116279069767544,-0.05767441860465117
"FlowOCT","compas-limited_train_2.csv",2,"SP",0.42,200,"0",3,0.0,10800,2,147.0,0.735,0.0,506603.0,1908.774935245514,0.6348897535667963,0.75,0.012512134613310355,0.035487002480854235,0.0953279955049866,0.10680713583368451,0.025116279069767544,-0.05767441860465117
"FlowOCT","compas-limited_train_2.csv",2,"SP",0.43,200,"0",3,0.0,10800,2,147.0,0.735,0.0,420915.0,1946.408284187317,0.62905317769131,0.7058823529411765,0.012512134613310355,0.06525725380217884,0.0953279955049866,0.07215620171372383,0.025116279069767544,-0.021395348837209283
"FlowOCT","compas-limited_train_2.csv",2,"SP",0.44,200,"0",3,0.0,10800,2,147.0,0.735,0.0,255269.0,2190.1980249881744,0.6147859922178989,0.7352941176470589,0.012512134613310355,0.0611584510840254,0.0953279955049866,0.09384464110127821,0.025116279069767544,-0.034418604651162754
"FlowOCT","compas-limited_train_2.csv",2,"SP",0.45,200,"0",3,0.0,10800,2,147.0,0.735,0.0,510193.0,1951.14209318161,0.62905317769131,0.7058823529411765,0.012512134613310355,0.06525725380217884,0.0953279955049866,0.07215620171372383,0.025116279069767544,-0.021395348837209283
"FlowOCT","compas-limited_train_2.csv",2,"SP",0.46,200,"0",3,0.0,10800,2,147.0,0.735,0.0,382092.0,1546.5480608940125,0.6348897535667963,0.75,0.012512134613310355,0.035487002480854235,0.0953279955049866,0.10680713583368451,0.025116279069767544,-0.05767441860465117
"FlowOCT","compas-limited_train_2.csv",2,"SP",0.47,200,"0",3,0.0,10800,2,147.0,0.735,0.0,387771.0,1462.4219267368317,0.6264591439688716,0.7058823529411765,0.012512134613310355,0.06525725380217884,0.0953279955049866,0.07056047197640114,0.025116279069767544,-0.021395348837209283
"FlowOCT","compas-limited_train_2.csv",2,"SP",0.48,200,"0",3,0.0,10800,2,147.0,0.735,0.0,461920.0,1721.4700524806976,0.6018158236057068,0.7647058823529411,0.012512134613310355,0.043684607917161,0.0953279955049866,0.06221098468886077,0.025116279069767544,-0.0046511627906976605
"FlowOCT","compas-limited_train_2.csv",2,"SP",0.49,200,"0",3,0.0,10800,2,147.0,0.735,0.0,323836.0,1383.3925256729126,0.62905317769131,0.7058823529411765,0.012512134613310355,0.06525725380217884,0.0953279955049866,0.07215620171372383,0.025116279069767544,-0.021395348837209283
"FlowOCT","compas-limited_train_2.csv",2,"SP",0.4,200,"0",3,0.0,10800,2,147.0,0.735,0.0,459582.0,2252.7800765037537,0.6147859922178989,0.7352941176470589,0.012512134613310355,0.0611584510840254,0.0953279955049866,0.09384464110127821,0.025116279069767544,-0.034418604651162754
"FlowOCT","compas-limited_train_2.csv",2,"SP",0.51,200,"0",3,0.0,10800,2,147.0,0.735,0.0,415413.0,1655.0836992263794,0.6348897535667963,0.75,0.012512134613310355,0.035487002480854235,0.0953279955049866,0.10680713583368451,0.025116279069767544,-0.05767441860465117
"FlowOCT","compas-limited_train_2.csv",2,"SP",0.52,200,"0",3,0.0,10800,2,147.0,0.735,0.0,472038.0,1647.014549255371,0.5966277561608301,0.7647058823529411,0.012512134613310355,0.059432639413223964,0.0953279955049866,0.07978648686613282,0.025116279069767544,-0.0046511627906976605
"FlowOCT","compas-limited_train_2.csv",2,"SP",0.53,200,"0",3,0.0,10800,2,147.0,0.735,0.0,656790.0,2273.900384426117,0.62905317769131,0.7058823529411765,0.012512134613310355,0.06525725380217884,0.0953279955049866,0.07043685910942543,0.025116279069767544,-0.021395348837209283
"FlowOCT","compas-limited_train_2.csv",2,"SP",0.54,200,"0",3,0.0,10800,2,147.0,0.735,0.0,484873.0,1635.7256820201874,0.6348897535667963,0.75,0.012512134613310355,0.035487002480854235,0.0953279955049866,0.10680713583368451,0.025116279069767544,-0.05767441860465117
"FlowOCT","compas-limited_train_2.csv",2,"SP",0.55,200,"0",3,0.0,10800,2,147.0,0.735,0.0,503381.0,1796.6636402606964,0.6147859922178989,0.7352941176470589,0.012512134613310355,0.0611584510840254,0.0953279955049866,0.09384464110127821,0.025116279069767544,-0.034418604651162754
"FlowOCT","compas-limited_train_2.csv",2,"SP",0.5,200,"0",3,0.0,10800,2,147.0,0.735,0.0,391678.0,1701.9045782089233,0.6348897535667963,0.75,0.012512134613310355,0.035487002480854235,0.0953279955049866,0.10680713583368451,0.025116279069767544,-0.05767441860465117
"FlowOCT","compas-limited_train_3.csv",3,"None",1.0,200,"0",3,0.0,10800,2,153.0,0.765,0.0,50880.0,273.2893772125244,0.642023346303502,0.7424242424242424,0.1156996970037033,0.14611154752553024,0.0953279955049866,0.14308751229105215,0.12032355915065729,0.28311425682507585
"FlowOCT","compas-limited_train_3.csv",3,"SP",0.01,200,"0",3,0.0,10800,2,148.0,0.74,0.0,126391.0,1510.8692350387573,0.6238651102464332,0.7272727272727273,0.1156996970037033,-0.004152171473459698,0.0953279955049866,0.0908442196937772,0.12032355915065729,0.07381193124368057
"FlowOCT","compas-limited_train_3.csv",3,"SP",0.02,200,"0",3,0.0,10800,2,148.0,0.74,0.0,195411.0,1306.5534834861755,0.625810635538262,0.7272727272727273,0.1156996970037033,-0.004152171473459698,0.0953279955049866,0.08961370979070094,0.12032355915065729,0.07381193124368057
"FlowOCT","compas-limited_train_3.csv",3,"SP",0.03,200,"0",3,0.0,10800,2,149.0,0.745,0.0,224327.0,1575.7606492042542,0.6271076523994812,0.7424242424242424,0.1156996970037033,0.02558635394456288,0.0953279955049866,0.09200730439668492,0.12032355915065729,0.13751263902932254
"FlowOCT","compas-limited_train_3.csv",3,"SP",0.04,200,"0",3,0.0,10800,2,150.0,0.75,0.0,85966.0,1495.9104161262512,0.622568093385214,0.7424242424242424,0.1156996970037033,0.03310515093704414,0.0953279955049866,0.1031268436578171,0.12032355915065729,0.13751263902932254
"FlowOCT","compas-limited_train_3.csv",3,"SP",0.05,200,"0",3,0.0,10800,2,150.0,0.75,0.0,300300.0,2011.9351058006287,0.622568093385214,0.7424242424242424,0.1156996970037033,0.03310515093704414,0.0953279955049866,0.1031268436578171,0.12032355915065729,0.13751263902932254
"FlowOCT","compas-limited_train_3.csv",3,"SP",0.06,200,"0",3,0.0,10800,2,150.0,0.75,0.0,258809.0,1855.5043895244598,0.622568093385214,0.7424242424242424,0.1156996970037033,0.03310515093704414,0.0953279955049866,0.1031268436578171,0.12032355915065729,0.13751263902932254
"FlowOCT","compas-limited_train_3.csv",3,"SP",0.07,200,"0",3,0.0,10800,2,150.0,0.75,0.0,146317.0,2386.390894651413,0.6232166018158236,0.7424242424242424,0.1156996970037033,0.03310515093704414,0.0953279955049866,0.10079505548532086,0.12032355915065729,0.13751263902932254
"FlowOCT","compas-limited_train_3.csv",3,"SP",0.08,200,"0",3,0.0,10800,2,150.0,0.75,0.0,459359.0,1902.1461532115936,0.622568093385214,0.7424242424242424,0.1156996970037033,0.03310515093704414,0.0953279955049866,0.1031268436578171,0.12032355915065729,0.13751263902932254
"FlowOCT","compas-limited_train_3.csv",3,"SP",0.09,200,"0",3,0.0,10800,2,150.0,0.75,0.0,225354.0,1547.334554195404,0.6141374837872893,0.7272727272727273,0.1156996970037033,0.07081135675008421,0.0953279955049866,0.10584070796460177,0.12032355915065729,0.2537917087967644
"FlowOCT","compas-limited_train_3.csv",3,"SP",0.11,200,"0",3,0.0,10800,2,151.0,0.755,0.0,270335.0,1432.2829723358154,0.6355382619974059,0.7424242424242424,0.1156996970037033,0.09336774772752782,0.0953279955049866,0.12950133445708667,0.12032355915065729,0.2770475227502528
"FlowOCT","compas-limited_train_3.csv",3,"SP",0.12,200,"0",3,0.0,10800,2,151.0,0.755,0.0,447030.0,2044.725553035736,0.6355382619974059,0.7424242424242424,0.1156996970037033,0.09336774772752782,0.0953279955049866,0.12950133445708667,0.12032355915065729,0.2770475227502528
"FlowOCT","compas-limited_train_3.csv",3,"SP",0.13,200,"0",3,0.0,10800,2,151.0,0.755,0.0,384694.0,1802.7018144130707,0.6439688715953308,0.7424242424242424,0.1156996970037033,0.11581191785433731,0.0953279955049866,0.12107880320269704,0.12032355915065729,0.2103134479271992
"FlowOCT","compas-limited_train_3.csv",3,"SP",0.14,200,"0",3,0.0,10800,2,151.0,0.755,0.0,285289.0,1480.4159379005432,0.642023346303502,0.7424242424242424,0.1156996970037033,0.11581191785433731,0.0953279955049866,0.12230931310577325,0.12032355915065729,0.2103134479271992
"FlowOCT","compas-limited_train_3.csv",3,"SP",0.15,200,"0",3,0.0,10800,2,153.0,0.765,0.0,421856.0,1898.637948513031,0.6400778210116731,0.7424242424242424,0.1156996970037033,0.14611154752553024,0.0953279955049866,0.14431802219412843,0.12032355915065729,0.28311425682507585
"FlowOCT","compas-limited_train_3.csv",3,"SP",0.16,200,"0",3,0.0,10800,2,153.0,0.765,0.0,233355.0,1097.2083320617676,0.642023346303502,0.7424242424242424,0.1156996970037033,0.14611154752553024,0.0953279955049866,0.14308751229105215,0.12032355915065729,0.28311425682507585
"FlowOCT","compas-limited_train_3.csv",3,"SP",0.17,200,"0",3,0.0,10800,2,153.0,0.765,0.0,210882.0,1043.9282636642456,0.6400778210116731,0.7424242424242424,0.1156996970037033,0.14611154752553024,0.0953279955049866,0.14431802219412843,0.12032355915065729,0.28311425682507585
"FlowOCT","compas-limited_train_3.csv",3,"SP",0.18,200,"0",3,0.0,10800,2,153.0,0.765,0.0,417801.0,2012.1126561164856,0.6400778210116731,0.7424242424242424,0.1156996970037033,0.14611154752553024,0.0953279955049866,0.14431802219412843,0.12032355915065729,0.28311425682507585
"FlowOCT","compas-limited_train_3.csv",3,"SP",0.19,200,"0",3,0.0,10800,2,153.0,0.765,0.0,419313.0,1603.868176460266,0.6400778210116731,0.7424242424242424,0.1156996970037033,0.14611154752553024,0.0953279955049866,0.14431802219412843,0.12032355915065729,0.28311425682507585
"FlowOCT","compas-limited_train_3.csv",3,"SP",0.1,200,"0",3,0.0,10800,2,151.0,0.755,0.0,171612.0,1458.621703863144,0.6335927367055771,0.7424242424242424,0.1156996970037033,0.09336774772752782,0.0953279955049866,0.13073184436016294,0.12032355915065729,0.2770475227502528
"FlowOCT","compas-limited_train_3.csv",3,"SP",0.21,200,"0",3,0.0,10800,2,153.0,0.765,0.0,334137.0,1269.5858795642853,0.642023346303502,0.7424242424242424,0.1156996970037033,0.14611154752553024,0.0953279955049866,0.14308751229105215,0.12032355915065729,0.28311425682507585
"FlowOCT","compas-limited_train_3.csv",3,"SP",0.22,200,"0",3,0.0,10800,2,153.0,0.765,0.0,167975.0,739.3179030418396,0.642023346303502,0.7424242424242424,0.1156996970037033,0.14611154752553024,0.0953279955049866,0.14308751229105215,0.12032355915065729,0.28311425682507585
"FlowOCT","compas-limited_train_3.csv",3,"SP",0.23,200,"0",3,0.0,10800,2,153.0,0.765,0.0,270888.0,1141.66086602211,0.6400778210116731,0.7424242424242424,0.1156996970037033,0.14611154752553024,0.0953279955049866,0.14431802219412843,0.12032355915065729,0.28311425682507585
"FlowOCT","compas-limited_train_3.csv",3,"SP",0.24,200,"0",3,0.0,10800,2,153.0,0.765,0.0,518345.0,2698.8825669288635,0.6400778210116731,0.7424242424242424,0.1156996970037033,0.14611154752553024,0.0953279955049866,0.14431802219412843,0.12032355915065729,0.28311425682507585
"FlowOCT","compas-limited_train_3.csv",3,"SP",0.25,200,"0",3,0.0,10800,2,153.0,0.765,0.0,307582.0,1604.048625946045,0.6400778210116731,0.7424242424242424,0.1156996970037033,0.14611154752553024,0.0953279955049866,0.14431802219412843,0.12032355915065729,0.28311425682507585
"FlowOCT","compas-limited_train_3.csv",3,"SP",0.26,200,"0",3,0.0,10800,2,153.0,0.765,0.0,311541.0,1267.8777968883514,0.6400778210116731,0.7424242424242424,0.1156996970037033,0.14611154752553024,0.0953279955049866,0.14431802219412843,0.12032355915065729,0.28311425682507585
"FlowOCT","compas-limited_train_3.csv",3,"SP",0.27,200,"0",3,0.0,10800,2,153.0,0.765,0.0,256162.0,1301.3454761505127,0.642023346303502,0.7424242424242424,0.1156996970037033,0.14611154752553024,0.0953279955049866,0.14308751229105215,0.12032355915065729,0.28311425682507585
"FlowOCT","compas-limited_train_3.csv",3,"SP",0.28,200,"0",3,0.0,10800,2,153.0,0.765,0.0,301507.0,1436.9908654689789,0.6400778210116731,0.7424242424242424,0.1156996970037033,0.14611154752553024,0.0953279955049866,0.14431802219412843,0.12032355915065729,0.28311425682507585
"FlowOCT","compas-limited_train_3.csv",3,"SP",0.29,200,"0",3,0.0,10800,2,153.0,0.765,0.0,335443.0,1825.0435509681702,0.6400778210116731,0.7424242424242424,0.1156996970037033,0.14611154752553024,0.0953279955049866,0.14431802219412843,0.12032355915065729,0.28311425682507585
"FlowOCT","compas-limited_train_3.csv",3,"SP",0.2,200,"0",3,0.0,10800,2,153.0,0.765,0.0,270796.0,1075.5041768550873,0.642023346303502,0.7424242424242424,0.1156996970037033,0.14611154752553024,0.0953279955049866,0.14308751229105215,0.12032355915065729,0.28311425682507585
"FlowOCT","compas-limited_train_3.csv",3,"SP",0.31,200,"0",3,0.0,10800,2,153.0,0.765,0.0,334716.0,1495.809434890747,0.642023346303502,0.7424242424242424,0.1156996970037033,0.14611154752553024,0.0953279955049866,0.14308751229105215,0.12032355915065729,0.28311425682507585
"FlowOCT","compas-limited_train_3.csv",3,"SP",0.32,200,"0",3,0.0,10800,2,153.0,0.765,0.0,440781.0,2058.017818212509,0.642023346303502,0.7424242424242424,0.1156996970037033,0.14611154752553024,0.0953279955049866,0.14308751229105215,0.12032355915065729,0.28311425682507585
"FlowOCT","compas-limited_train_3.csv",3,"SP",0.33,200,"0",3,0.0,10800,2,153.0,0.765,0.0,105117.0,1204.6994466781616,0.6400778210116731,0.7424242424242424,0.1156996970037033,0.14611154752553024,0.0953279955049866,0.14431802219412843,0.12032355915065729,0.28311425682507585
"FlowOCT","compas-limited_train_3.csv",3,"SP",0.34,200,"0",3,0.0,10800,2,153.0,0.765,0.0,156408.0,1311.696592092514,0.6400778210116731,0.7424242424242424,0.1156996970037033,0.14611154752553024,0.0953279955049866,0.14431802219412843,0.12032355915065729,0.28311425682507585
"FlowOCT","compas-limited_train_3.csv",3,"SP",0.35,200,"0",3,0.0,10800,2,153.0,0.765,0.0,293602.0,1104.35657787323,0.6400778210116731,0.7424242424242424,0.1156996970037033,0.14611154752553024,0.0953279955049866,0.14431802219412843,0.12032355915065729,0.28311425682507585
"FlowOCT","compas-limited_train_3.csv",3,"SP",0.36,200,"0",3,0.0,10800,2,153.0,0.765,0.0,367492.0,1239.0328340530396,0.6400778210116731,0.7424242424242424,0.1156996970037033,0.14611154752553024,0.0953279955049866,0.14431802219412843,0.12032355915065729,0.28311425682507585
"FlowOCT","compas-limited_train_3.csv",3,"SP",0.37,200,"0",3,0.0,10800,2,153.0,0.765,0.0,174133.0,2053.6435918807983,0.6400778210116731,0.7424242424242424,0.1156996970037033,0.14611154752553024,0.0953279955049866,0.14431802219412843,0.12032355915065729,0.28311425682507585
"FlowOCT","compas-limited_train_3.csv",3,"SP",0.38,200,"0",3,0.0,10800,2,153.0,0.765,0.0,310995.0,1300.2874965667725,0.6400778210116731,0.7424242424242424,0.1156996970037033,0.14611154752553024,0.0953279955049866,0.14431802219412843,0.12032355915065729,0.28311425682507585
"FlowOCT","compas-limited_train_3.csv",3,"SP",0.39,200,"0",3,0.0,10800,2,153.0,0.765,0.0,300216.0,1514.9089858531952,0.6400778210116731,0.7424242424242424,0.1156996970037033,0.14611154752553024,0.0953279955049866,0.14431802219412843,0.12032355915065729,0.28311425682507585
"FlowOCT","compas-limited_train_3.csv",3,"SP",0.3,200,"0",3,0.0,10800,2,153.0,0.765,0.0,315812.0,1659.7600090503693,0.6400778210116731,0.7424242424242424,0.1156996970037033,0.14611154752553024,0.0953279955049866,0.14431802219412843,0.12032355915065729,0.28311425682507585
"FlowOCT","compas-limited_train_3.csv",3,"SP",0.41,200,"0",3,0.0,10800,2,153.0,0.765,0.0,374260.0,1498.8382589817047,0.6400778210116731,0.7424242424242424,0.1156996970037033,0.14611154752553024,0.0953279955049866,0.14431802219412843,0.12032355915065729,0.28311425682507585
"FlowOCT","compas-limited_train_3.csv",3,"SP",0.42,200,"0",3,0.0,10800,2,153.0,0.765,0.0,377949.0,1495.6941230297089,0.642023346303502,0.7424242424242424,0.1156996970037033,0.14611154752553024,0.0953279955049866,0.14308751229105215,0.12032355915065729,0.28311425682507585
"FlowOCT","compas-limited_train_3.csv",3,"SP",0.43,200,"0",3,0.0,10800,2,153.0,0.765,0.0,473100.0,2082.0743820667267,0.6400778210116731,0.7424242424242424,0.1156996970037033,0.14611154752553024,0.0953279955049866,0.14431802219412843,0.12032355915065729,0.28311425682507585
"FlowOCT","compas-limited_train_3.csv",3,"SP",0.44,200,"0",3,0.0,10800,2,153.0,0.765,0.0,483055.0,2341.8416407108307,0.642023346303502,0.7424242424242424,0.1156996970037033,0.14611154752553024,0.0953279955049866,0.14308751229105215,0.12032355915065729,0.28311425682507585
"FlowOCT","compas-limited_train_3.csv",3,"SP",0.45,200,"0",3,0.0,10800,2,153.0,0.765,0.0,371923.0,1688.0219595432281,0.642023346303502,0.7424242424242424,0.1156996970037033,0.14611154752553024,0.0953279955049866,0.14308751229105215,0.12032355915065729,0.28311425682507585
"FlowOCT","compas-limited_train_3.csv",3,"SP",0.46,200,"0",3,0.0,10800,2,153.0,0.765,0.0,251850.0,1383.555634021759,0.642023346303502,0.7424242424242424,0.1156996970037033,0.14611154752553024,0.0953279955049866,0.14308751229105215,0.12032355915065729,0.28311425682507585
"FlowOCT","compas-limited_train_3.csv",3,"SP",0.47,200,"0",3,0.0,10800,2,153.0,0.765,0.0,386140.0,1597.034791469574,0.642023346303502,0.7424242424242424,0.1156996970037033,0.14611154752553024,0.0953279955049866,0.14308751229105215,0.12032355915065729,0.28311425682507585
"FlowOCT","compas-limited_train_3.csv",3,"SP",0.48,200,"0",3,0.0,10800,2,153.0,0.765,0.0,394080.0,2088.2023434638977,0.6400778210116731,0.7424242424242424,0.1156996970037033,0.14611154752553024,0.0953279955049866,0.14431802219412843,0.12032355915065729,0.28311425682507585
"FlowOCT","compas-limited_train_3.csv",3,"SP",0.49,200,"0",3,0.0,10800,2,153.0,0.765,0.0,324034.0,1737.7265784740448,0.642023346303502,0.7424242424242424,0.1156996970037033,0.14611154752553024,0.0953279955049866,0.14308751229105215,0.12032355915065729,0.28311425682507585
"FlowOCT","compas-limited_train_3.csv",3,"SP",0.4,200,"0",3,0.0,10800,2,153.0,0.765,0.0,379031.0,1421.6180884838104,0.6400778210116731,0.7424242424242424,0.1156996970037033,0.14611154752553024,0.0953279955049866,0.14431802219412843,0.12032355915065729,0.28311425682507585
"FlowOCT","compas-limited_train_3.csv",3,"SP",0.51,200,"0",3,0.0,10800,2,153.0,0.765,0.0,404543.0,1466.6976084709167,0.6400778210116731,0.7424242424242424,0.1156996970037033,0.14611154752553024,0.0953279955049866,0.14431802219412843,0.12032355915065729,0.28311425682507585
"FlowOCT","compas-limited_train_3.csv",3,"SP",0.52,200,"0",3,0.0,10800,2,153.0,0.765,0.0,322903.0,1817.979016304016,0.642023346303502,0.7424242424242424,0.1156996970037033,0.14611154752553024,0.0953279955049866,0.14308751229105215,0.12032355915065729,0.28311425682507585
"FlowOCT","compas-limited_train_3.csv",3,"SP",0.53,200,"0",3,0.0,10800,2,153.0,0.765,0.0,317331.0,1216.7792592048645,0.6400778210116731,0.7424242424242424,0.1156996970037033,0.14611154752553024,0.0953279955049866,0.14431802219412843,0.12032355915065729,0.28311425682507585
"FlowOCT","compas-limited_train_3.csv",3,"SP",0.54,200,"0",3,0.0,10800,2,153.0,0.765,0.0,302008.0,1152.3880672454834,0.642023346303502,0.7424242424242424,0.1156996970037033,0.14611154752553024,0.0953279955049866,0.14308751229105215,0.12032355915065729,0.28311425682507585
"FlowOCT","compas-limited_train_3.csv",3,"SP",0.55,200,"0",3,0.0,10800,2,153.0,0.765,0.0,246844.0,1014.3413321971893,0.6400778210116731,0.7424242424242424,0.1156996970037033,0.14611154752553024,0.0953279955049866,0.14431802219412843,0.12032355915065729,0.28311425682507585
"FlowOCT","compas-limited_train_3.csv",3,"SP",0.5,200,"0",3,0.0,10800,2,153.0,0.765,0.0,394318.0,2171.935655117035,0.6400778210116731,0.7424242424242424,0.1156996970037033,0.14611154752553024,0.0953279955049866,0.14431802219412843,0.12032355915065729,0.28311425682507585
"FlowOCT","compas-limited_train_4.csv",4,"None",1.0,200,"0",3,0.0,10800,2,144.0,0.72,0.0,120344.0,566.7742998600006,0.5804150453955902,0.7121212121212122,0.025698574795196993,0.010885422511502707,0.0953279955049866,0.04930467762326163,0.00707785642062686,-0.03640040444893833
"FlowOCT","compas-limited_train_4.csv",4,"SP",0.01,200,"0",3,0.0,10800,2,141.0,0.705,0.0,376283.0,2325.638952732086,0.5291828793774319,0.6818181818181818,0.025698574795196993,-0.02693300415217148,0.0953279955049866,0.012866975698833993,0.00707785642062686,-0.14964610717896865
"FlowOCT","compas-limited_train_4.csv",4,"SP",0.02,200,"0",3,0.0,10800,2,144.0,0.72,0.0,274583.0,1415.4546756744385,0.5771725032425421,0.7424242424242424,0.025698574795196993,0.01043653910896647,0.0953279955049866,0.06164910802078938,0.00707785642062686,-0.10920121334681498
"FlowOCT","compas-limited_train_4.csv",4,"SP",0.03,200,"0",3,0.0,10800,2,144.0,0.72,0.0,128516.0,1163.2558488845825,0.5771725032425421,0.7424242424242424,0.025698574795196993,0.01043653910896647,0.0953279955049866,0.06164910802078938,0.00707785642062686,-0.10920121334681498
"FlowOCT","compas-limited_train_4.csv",4,"SP",0.04,200,"0",3,0.0,10800,2,144.0,0.72,0.0,161489.0,1602.7627382278442,0.5771725032425421,0.7424242424242424,0.025698574795196993,0.01043653910896647,0.0953279955049866,0.06164910802078938,0.00707785642062686,-0.10920121334681498
"FlowOCT","compas-limited_train_4.csv",4,"SP",0.05,200,"0",3,0.0,10800,2,144.0,0.72,0.0,124681.0,1601.0674772262573,0.5771725032425421,0.7424242424242424,0.025698574795196993,0.01043653910896647,0.0953279955049866,0.06164910802078938,0.00707785642062686,-0.10920121334681498
"FlowOCT","compas-limited_train_4.csv",4,"SP",0.06,200,"0",3,0.0,10800,2,144.0,0.72,0.0,160098.0,1991.8448793888092,0.5771725032425421,0.7424242424242424,0.025698574795196993,0.01043653910896647,0.0953279955049866,0.06164910802078938,0.00707785642062686,-0.10920121334681498
"FlowOCT","compas-limited_train_4.csv",4,"SP",0.07,200,"0",3,0.0,10800,2,144.0,0.72,0.0,262406.0,2264.316619157791,0.5804150453955902,0.7121212121212122,0.025698574795196993,0.010885422511502707,0.0953279955049866,0.04930467762326163,0.00707785642062686,-0.03640040444893833
"FlowOCT","compas-limited_train_4.csv",4,"SP",0.08,200,"0",3,0.0,10800,2,144.0,0.72,0.0,113416.0,1115.4480953216553,0.5771725032425421,0.7424242424242424,0.025698574795196993,0.01043653910896647,0.0953279955049866,0.06164910802078938,0.00707785642062686,-0.10920121334681498
"FlowOCT","compas-limited_train_4.csv",4,"SP",0.09,200,"0",3,0.0,10800,2,144.0,0.72,0.0,99816.0,1059.369624376297,0.5771725032425421,0.7424242424242424,0.025698574795196993,0.01043653910896647,0.0953279955049866,0.06164910802078938,0.00707785642062686,-0.10920121334681498
"FlowOCT","compas-limited_train_4.csv",4,"SP",0.11,200,"0",3,0.0,10800,2,144.0,0.72,0.0,175989.0,1457.3607339859009,0.5804150453955902,0.7121212121212122,0.025698574795196993,0.010885422511502707,0.0953279955049866,0.04930467762326163,0.00707785642062686,-0.03640040444893833
"FlowOCT","compas-limited_train_4.csv",4,"SP",0.12,200,"0",3,0.0,10800,2,144.0,0.72,0.0,188396.0,2122.6971242427826,0.5804150453955902,0.7121212121212122,0.025698574795196993,0.010885422511502707,0.0953279955049866,0.04930467762326163,0.00707785642062686,-0.03640040444893833
"FlowOCT","compas-limited_train_4.csv",4,"SP",0.13,200,"0",3,0.0,10800,2,144.0,0.72,0.0,202865.0,1169.0504858493805,0.5804150453955902,0.7121212121212122,0.025698574795196993,0.010885422511502707,0.0953279955049866,0.04930467762326163,0.00707785642062686,-0.03640040444893833
"FlowOCT","compas-limited_train_4.csv",4,"SP",0.14,200,"0",3,0.0,10800,2,144.0,0.72,0.0,139733.0,1409.8462138175964,0.5804150453955902,0.7121212121212122,0.025698574795196993,0.010885422511502707,0.0953279955049866,0.04930467762326163,0.00707785642062686,-0.03640040444893833
"FlowOCT","compas-limited_train_4.csv",4,"SP",0.15,200,"0",3,0.0,10800,2,144.0,0.72,0.0,216624.0,2309.8052854537964,0.5804150453955902,0.7121212121212122,0.025698574795196993,0.010885422511502707,0.0953279955049866,0.04930467762326163,0.00707785642062686,-0.03640040444893833
"FlowOCT","compas-limited_train_4.csv",4,"SP",0.16,200,"0",3,0.0,10800,2,144.0,0.72,0.0,446847.0,2171.4948053359985,0.5771725032425421,0.7424242424242424,0.025698574795196993,0.01043653910896647,0.0953279955049866,0.06164910802078938,0.00707785642062686,-0.10920121334681498
"FlowOCT","compas-limited_train_4.csv",4,"SP",0.17,200,"0",3,0.0,10800,2,144.0,0.72,0.0,242226.0,2064.409092903137,0.5771725032425421,0.7424242424242424,0.025698574795196993,0.01043653910896647,0.0953279955049866,0.06164910802078938,0.00707785642062686,-0.10920121334681498
"FlowOCT","compas-limited_train_4.csv",4,"SP",0.18,200,"0",3,0.0,10800,2,144.0,0.72,0.0,154651.0,1658.9070060253143,0.5804150453955902,0.7121212121212122,0.025698574795196993,0.010885422511502707,0.0953279955049866,0.04930467762326163,0.00707785642062686,-0.03640040444893833
"FlowOCT","compas-limited_train_4.csv",4,"SP",0.19,200,"0",3,0.0,10800,2,144.0,0.72,0.0,133269.0,1278.4768183231354,0.5771725032425421,0.7424242424242424,0.025698574795196993,0.01043653910896647,0.0953279955049866,0.06164910802078938,0.00707785642062686,-0.10920121334681498
"FlowOCT","compas-limited_train_4.csv",4,"SP",0.1,200,"0",3,0.0,10800,2,144.0,0.72,0.0,144807.0,1370.6599040031433,0.5804150453955902,0.7121212121212122,0.025698574795196993,0.010885422511502707,0.0953279955049866,0.04930467762326163,0.00707785642062686,-0.03640040444893833
"FlowOCT","compas-limited_train_4.csv",4,"SP",0.21,200,"0",3,0.0,10800,2,144.0,0.72,0.0,117713.0,861.6981360912323,0.5771725032425421,0.7424242424242424,0.025698574795196993,0.01043653910896647,0.0953279955049866,0.06164910802078938,0.00707785642062686,-0.10920121334681498
"FlowOCT","compas-limited_train_4.csv",4,"SP",0.22,200,"0",3,0.0,10800,2,144.0,0.72,0.0,218708.0,1480.680653333664,0.5771725032425421,0.7424242424242424,0.025698574795196993,0.01043653910896647,0.0953279955049866,0.06164910802078938,0.00707785642062686,-0.10920121334681498
"FlowOCT","compas-limited_train_4.csv",4,"SP",0.23,200,"0",3,0.0,10800,2,144.0,0.72,0.0,299373.0,2439.1679949760437,0.5771725032425421,0.7424242424242424,0.025698574795196993,0.01043653910896647,0.0953279955049866,0.06164910802078938,0.00707785642062686,-0.10920121334681498
"FlowOCT","compas-limited_train_4.csv",4,"SP",0.24,200,"0",3,0.0,10800,2,144.0,0.72,0.0,210278.0,1500.608716726303,0.5771725032425421,0.7424242424242424,0.025698574795196993,0.01043653910896647,0.0953279955049866,0.06164910802078938,0.00707785642062686,-0.10920121334681498
"FlowOCT","compas-limited_train_4.csv",4,"SP",0.25,200,"0",3,0.0,10800,2,144.0,0.72,0.0,247107.0,1680.1846144199371,0.5804150453955902,0.7121212121212122,0.025698574795196993,0.010885422511502707,0.0953279955049866,0.04930467762326163,0.00707785642062686,-0.03640040444893833
"FlowOCT","compas-limited_train_4.csv",4,"SP",0.26,200,"0",3,0.0,10800,2,144.0,0.72,0.0,141372.0,1288.2096440792084,0.5804150453955902,0.7121212121212122,0.025698574795196993,0.010885422511502707,0.0953279955049866,0.04930467762326163,0.00707785642062686,-0.03640040444893833
"FlowOCT","compas-limited_train_4.csv",4,"SP",0.27,200,"0",3,0.0,10800,2,144.0,0.72,0.0,222466.0,1820.574052810669,0.5804150453955902,0.7121212121212122,0.025698574795196993,0.010885422511502707,0.0953279955049866,0.04930467762326163,0.00707785642062686,-0.03640040444893833
"FlowOCT","compas-limited_train_4.csv",4,"SP",0.28,200,"0",3,0.0,10800,2,144.0,0.72,0.0,163222.0,1342.0443062782288,0.5804150453955902,0.7121212121212122,0.025698574795196993,0.010885422511502707,0.0953279955049866,0.04930467762326163,0.00707785642062686,-0.03640040444893833
"FlowOCT","compas-limited_train_4.csv",4,"SP",0.29,200,"0",3,0.0,10800,2,144.0,0.72,0.0,228765.0,1705.8074193000793,0.5771725032425421,0.7424242424242424,0.025698574795196993,0.01043653910896647,0.0953279955049866,0.06164910802078938,0.00707785642062686,-0.10920121334681498
"FlowOCT","compas-limited_train_4.csv",4,"SP",0.2,200,"0",3,0.0,10800,2,144.0,0.72,0.0,227805.0,1289.2892091274261,0.5804150453955902,0.7121212121212122,0.025698574795196993,0.010885422511502707,0.0953279955049866,0.04930467762326163,0.00707785642062686,-0.03640040444893833
"FlowOCT","compas-limited_train_4.csv",4,"SP",0.31,200,"0",3,0.0,10800,2,144.0,0.72,0.0,250624.0,1938.2835273742676,0.5771725032425421,0.7424242424242424,0.025698574795196993,0.01043653910896647,0.0953279955049866,0.06164910802078938,0.00707785642062686,-0.10920121334681498
"FlowOCT","compas-limited_train_4.csv",4,"SP",0.32,200,"0",3,0.0,10800,2,144.0,0.72,0.0,154462.0,1221.928154706955,0.5804150453955902,0.7121212121212122,0.025698574795196993,0.010885422511502707,0.0953279955049866,0.04930467762326163,0.00707785642062686,-0.03640040444893833
"FlowOCT","compas-limited_train_4.csv",4,"SP",0.33,200,"0",3,0.0,10800,2,144.0,0.72,0.0,230725.0,1739.236160516739,0.5804150453955902,0.7121212121212122,0.025698574795196993,0.010885422511502707,0.0953279955049866,0.04930467762326163,0.00707785642062686,-0.03640040444893833
"FlowOCT","compas-limited_train_4.csv",4,"SP",0.34,200,"0",3,0.0,10800,2,144.0,0.72,0.0,241204.0,2073.9202625751495,0.5804150453955902,0.7121212121212122,0.025698574795196993,0.010885422511502707,0.0953279955049866,0.04930467762326163,0.00707785642062686,-0.03640040444893833
"FlowOCT","compas-limited_train_4.csv",4,"SP",0.35,200,"0",3,0.0,10800,2,144.0,0.72,0.0,105598.0,806.7411735057831,0.5804150453955902,0.7121212121212122,0.025698574795196993,0.010885422511502707,0.0953279955049866,0.04930467762326163,0.00707785642062686,-0.03640040444893833
"FlowOCT","compas-limited_train_4.csv",4,"SP",0.36,200,"0",3,0.0,10800,2,144.0,0.72,0.0,161369.0,1376.107335805893,0.5804150453955902,0.7121212121212122,0.025698574795196993,0.010885422511502707,0.0953279955049866,0.04930467762326163,0.00707785642062686,-0.03640040444893833
"FlowOCT","compas-limited_train_4.csv",4,"SP",0.37,200,"0",3,0.0,10800,2,144.0,0.72,0.0,239880.0,1369.6793005466461,0.5804150453955902,0.7121212121212122,0.025698574795196993,0.010885422511502707,0.0953279955049866,0.04930467762326163,0.00707785642062686,-0.03640040444893833
"FlowOCT","compas-limited_train_4.csv",4,"SP",0.38,200,"0",3,0.0,10800,2,144.0,0.72,0.0,248222.0,1776.366449356079,0.5771725032425421,0.7424242424242424,0.025698574795196993,0.01043653910896647,0.0953279955049866,0.06164910802078938,0.00707785642062686,-0.10920121334681498
"FlowOCT","compas-limited_train_4.csv",4,"SP",0.39,200,"0",3,0.0,10800,2,144.0,0.72,0.0,256872.0,1412.324810743332,0.5804150453955902,0.7121212121212122,0.025698574795196993,0.010885422511502707,0.0953279955049866,0.04930467762326163,0.00707785642062686,-0.03640040444893833
"FlowOCT","compas-limited_train_4.csv",4,"SP",0.3,200,"0",3,0.0,10800,2,144.0,0.72,0.0,237191.0,1641.89298081398,0.5804150453955902,0.7121212121212122,0.025698574795196993,0.010885422511502707,0.0953279955049866,0.04930467762326163,0.00707785642062686,-0.03640040444893833
"FlowOCT","compas-limited_train_4.csv",4,"SP",0.41,200,"0",3,0.0,10800,2,144.0,0.72,0.0,198930.0,1519.6004991531372,0.5771725032425421,0.7424242424242424,0.025698574795196993,0.01043653910896647,0.0953279955049866,0.06164910802078938,0.00707785642062686,-0.10920121334681498
"FlowOCT","compas-limited_train_4.csv",4,"SP",0.42,200,"0",3,0.0,10800,2,144.0,0.72,0.0,156148.0,1821.119769334793,0.5804150453955902,0.7121212121212122,0.025698574795196993,0.010885422511502707,0.0953279955049866,0.04930467762326163,0.00707785642062686,-0.03640040444893833
"FlowOCT","compas-limited_train_4.csv",4,"SP",0.43,200,"0",3,0.0,10800,2,144.0,0.72,0.0,165868.0,1290.9810202121735,0.5771725032425421,0.7424242424242424,0.025698574795196993,0.01043653910896647,0.0953279955049866,0.06164910802078938,0.00707785642062686,-0.10920121334681498
"FlowOCT","compas-limited_train_4.csv",4,"SP",0.44,200,"0",3,0.0,10800,2,144.0,0.72,0.0,259833.0,1717.8119621276855,0.5771725032425421,0.7424242424242424,0.025698574795196993,0.01043653910896647,0.0953279955049866,0.06164910802078938,0.00707785642062686,-0.10920121334681498
"FlowOCT","compas-limited_train_4.csv",4,"SP",0.45,200,"0",3,0.0,10800,2,144.0,0.72,0.0,157085.0,1254.1913101673126,0.5771725032425421,0.7424242424242424,0.025698574795196993,0.01043653910896647,0.0953279955049866,0.06164910802078938,0.00707785642062686,-0.10920121334681498
"FlowOCT","compas-limited_train_4.csv",4,"SP",0.46,200,"0",3,0.0,10800,2,144.0,0.72,0.0,158605.0,1376.3248295783997,0.5771725032425421,0.7424242424242424,0.025698574795196993,0.01043653910896647,0.0953279955049866,0.06164910802078938,0.00707785642062686,-0.10920121334681498
"FlowOCT","compas-limited_train_4.csv",4,"SP",0.47,200,"0",3,0.0,10800,2,144.0,0.72,0.0,110477.0,1074.593997001648,0.5771725032425421,0.7424242424242424,0.025698574795196993,0.01043653910896647,0.0953279955049866,0.06164910802078938,0.00707785642062686,-0.10920121334681498
"FlowOCT","compas-limited_train_4.csv",4,"SP",0.48,200,"0",3,0.0,10800,2,144.0,0.72,0.0,114039.0,840.3133835792542,0.5804150453955902,0.7121212121212122,0.025698574795196993,0.010885422511502707,0.0953279955049866,0.04930467762326163,0.00707785642062686,-0.03640040444893833
"FlowOCT","compas-limited_train_4.csv",4,"SP",0.49,200,"0",3,0.0,10800,2,144.0,0.72,0.0,234593.0,1901.0349402427673,0.5804150453955902,0.7121212121212122,0.025698574795196993,0.010885422511502707,0.0953279955049866,0.04930467762326163,0.00707785642062686,-0.03640040444893833
"FlowOCT","compas-limited_train_4.csv",4,"SP",0.4,200,"0",3,0.0,10800,2,144.0,0.72,0.0,167445.0,1899.5791308879852,0.5804150453955902,0.7121212121212122,0.025698574795196993,0.010885422511502707,0.0953279955049866,0.04930467762326163,0.00707785642062686,-0.03640040444893833
"FlowOCT","compas-limited_train_4.csv",4,"SP",0.51,200,"0",3,0.0,10800,2,144.0,0.72,0.0,192624.0,1172.4923157691956,0.5771725032425421,0.7424242424242424,0.025698574795196993,0.01043653910896647,0.0953279955049866,0.06164910802078938,0.00707785642062686,-0.10920121334681498
"FlowOCT","compas-limited_train_4.csv",4,"SP",0.52,200,"0",3,0.0,10800,2,144.0,0.72,0.0,153582.0,1281.2134537696838,0.5771725032425421,0.7424242424242424,0.025698574795196993,0.01043653910896647,0.0953279955049866,0.06164910802078938,0.00707785642062686,-0.10920121334681498
"FlowOCT","compas-limited_train_4.csv",4,"SP",0.53,200,"0",3,0.0,10800,2,144.0,0.72,0.0,168636.0,1444.8562080860138,0.5804150453955902,0.7121212121212122,0.025698574795196993,0.010885422511502707,0.0953279955049866,0.04930467762326163,0.00707785642062686,-0.03640040444893833
"FlowOCT","compas-limited_train_4.csv",4,"SP",0.54,200,"0",3,0.0,10800,2,144.0,0.72,0.0,152270.0,1311.9842190742493,0.5771725032425421,0.7424242424242424,0.025698574795196993,0.01043653910896647,0.0953279955049866,0.06164910802078938,0.00707785642062686,-0.10920121334681498
"FlowOCT","compas-limited_train_4.csv",4,"SP",0.55,200,"0",3,0.0,10800,2,144.0,0.72,0.0,151542.0,1826.8868021965027,0.5771725032425421,0.7424242424242424,0.025698574795196993,0.01043653910896647,0.0953279955049866,0.06164910802078938,0.00707785642062686,-0.10920121334681498
"FlowOCT","compas-limited_train_4.csv",4,"SP",0.5,200,"0",3,0.0,10800,2,144.0,0.72,0.0,234456.0,2653.9219088554382,0.5804150453955902,0.7121212121212122,0.025698574795196993,0.010885422511502707,0.0953279955049866,0.04930467762326163,0.00707785642062686,-0.03640040444893833
"FlowOCT","compas-limited_train_5.csv",5,"None",1.0,200,"0",3,0.0,10800,2,154.0,0.77,0.0,65125.0,208.5196876525879,0.6569390402075227,0.7941176470588235,0.06943909639327428,0.06943909639327428,0.0953279955049866,0.16562438544739427,0.05555555555555558,0.13111111111111107
"FlowOCT","compas-limited_train_5.csv",5,"SP",0.01,200,"0",3,0.0,10800,2,149.0,0.745,0.0,413671.0,2412.8769402503967,0.6647211413748378,0.7794117647058824,0.06943909639327428,0.006674367860351693,0.0953279955049866,0.14785784520297796,0.05555555555555558,0.07111111111111101
"FlowOCT","compas-limited_train_5.csv",5,"SP",0.02,200,"0",3,0.0,10800,2,150.0,0.75,0.0,452917.0,2255.9450883865356,0.6439688715953308,0.8088235294117647,0.06943909639327428,0.011936850211782812,0.0953279955049866,0.14385728332630987,0.05555555555555558,0.03111111111111109
"FlowOCT","compas-limited_train_5.csv",5,"SP",0.03,200,"0",3,0.0,10800,2,150.0,0.75,0.0,313371.0,2321.5688655376434,0.6446173800259404,0.7794117647058824,0.06943909639327428,0.02708253112565784,0.0953279955049866,0.17453013063632528,0.05555555555555558,0.03111111111111109
"FlowOCT","compas-limited_train_5.csv",5,"SP",0.04,200,"0",3,0.0,10800,2,150.0,0.75,0.0,309485.0,1586.7916007041931,0.6309987029831388,0.7794117647058824,0.06943909639327428,0.019638043896804014,0.0953279955049866,0.11303272931591518,0.05555555555555558,0.0755555555555556
"FlowOCT","compas-limited_train_5.csv",5,"SP",0.05,200,"0",3,0.0,10800,2,153.0,0.765,0.0,293974.0,2134.9513189792633,0.6582360570687419,0.8088235294117647,0.06943909639327428,0.049030933127968135,0.0953279955049866,0.16998454839162802,0.05555555555555558,0.11111111111111105
"FlowOCT","compas-limited_train_5.csv",5,"SP",0.06,200,"0",3,0.0,10800,2,153.0,0.765,0.0,199097.0,1448.9879529476166,0.6569390402075227,0.7941176470588235,0.06943909639327428,0.05211141060197666,0.0953279955049866,0.1491613990729035,0.05555555555555558,0.13111111111111107
"FlowOCT","compas-limited_train_5.csv",5,"SP",0.07,200,"0",3,0.0,10800,2,154.0,0.77,0.0,194686.0,1411.6998705863953,0.6569390402075227,0.7941176470588235,0.06943909639327428,0.06943909639327428,0.0953279955049866,0.16562438544739427,0.05555555555555558,0.13111111111111107
"FlowOCT","compas-limited_train_5.csv",5,"SP",0.08,200,"0",3,0.0,10800,2,154.0,0.77,0.0,302661.0,1392.9084477424622,0.6569390402075227,0.7941176470588235,0.06943909639327428,0.06943909639327428,0.0953279955049866,0.16562438544739427,0.05555555555555558,0.13111111111111107
"FlowOCT","compas-limited_train_5.csv",5,"SP",0.09,200,"0",3,0.0,10800,2,154.0,0.77,0.0,285874.0,1507.5800206661224,0.6569390402075227,0.7941176470588235,0.06943909639327428,0.06943909639327428,0.0953279955049866,0.16562438544739427,0.05555555555555558,0.13111111111111107
"FlowOCT","compas-limited_train_5.csv",5,"SP",0.11,200,"0",3,0.0,10800,2,154.0,0.77,0.0,244088.0,1001.112551689148,0.6569390402075227,0.7941176470588235,0.06943909639327428,0.06943909639327428,0.0953279955049866,0.16562438544739427,0.05555555555555558,0.13111111111111107
"FlowOCT","compas-limited_train_5.csv",5,"SP",0.12,200,"0",3,0.0,10800,2,154.0,0.77,0.0,326079.0,1452.91264462471,0.6569390402075227,0.7941176470588235,0.06943909639327428,0.06943909639327428,0.0953279955049866,0.16562438544739427,0.05555555555555558,0.13111111111111107
"FlowOCT","compas-limited_train_5.csv",5,"SP",0.13,200,"0",3,0.0,10800,2,154.0,0.77,0.0,311168.0,1977.561842918396,0.6569390402075227,0.7941176470588235,0.06943909639327428,0.06943909639327428,0.0953279955049866,0.16562438544739427,0.05555555555555558,0.13111111111111107
"FlowOCT","compas-limited_train_5.csv",5,"SP",0.14,200,"0",3,0.0,10800,2,154.0,0.77,0.0,358556.0,2158.5753135681152,0.6569390402075227,0.7941176470588235,0.06943909639327428,0.06943909639327428,0.0953279955049866,0.16562438544739427,0.05555555555555558,0.13111111111111107
"FlowOCT","compas-limited_train_5.csv",5,"SP",0.15,200,"0",3,0.0,10800,2,154.0,0.77,0.0,360330.0,1527.461538553238,0.6569390402075227,0.7941176470588235,0.06943909639327428,0.06943909639327428,0.0953279955049866,0.16562438544739427,0.05555555555555558,0.13111111111111107
"FlowOCT","compas-limited_train_5.csv",5,"SP",0.16,200,"0",3,0.0,10800,2,154.0,0.77,0.0,316431.0,1410.245848417282,0.6569390402075227,0.7941176470588235,0.06943909639327428,0.06943909639327428,0.0953279955049866,0.16562438544739427,0.05555555555555558,0.13111111111111107
"FlowOCT","compas-limited_train_5.csv",5,"SP",0.17,200,"0",3,0.0,10800,2,154.0,0.77,0.0,335526.0,1286.8683514595032,0.6569390402075227,0.7941176470588235,0.06943909639327428,0.06943909639327428,0.0953279955049866,0.16562438544739427,0.05555555555555558,0.13111111111111107
"FlowOCT","compas-limited_train_5.csv",5,"SP",0.18,200,"0",3,0.0,10800,2,154.0,0.77,0.0,338806.0,1325.367130279541,0.6569390402075227,0.7941176470588235,0.06943909639327428,0.06943909639327428,0.0953279955049866,0.16562438544739427,0.05555555555555558,0.13111111111111107
"FlowOCT","compas-limited_train_5.csv",5,"SP",0.19,200,"0",3,0.0,10800,2,154.0,0.77,0.0,262506.0,1037.7327320575714,0.6569390402075227,0.7941176470588235,0.06943909639327428,0.06943909639327428,0.0953279955049866,0.16562438544739427,0.05555555555555558,0.13111111111111107
"FlowOCT","compas-limited_train_5.csv",5,"SP",0.1,200,"0",3,0.0,10800,2,154.0,0.77,0.0,218178.0,1217.6813249588013,0.6569390402075227,0.7941176470588235,0.06943909639327428,0.06943909639327428,0.0953279955049866,0.16562438544739427,0.05555555555555558,0.13111111111111107
"FlowOCT","compas-limited_train_5.csv",5,"SP",0.21,200,"0",3,0.0,10800,2,154.0,0.77,0.0,279952.0,1253.6834967136383,0.6569390402075227,0.7941176470588235,0.06943909639327428,0.06943909639327428,0.0953279955049866,0.16562438544739427,0.05555555555555558,0.13111111111111107
"FlowOCT","compas-limited_train_5.csv",5,"SP",0.22,200,"0",3,0.0,10800,2,154.0,0.77,0.0,279511.0,1495.2218625545502,0.6569390402075227,0.7941176470588235,0.06943909639327428,0.06943909639327428,0.0953279955049866,0.16562438544739427,0.05555555555555558,0.13111111111111107
"FlowOCT","compas-limited_train_5.csv",5,"SP",0.23,200,"0",3,0.0,10800,2,154.0,0.77,0.0,327010.0,1329.4904358386993,0.6569390402075227,0.7941176470588235,0.06943909639327428,0.06943909639327428,0.0953279955049866,0.16562438544739427,0.05555555555555558,0.13111111111111107
"FlowOCT","compas-limited_train_5.csv",5,"SP",0.24,200,"0",3,0.0,10800,2,154.0,0.77,0.0,395382.0,1644.7986841201782,0.6569390402075227,0.7941176470588235,0.06943909639327428,0.06943909639327428,0.0953279955049866,0.16562438544739427,0.05555555555555558,0.13111111111111107
"FlowOCT","compas-limited_train_5.csv",5,"SP",0.25,200,"0",3,0.0,10800,2,154.0,0.77,0.0,305831.0,1182.8704595565796,0.6569390402075227,0.7941176470588235,0.06943909639327428,0.06943909639327428,0.0953279955049866,0.16562438544739427,0.05555555555555558,0.13111111111111107
"FlowOCT","compas-limited_train_5.csv",5,"SP",0.26,200,"0",3,0.0,10800,2,154.0,0.77,0.0,303723.0,1461.4510748386383,0.6569390402075227,0.7941176470588235,0.06943909639327428,0.06943909639327428,0.0953279955049866,0.16562438544739427,0.05555555555555558,0.13111111111111107
"FlowOCT","compas-limited_train_5.csv",5,"SP",0.27,200,"0",3,0.0,10800,2,154.0,0.77,0.0,412253.0,2210.7886760234833,0.6569390402075227,0.7941176470588235,0.06943909639327428,0.06943909639327428,0.0953279955049866,0.16562438544739427,0.05555555555555558,0.13111111111111107
"FlowOCT","compas-limited_train_5.csv",5,"SP",0.28,200,"0",3,0.0,10800,2,154.0,0.77,0.0,291333.0,1543.239550113678,0.6569390402075227,0.7941176470588235,0.06943909639327428,0.06943909639327428,0.0953279955049866,0.16562438544739427,0.05555555555555558,0.13111111111111107
"FlowOCT","compas-limited_train_5.csv",5,"SP",0.29,200,"0",3,0.0,10800,2,154.0,0.77,0.0,251121.0,1408.3259253501892,0.6569390402075227,0.7941176470588235,0.06943909639327428,0.06943909639327428,0.0953279955049866,0.16562438544739427,0.05555555555555558,0.13111111111111107
"FlowOCT","compas-limited_train_5.csv",5,"SP",0.2,200,"0",3,0.0,10800,2,154.0,0.77,0.0,219786.0,1482.566745042801,0.6569390402075227,0.7941176470588235,0.06943909639327428,0.06943909639327428,0.0953279955049866,0.16562438544739427,0.05555555555555558,0.13111111111111107
"FlowOCT","compas-limited_train_5.csv",5,"SP",0.31,200,"0",3,0.0,10800,2,154.0,0.77,0.0,433485.0,2037.0441534519196,0.6569390402075227,0.7941176470588235,0.06943909639327428,0.06943909639327428,0.0953279955049866,0.16562438544739427,0.05555555555555558,0.13111111111111107
"FlowOCT","compas-limited_train_5.csv",5,"SP",0.32,200,"0",3,0.0,10800,2,154.0,0.77,0.0,269453.0,1529.0507848262787,0.6569390402075227,0.7941176470588235,0.06943909639327428,0.06943909639327428,0.0953279955049866,0.16562438544739427,0.05555555555555558,0.13111111111111107
"FlowOCT","compas-limited_train_5.csv",5,"SP",0.33,200,"0",3,0.0,10800,2,154.0,0.77,0.0,327631.0,1542.1304762363434,0.6569390402075227,0.7941176470588235,0.06943909639327428,0.06943909639327428,0.0953279955049866,0.16562438544739427,0.05555555555555558,0.13111111111111107
"FlowOCT","compas-limited_train_5.csv",5,"SP",0.34,200,"0",3,0.0,10800,2,154.0,0.77,0.0,336653.0,1745.8086490631104,0.6569390402075227,0.7941176470588235,0.06943909639327428,0.06943909639327428,0.0953279955049866,0.16562438544739427,0.05555555555555558,0.13111111111111107
"FlowOCT","compas-limited_train_5.csv",5,"SP",0.35,200,"0",3,0.0,10800,2,154.0,0.77,0.0,262754.0,999.7824902534485,0.6569390402075227,0.7941176470588235,0.06943909639327428,0.06943909639327428,0.0953279955049866,0.16562438544739427,0.05555555555555558,0.13111111111111107
"FlowOCT","compas-limited_train_5.csv",5,"SP",0.36,200,"0",3,0.0,10800,2,154.0,0.77,0.0,115929.0,1695.6732025146484,0.6569390402075227,0.7941176470588235,0.06943909639327428,0.06943909639327428,0.0953279955049866,0.16562438544739427,0.05555555555555558,0.13111111111111107
"FlowOCT","compas-limited_train_5.csv",5,"SP",0.37,200,"0",3,0.0,10800,2,154.0,0.77,0.0,394065.0,1658.9354083538055,0.6569390402075227,0.7941176470588235,0.06943909639327428,0.06943909639327428,0.0953279955049866,0.16562438544739427,0.05555555555555558,0.13111111111111107
"FlowOCT","compas-limited_train_5.csv",5,"SP",0.38,200,"0",3,0.0,10800,2,154.0,0.77,0.0,260332.0,1763.3139598369598,0.6569390402075227,0.7941176470588235,0.06943909639327428,0.06943909639327428,0.0953279955049866,0.16562438544739427,0.05555555555555558,0.13111111111111107
"FlowOCT","compas-limited_train_5.csv",5,"SP",0.39,200,"0",3,0.0,10800,2,154.0,0.77,0.0,317287.0,1416.8932087421417,0.6569390402075227,0.7941176470588235,0.06943909639327428,0.06943909639327428,0.0953279955049866,0.16562438544739427,0.05555555555555558,0.13111111111111107
"FlowOCT","compas-limited_train_5.csv",5,"SP",0.3,200,"0",3,0.0,10800,2,154.0,0.77,0.0,330962.0,1752.435554265976,0.6569390402075227,0.7941176470588235,0.06943909639327428,0.06943909639327428,0.0953279955049866,0.16562438544739427,0.05555555555555558,0.13111111111111107
"FlowOCT","compas-limited_train_5.csv",5,"SP",0.41,200,"0",3,0.0,10800,2,154.0,0.77,0.0,443272.0,1682.005181312561,0.6569390402075227,0.7941176470588235,0.06943909639327428,0.06943909639327428,0.0953279955049866,0.16562438544739427,0.05555555555555558,0.13111111111111107
"FlowOCT","compas-limited_train_5.csv",5,"SP",0.42,200,"0",3,0.0,10800,2,154.0,0.77,0.0,246589.0,1173.7492804527283,0.6569390402075227,0.7941176470588235,0.06943909639327428,0.06943909639327428,0.0953279955049866,0.16562438544739427,0.05555555555555558,0.13111111111111107
"FlowOCT","compas-limited_train_5.csv",5,"SP",0.43,200,"0",3,0.0,10800,2,154.0,0.77,0.0,344279.0,1319.0147864818573,0.6569390402075227,0.7941176470588235,0.06943909639327428,0.06943909639327428,0.0953279955049866,0.16562438544739427,0.05555555555555558,0.13111111111111107
"FlowOCT","compas-limited_train_5.csv",5,"SP",0.44,200,"0",3,0.0,10800,2,154.0,0.77,0.0,292296.0,1445.273544549942,0.6569390402075227,0.7941176470588235,0.06943909639327428,0.06943909639327428,0.0953279955049866,0.16562438544739427,0.05555555555555558,0.13111111111111107
"FlowOCT","compas-limited_train_5.csv",5,"SP",0.45,200,"0",3,0.0,10800,2,154.0,0.77,0.0,258410.0,1119.694378376007,0.6569390402075227,0.7941176470588235,0.06943909639327428,0.06943909639327428,0.0953279955049866,0.16562438544739427,0.05555555555555558,0.13111111111111107
"FlowOCT","compas-limited_train_5.csv",5,"SP",0.46,200,"0",3,0.0,10800,2,154.0,0.77,0.0,401212.0,1705.8487255573273,0.6569390402075227,0.7941176470588235,0.06943909639327428,0.06943909639327428,0.0953279955049866,0.16562438544739427,0.05555555555555558,0.13111111111111107
"FlowOCT","compas-limited_train_5.csv",5,"SP",0.47,200,"0",3,0.0,10800,2,154.0,0.77,0.0,403530.0,1544.4565966129303,0.6543450064850843,0.7941176470588235,0.06943909639327428,0.06943909639327428,0.0953279955049866,0.15628599522404824,0.05555555555555558,0.13111111111111107
"FlowOCT","compas-limited_train_5.csv",5,"SP",0.48,200,"0",3,0.0,10800,2,154.0,0.77,0.0,346326.0,1321.8860363960266,0.6569390402075227,0.7941176470588235,0.06943909639327428,0.06943909639327428,0.0953279955049866,0.16562438544739427,0.05555555555555558,0.13111111111111107
"FlowOCT","compas-limited_train_5.csv",5,"SP",0.49,200,"0",3,0.0,10800,2,154.0,0.77,0.0,249248.0,984.0339124202728,0.6569390402075227,0.7941176470588235,0.06943909639327428,0.06943909639327428,0.0953279955049866,0.16562438544739427,0.05555555555555558,0.13111111111111107
"FlowOCT","compas-limited_train_5.csv",5,"SP",0.4,200,"0",3,0.0,10800,2,154.0,0.77,0.0,299351.0,1634.657214641571,0.6569390402075227,0.7941176470588235,0.06943909639327428,0.06943909639327428,0.0953279955049866,0.16562438544739427,0.05555555555555558,0.13111111111111107
"FlowOCT","compas-limited_train_5.csv",5,"SP",0.51,200,"0",3,0.0,10800,2,154.0,0.77,0.0,334668.0,1298.9365272521973,0.6569390402075227,0.7941176470588235,0.06943909639327428,0.06943909639327428,0.0953279955049866,0.16562438544739427,0.05555555555555558,0.13111111111111107
"FlowOCT","compas-limited_train_5.csv",5,"SP",0.52,200,"0",3,0.0,10800,2,154.0,0.77,0.0,243041.0,1021.4575750827789,0.6569390402075227,0.7941176470588235,0.06943909639327428,0.06943909639327428,0.0953279955049866,0.16562438544739427,0.05555555555555558,0.13111111111111107
"FlowOCT","compas-limited_train_5.csv",5,"SP",0.53,200,"0",3,0.0,10800,2,154.0,0.77,0.0,405253.0,1638.4863312244415,0.6569390402075227,0.7941176470588235,0.06943909639327428,0.06943909639327428,0.0953279955049866,0.16562438544739427,0.05555555555555558,0.13111111111111107
"FlowOCT","compas-limited_train_5.csv",5,"SP",0.54,200,"0",3,0.0,10800,2,154.0,0.77,0.0,373231.0,2265.095306158066,0.6569390402075227,0.7941176470588235,0.06943909639327428,0.06943909639327428,0.0953279955049866,0.16562438544739427,0.05555555555555558,0.13111111111111107
"FlowOCT","compas-limited_train_5.csv",5,"SP",0.55,200,"0",3,0.0,10800,2,154.0,0.77,0.0,255483.0,1350.686433315277,0.6569390402075227,0.7941176470588235,0.06943909639327428,0.06943909639327428,0.0953279955049866,0.16562438544739427,0.05555555555555558,0.13111111111111107
"FlowOCT","compas-limited_train_5.csv",5,"SP",0.5,200,"0",3,0.0,10800,2,154.0,0.77,0.0,266172.0,1353.9219105243683,0.6569390402075227,0.7941176470588235,0.06943909639327428,0.06943909639327428,0.0953279955049866,0.16562438544739427,0.05555555555555558,0.13111111111111107
