"FlowOCT","german-limited_train_1.csv",1,"None",1.0,250,"0",3,0.0,10800,9,205.0,0.82,21.463414634146343,215965.0,10800.293791294098,0.6907630522088354,0.8395061728395061,0.29423660262891804,0.07796876755420734,0.14210751766973662,-0.011244377811094441,0.25565610859728494,0.14253393665158365
"FlowOCT","german-limited_train_1.csv",1,"SP",0.01,250,"0",3,0.0,10800,9,202.0,0.808,16.831683168316832,181133.0,10800.232188224792,0.6506024096385542,0.8148148148148148,0.29423660262891804,0.0064037748567576935,0.14210751766973662,0.03630327693296209,0.25565610859728494,-0.0667420814479639
"FlowOCT","german-limited_train_1.csv",1,"SP",0.02,250,"0",3,0.0,10800,9,203.0,0.812,17.24137931034483,144286.0,10800.17743897438,0.7670682730923695,0.8271604938271605,0.29423660262891804,-0.01595326367823835,0.14210751766973662,0.09745127436281864,0.25565610859728494,-0.08484162895927605
"FlowOCT","german-limited_train_1.csv",1,"SP",0.03,250,"0",3,0.0,10800,9,203.0,0.812,17.24137931034483,241974.0,10800.134853601456,0.6385542168674698,0.8765432098765432,0.29423660262891804,0.01303224356813848,0.14210751766973662,-0.01906189762261723,0.25565610859728494,0.0690045248868778
"FlowOCT","german-limited_train_1.csv",1,"SP",0.04,250,"0",3,0.0,10800,9,202.0,0.808,17.82178217821782,140422.0,10800.238301753998,0.6827309236947792,0.8395061728395061,0.29423660262891804,0.008201325693742323,0.14210751766973662,-0.08138787748982645,0.25565610859728494,0.02149321266968318
"FlowOCT","german-limited_train_1.csv",1,"SP",0.05,250,"0",3,0.0,10800,9,206.0,0.824,15.53398058252427,159143.0,10800.235662698746,0.6987951807228916,0.8641975308641975,0.29423660262891804,0.03538928210313452,0.14210751766973662,-0.021096594559862902,0.25565610859728494,0.08371040723981893
"FlowOCT","german-limited_train_1.csv",1,"SP",0.06,250,"0",3,0.0,10800,9,205.0,0.82,16.585365853658537,162844.0,10800.206320047379,0.6385542168674698,0.8395061728395061,0.29423660262891804,0.04898326030783051,0.14210751766973662,-0.078175198115228,0.25565610859728494,0.1459276018099548
"FlowOCT","german-limited_train_1.csv",1,"SP",0.07,250,"0",3,0.0,10800,9,205.0,0.82,17.073170731707318,155380.0,10800.180229187012,0.6947791164658634,0.8641975308641975,0.29423660262891804,0.04988203572632288,0.14210751766973662,-0.003426857999571653,0.25565610859728494,0.05429864253393657
"FlowOCT","german-limited_train_1.csv",1,"SP",0.08,250,"0",3,0.0,10800,9,206.0,0.824,16.50485436893204,130208.0,10800.164195537567,0.6947791164658634,0.8888888888888888,0.29423660262891804,0.044152342433434355,0.14210751766973662,0.07078603555365182,0.25565610859728494,0.05429864253393657
"FlowOCT","german-limited_train_1.csv",1,"SP",0.09,250,"0",3,0.0,10800,9,205.0,0.82,16.585365853658537,188274.0,10800.162892818451,0.7028112449799196,0.8271604938271605,0.29423660262891804,0.030558364228738366,0.14210751766973662,0.03715999143285509,0.25565610859728494,0.09841628959276016
"FlowOCT","german-limited_train_1.csv",1,"SP",0.11,250,"0",3,0.0,10800,9,206.0,0.824,17.475728155339805,164421.0,10800.15836930275,0.6987951807228916,0.8641975308641975,0.29423660262891804,0.03538928210313452,0.14210751766973662,-0.021096594559862902,0.25565610859728494,0.08371040723981893
"FlowOCT","german-limited_train_1.csv",1,"SP",0.12,250,"0",3,0.0,10800,9,205.0,0.82,17.073170731707318,190577.0,10800.207862138748,0.6907630522088354,0.8395061728395061,0.29423660262891804,0.07796876755420734,0.14210751766973662,-0.011244377811094441,0.25565610859728494,0.14253393665158365
"FlowOCT","german-limited_train_1.csv",1,"SP",0.13,250,"0",3,0.0,10800,9,204.0,0.816,18.627450980392158,113504.0,10800.290452957153,0.6867469879518072,0.8271604938271605,0.29423660262891804,0.03718683294011915,0.14210751766973662,0.052795031055900665,0.25565610859728494,0.036199095022624306
"FlowOCT","german-limited_train_1.csv",1,"SP",0.14,250,"0",3,0.0,10800,9,207.0,0.828,17.391304347826086,144375.0,10800.127811670303,0.714859437751004,0.8395061728395061,0.29423660262891804,0.133243455791484,0.14210751766973662,0.08845577211394307,0.25565610859728494,0.05429864253393657
"FlowOCT","german-limited_train_1.csv",1,"SP",0.15,250,"0",3,0.0,10800,9,202.0,0.808,20.2970297029703,100325.0,10800.198296546936,0.6746987951807228,0.8148148148148148,0.29423660262891804,-0.0654982586226267,0.14210751766973662,-0.048939815806382514,0.25565610859728494,-0.011312217194570207
"FlowOCT","german-limited_train_1.csv",1,"SP",0.16,250,"0",3,0.0,10800,9,204.0,0.816,19.607843137254903,141286.0,10800.19754934311,0.6506024096385542,0.8148148148148148,0.29423660262891804,0.14773620941467247,0.14210751766973662,-0.06168344399228953,0.25565610859728494,0.02488687782805421
"FlowOCT","german-limited_train_1.csv",1,"SP",0.17,250,"0",3,0.0,10800,9,206.0,0.824,17.96116504854369,158714.0,10800.17632651329,0.6987951807228916,0.8765432098765432,0.29423660262891804,0.045051117851926725,0.14210751766973662,-0.021096594559862902,0.25565610859728494,0.09841628959276016
"FlowOCT","german-limited_train_1.csv",1,"SP",0.18,250,"0",3,0.0,10800,9,204.0,0.816,19.607843137254903,208071.0,10800.146418333054,0.6827309236947792,0.8641975308641975,0.29423660262891804,0.08976519492191881,0.14210751766973662,0.017776825872777846,0.25565610859728494,0.02488687782805421
"FlowOCT","german-limited_train_1.csv",1,"SP",0.19,250,"0",3,0.0,10800,9,204.0,0.816,19.607843137254903,200405.0,10800.158814191818,0.6867469879518072,0.8148148148148148,0.29423660262891804,0.016065610605549896,0.14210751766973662,0.00353394731205825,0.25565610859728494,-0.03733031674208154
"FlowOCT","german-limited_train_1.csv",1,"SP",0.1,250,"0",3,0.0,10800,9,206.0,0.824,16.990291262135923,135046.0,10800.150171279907,0.6867469879518072,0.8765432098765432,0.29423660262891804,0.07403662509830355,0.14210751766973662,0.03309059755836363,0.25565610859728494,0.09841628959276016
"FlowOCT","german-limited_train_1.csv",1,"SP",0.21,250,"0",3,0.0,10800,9,209.0,0.836,17.703349282296653,197835.0,10800.233082294464,0.7389558232931727,0.8271604938271605,0.29423660262891804,0.06830693180541503,0.14210751766973662,0.03801670593274786,0.25565610859728494,-0.022624434389140413
"FlowOCT","german-limited_train_1.csv",1,"SP",0.22,250,"0",3,0.0,10800,9,210.0,0.84,16.666666666666664,240872.0,10800.241661548615,0.7349397590361446,0.8518518518518519,0.29423660262891804,0.0827996854286035,0.14210751766973662,-0.010387663311201556,0.25565610859728494,-0.022624434389140413
"FlowOCT","german-limited_train_1.csv",1,"SP",0.23,250,"0",3,0.0,10800,9,205.0,0.82,19.51219512195122,235607.0,10800.194556713104,0.6947791164658634,0.8641975308641975,0.29423660262891804,0.04898326030783051,0.14210751766973662,0.07774684086528172,0.25565610859728494,0.08371040723981893
"FlowOCT","german-limited_train_1.csv",1,"SP",0.24,250,"0",3,0.0,10800,9,210.0,0.84,17.61904761904762,166605.0,10800.144825935364,0.7349397590361446,0.8271604938271605,0.29423660262891804,0.07223907426131893,0.14210751766973662,0.01338616406082671,0.25565610859728494,-0.05203619909502277
"FlowOCT","german-limited_train_1.csv",1,"SP",0.25,250,"0",3,0.0,10800,9,210.0,0.84,17.61904761904762,312812.0,10800.204639911652,0.7228915662650602,0.8271604938271605,0.29423660262891804,0.07223907426131893,0.14210751766973662,-0.03501820518312271,0.25565610859728494,-0.05203619909502277
"FlowOCT","german-limited_train_1.csv",1,"SP",0.26,250,"0",3,0.0,10800,9,207.0,0.828,19.806763285024154,173659.0,10800.271179437637,0.714859437751004,0.8395061728395061,0.29423660262891804,0.133243455791484,0.14210751766973662,0.08845577211394307,0.25565610859728494,0.05429864253393657
"FlowOCT","german-limited_train_1.csv",1,"SP",0.27,250,"0",3,0.0,10800,9,206.0,0.824,20.388349514563107,193238.0,10800.27290058136,0.6987951807228916,0.8641975308641975,0.29423660262891804,0.03538928210313452,0.14210751766973662,-0.021096594559862902,0.25565610859728494,0.08371040723981893
"FlowOCT","german-limited_train_1.csv",1,"SP",0.28,250,"0",3,0.0,10800,9,205.0,0.82,20.975609756097562,210848.0,10800.22382926941,0.6987951807228916,0.8395061728395061,0.29423660262891804,0.09729243905179186,0.14210751766973662,0.00846005568644248,0.25565610859728494,0.08371040723981893
"FlowOCT","german-limited_train_1.csv",1,"SP",0.29,250,"0",3,0.0,10800,9,206.0,0.824,19.902912621359224,219563.0,10800.339451789856,0.6987951807228916,0.8641975308641975,0.29423660262891804,0.03538928210313452,0.14210751766973662,-0.021096594559862902,0.25565610859728494,0.08371040723981893
"FlowOCT","german-limited_train_1.csv",1,"SP",0.2,250,"0",3,0.0,10800,9,206.0,0.824,18.932038834951456,164554.0,10800.250982999802,0.6947791164658634,0.8888888888888888,0.29423660262891804,0.044152342433434355,0.14210751766973662,0.07078603555365182,0.25565610859728494,0.05429864253393657
"FlowOCT","german-limited_train_1.csv",1,"SP",0.31,250,"0",3,0.0,10800,9,205.0,0.82,20.975609756097562,252471.0,10800.159925937653,0.7068273092369478,0.8271604938271605,0.29423660262891804,0.09549488821480734,0.14210751766973662,0.04904690511886922,0.25565610859728494,0.09841628959276016
"FlowOCT","german-limited_train_1.csv",1,"SP",0.32,250,"0",3,0.0,10800,9,206.0,0.824,20.87378640776699,263742.0,10800.200691223145,0.6947791164658634,0.8888888888888888,0.29423660262891804,0.044152342433434355,0.14210751766973662,0.07078603555365182,0.25565610859728494,0.05429864253393657
"FlowOCT","german-limited_train_1.csv",1,"SP",0.33,250,"0",3,0.0,10800,9,210.0,0.84,19.047619047617843,223999.0,10800.330085277557,0.7349397590361446,0.8518518518518519,0.29423660262891804,0.0827996854286035,0.14210751766973662,-0.010387663311201556,0.25565610859728494,-0.022624434389140413
"FlowOCT","german-limited_train_1.csv",1,"SP",0.34,250,"0",3,0.0,10800,9,204.0,0.816,22.058823529411764,237431.0,10800.126049518585,0.7269076305220884,0.8024691358024691,0.29423660262891804,0.03628805752162678,0.14210751766973662,0.02612979224673373,0.25565610859728494,0.006787330316741946
"FlowOCT","german-limited_train_1.csv",1,"SP",0.35,250,"0",3,0.0,10800,9,206.0,0.824,20.388349514563107,335758.0,10800.131334543228,0.6987951807228916,0.8765432098765432,0.29423660262891804,0.045051117851926725,0.14210751766973662,-0.021096594559862902,0.25565610859728494,0.09841628959276016
"FlowOCT","german-limited_train_1.csv",1,"SP",0.36,250,"0",3,0.0,10800,9,204.0,0.816,21.568627450980394,319619.0,10800.5615837574,0.6867469879518072,0.8395061728395061,0.29423660262891804,0.07313784967981118,0.14210751766973662,-0.05964874705504386,0.25565610859728494,0.08371040723981893
"FlowOCT","german-limited_train_1.csv",1,"SP",0.37,250,"0",3,0.0,10800,9,204.0,0.816,22.058823529411764,252422.0,10800.22388458252,0.6907630522088354,0.8148148148148148,0.29423660262891804,0.03538928210313452,0.14210751766973662,-0.028057399871492805,0.25565610859728494,-0.007918552036199178
"FlowOCT","german-limited_train_1.csv",1,"SP",0.38,250,"0",3,0.0,10800,9,205.0,0.82,21.463414634146343,351843.0,10800.115207910538,0.6626506024096386,0.8641975308641975,0.29423660262891804,0.04022019997753057,0.14210751766973662,0.04122938530734632,0.25565610859728494,0.11312217194570129
"FlowOCT","german-limited_train_1.csv",1,"SP",0.39,250,"0",3,0.0,10800,9,204.0,0.816,22.058823529411764,296800.0,10800.167659282684,0.6706827309236948,0.8395061728395061,0.29423660262891804,0.09942703067071113,0.14210751766973662,0.018633540372670843,0.25565610859728494,0.02488687782805421
"FlowOCT","german-limited_train_1.csv",1,"SP",0.3,250,"0",3,0.0,10800,9,205.0,0.82,21.463414634146343,208137.0,10800.177779912949,0.7751004016064257,0.8518518518518519,0.29423660262891804,0.07706999213571508,0.14210751766973662,0.10441207967444854,0.25565610859728494,0.0690045248868778
"FlowOCT","german-limited_train_1.csv",1,"SP",0.41,250,"0",3,0.0,10800,9,204.0,0.816,22.058823529411764,297471.0,10800.19984126091,0.6746987951807228,0.8518518518518519,0.29423660262891804,0.09156274575890344,0.14210751766973662,0.015420860998072494,0.25565610859728494,0.0690045248868778
"FlowOCT","german-limited_train_1.csv",1,"SP",0.42,250,"0",3,0.0,10800,9,205.0,0.82,21.463414634146343,231168.0,10800.271152734756,0.7108433734939759,0.8148148148148148,0.29423660262891804,0.013931018986630739,0.14210751766973662,0.02612979224673373,0.25565610859728494,-0.040723981900452566
"FlowOCT","german-limited_train_1.csv",1,"SP",0.43,250,"0",3,0.0,10800,9,204.0,0.816,22.05882352941115,338582.0,10800.22663974762,0.6224899598393574,0.8641975308641975,0.29423660262891804,-0.013818672059319193,0.14210751766973662,0.056328978367958804,0.25565610859728494,0.02488687782805421
"FlowOCT","german-limited_train_1.csv",1,"SP",0.44,250,"0",3,0.0,10800,9,210.0,0.84,18.571428571428573,212984.0,10800.245053768158,0.7228915662650602,0.8271604938271605,0.29423660262891804,0.07223907426131893,0.14210751766973662,-0.03501820518312271,0.25565610859728494,-0.05203619909502277
"FlowOCT","german-limited_train_1.csv",1,"SP",0.45,250,"0",3,0.0,10800,9,210.0,0.84,18.571428571428573,249314.0,10800.115947008133,0.7228915662650602,0.8271604938271605,0.29423660262891804,0.07223907426131893,0.14210751766973662,-0.03501820518312271,0.25565610859728494,-0.05203619909502277
"FlowOCT","german-limited_train_1.csv",1,"SP",0.46,250,"0",3,0.0,10800,9,205.0,0.82,21.463414634146343,194107.0,10800.267898321152,0.6827309236947792,0.8518518518518519,0.29423660262891804,0.059543871475115195,0.14210751766973662,0.03223388305847086,0.25565610859728494,0.12782805429864252
"FlowOCT","german-limited_train_1.csv",1,"SP",0.47,250,"0",3,0.0,10800,9,207.0,0.828,20.77294685990268,132856.0,10800.491475582123,0.714859437751004,0.8395061728395061,0.29423660262891804,0.133243455791484,0.14210751766973662,0.08845577211394307,0.25565610859728494,0.05429864253393657
"FlowOCT","german-limited_train_1.csv",1,"SP",0.48,250,"0",3,0.0,10800,9,206.0,0.824,21.359223300970378,138233.0,10800.257128238678,0.6987951807228916,0.8641975308641975,0.29423660262891804,0.03538928210313452,0.14210751766973662,-0.021096594559862902,0.25565610859728494,0.08371040723981893
"FlowOCT","german-limited_train_1.csv",1,"SP",0.49,250,"0",3,0.0,10800,9,204.0,0.816,21.568627450980394,283859.0,10800.149567842484,0.7188755020080321,0.8148148148148148,0.29423660262891804,0.06437478934951124,0.14210751766973662,-0.004604840436924329,0.25565610859728494,0.02149321266968318
"FlowOCT","german-limited_train_1.csv",1,"SP",0.4,250,"0",3,0.0,10800,9,204.0,0.816,22.058823529411764,354925.0,10800.196832418442,0.6706827309236948,0.8518518518518519,0.29423660262891804,0.045949893270418984,0.14210751766973662,-0.023131291497108575,0.25565610859728494,0.006787330316741946
"FlowOCT","german-limited_train_1.csv",1,"SP",0.51,250,"0",3,0.0,10800,9,204.0,0.816,22.058823529411764,185855.0,10800.190683364868,0.6987951807228916,0.8271604938271605,0.29423660262891804,0.03628805752162678,0.14210751766973662,-0.02227457699721569,0.25565610859728494,0.006787330316741946
"FlowOCT","german-limited_train_1.csv",1,"SP",0.52,250,"0",3,0.0,10800,9,204.0,0.816,22.058823529411764,158237.0,10800.199633359909,0.7188755020080321,0.8148148148148148,0.29423660262891804,0.06437478934951124,0.14210751766973662,-0.004604840436924329,0.25565610859728494,0.02149321266968318
"FlowOCT","german-limited_train_1.csv",1,"SP",0.53,250,"0",3,0.0,10800,9,204.0,0.816,22.058823529411764,176794.0,10800.228806972504,0.7188755020080321,0.8148148148148148,0.29423660262891804,0.06437478934951124,0.14210751766973662,-0.004604840436924329,0.25565610859728494,0.02149321266968318
"FlowOCT","german-limited_train_1.csv",1,"SP",0.54,250,"0",3,0.0,10800,9,204.0,0.816,21.568627450980394,276067.0,10800.24914431572,0.7068273092369478,0.8024691358024691,0.29423660262891804,0.15739804516346467,0.14210751766973662,-0.0054615549368173255,0.25565610859728494,0.09841628959276016
"FlowOCT","german-limited_train_1.csv",1,"SP",0.55,250,"0",3,0.0,10800,9,204.0,0.816,22.5490196078418,129112.0,10800.114480257034,0.6746987951807228,0.8395061728395061,0.29423660262891804,0.11088641725648796,0.14210751766973662,0.015420860998072494,0.25565610859728494,0.08371040723981893
"FlowOCT","german-limited_train_1.csv",1,"SP",0.5,250,"0",3,0.0,10800,9,204.0,0.816,22.058823529411764,182583.0,10800.228911876678,0.6907630522088354,0.8148148148148148,0.29423660262891804,0.10122458150769575,0.14210751766973662,-0.04197901049475261,0.25565610859728494,-0.007918552036199178
"FlowOCT","german-limited_train_2.csv",2,"None",1.0,250,"0",3,0.0,10800,9,199.0,0.796,25.125628140703515,325581.0,10800.272585391998,0.6907630522088354,0.7926829268292683,0.09271978021978033,0.09844322344322354,0.14210751766973662,0.26932962090383383,0.04682274247491647,-0.010033444816053505
"FlowOCT","german-limited_train_2.csv",2,"SP",0.01,250,"0",3,0.0,10800,9,200.0,0.8,23.0,177470.0,10800.27041721344,0.6546184738955824,0.7439024390243902,0.09271978021978033,-0.011675824175824134,0.14210751766973662,0.171664167916042,0.04682274247491647,-0.12151616499442597
"FlowOCT","german-limited_train_2.csv",2,"SP",0.02,250,"0",3,0.0,10800,9,198.0,0.792,23.737373737373737,294082.0,10800.223949193954,0.6987951807228916,0.7682926829268293,0.09271978021978033,-0.07783882783882767,0.14210751766973662,-0.11212251017348462,0.04682274247491647,-0.12597547380156082
"FlowOCT","german-limited_train_2.csv",2,"SP",0.03,250,"0",3,0.0,10800,9,198.0,0.792,24.747474747474747,151477.0,10800.282858848572,0.6465863453815262,0.7560975609756098,0.09271978021978033,-0.021749084249084172,0.14210751766973662,0.14789034054401373,0.04682274247491647,-0.07357859531772581
"FlowOCT","german-limited_train_2.csv",2,"SP",0.04,250,"0",3,0.0,10800,9,198.0,0.792,24.747474747474747,146675.0,10800.447805404663,0.6345381526104418,0.7804878048780488,0.09271978021978033,0.006868131868131955,0.14210751766973662,0.14007282073249083,0.04682274247491647,-0.01114827201783719
"FlowOCT","german-limited_train_2.csv",2,"SP",0.05,250,"0",3,0.0,10800,9,202.0,0.808,22.277227722772277,226529.0,10800.150416135788,0.6987951807228916,0.8048780487804879,0.09271978021978033,-0.06845238095238093,0.14210751766973662,-0.0924180766759477,0.04682274247491647,0.008918617614269708
"FlowOCT","german-limited_train_2.csv",2,"SP",0.06,250,"0",3,0.0,10800,9,199.0,0.796,24.623115577889447,145783.0,10800.202899456024,0.6546184738955824,0.7926829268292683,0.09271978021978033,0.05036630036630052,0.14210751766973662,0.007603341186549706,0.04682274247491647,0.09030100334448166
"FlowOCT","german-limited_train_2.csv",2,"SP",0.07,250,"0",3,0.0,10800,9,198.0,0.792,25.252525252525253,165097.0,10800.398978233337,0.6827309236947792,0.8170731707317073,0.09271978021978033,-0.04876373626373609,0.14210751766973662,-0.046048404369243845,0.04682274247491647,-0.10144927536231885
"FlowOCT","german-limited_train_2.csv",2,"SP",0.08,250,"0",3,0.0,10800,9,199.0,0.796,25.125628140703515,210714.0,10800.186166763306,0.6867469879518072,0.8048780487804879,0.09271978021978033,-0.034798534798534675,0.14210751766973662,-0.007496251874062887,0.04682274247491647,-0.08249721293199563
"FlowOCT","german-limited_train_2.csv",2,"SP",0.09,250,"0",3,0.0,10800,9,199.0,0.796,25.125628140702087,110424.0,10800.442121744156,0.6827309236947792,0.8170731707317073,0.09271978021978033,-0.04372710622710607,0.14210751766973662,-0.057078603555365204,0.04682274247491647,-0.010033444816053505
"FlowOCT","german-limited_train_2.csv",2,"SP",0.11,250,"0",3,0.0,10800,9,200.0,0.8,24.0,264539.0,10800.27255320549,0.6947791164658634,0.8048780487804879,0.09271978021978033,-0.049679487179487114,0.14210751766973662,0.13686014135789248,0.04682274247491647,-0.169453734671126
"FlowOCT","german-limited_train_2.csv",2,"SP",0.12,250,"0",3,0.0,10800,9,203.0,0.812,22.167487684729064,320442.0,10800.153867483139,0.6626506024096386,0.7804878048780488,0.09271978021978033,0.011904761904761973,0.14210751766973662,0.14789034054401373,0.04682274247491647,0.01783723522853964
"FlowOCT","german-limited_train_2.csv",2,"SP",0.13,250,"0",3,0.0,10800,9,201.0,0.804,23.88059701492537,165349.0,10800.354581356049,0.6345381526104418,0.7926829268292683,0.09271978021978033,-0.04510073260073255,0.14210751766973662,0.10933818804883277,0.04682274247491647,-0.12151616499442597
"FlowOCT","german-limited_train_2.csv",2,"SP",0.14,250,"0",3,0.0,10800,9,202.0,0.808,23.26732673267327,226699.0,10800.195474386215,0.6987951807228916,0.8048780487804879,0.09271978021978033,-0.06845238095238093,0.14210751766973662,-0.0924180766759477,0.04682274247491647,0.008918617614269708
"FlowOCT","german-limited_train_2.csv",2,"SP",0.15,250,"0",3,0.0,10800,9,200.0,0.8,24.5,272563.0,10800.160959005356,0.6506024096385542,0.8048780487804879,0.09271978021978033,0.026327838827838956,0.14210751766973662,0.0026772328121653644,0.04682274247491647,0.07580824972129319
"FlowOCT","german-limited_train_2.csv",2,"SP",0.16,250,"0",3,0.0,10800,9,201.0,0.804,23.88059701492537,172283.0,10800.32202577591,0.6907630522088354,0.8048780487804879,0.09271978021978033,-0.0350274725274724,0.14210751766973662,-0.06982223174127222,0.04682274247491647,-0.053511705685618804
"FlowOCT","german-limited_train_2.csv",2,"SP",0.17,250,"0",3,0.0,10800,9,202.0,0.808,23.762376237623073,166773.0,10800.184780836105,0.6385542168674698,0.7926829268292683,0.09271978021978033,0.026327838827838956,0.14210751766973662,0.02441636324694796,0.04682274247491647,0.06131549609810483
"FlowOCT","german-limited_train_2.csv",2,"SP",0.18,250,"0",3,0.0,10800,9,201.0,0.804,24.378109452735288,125539.0,10800.069146156311,0.678714859437751,0.8170731707317073,0.09271978021978033,-0.1396520146520146,0.14210751766973662,-0.11704861854786885,0.04682274247491647,-0.10144927536231885
"FlowOCT","german-limited_train_2.csv",2,"SP",0.19,250,"0",3,0.0,10800,9,197.0,0.788,26.903553299491534,132854.0,10800.200058460236,0.678714859437751,0.7926829268292683,0.09271978021978033,0.05128205128205143,0.14210751766973662,0.09916470336260452,0.04682274247491647,0.018952062430323213
"FlowOCT","german-limited_train_2.csv",2,"SP",0.1,250,"0",3,0.0,10800,9,201.0,0.804,22.885572139303484,282646.0,10800.262465715408,0.6907630522088354,0.8048780487804879,0.09271978021978033,-0.0350274725274724,0.14210751766973662,-0.06982223174127222,0.04682274247491647,-0.053511705685618804
"FlowOCT","german-limited_train_2.csv",2,"SP",0.21,250,"0",3,0.0,10800,9,199.0,0.796,25.62814070351677,127624.0,10800.417469501495,0.6666666666666666,0.8048780487804879,0.09271978021978033,0.059752747252747374,0.14210751766973662,0.0026772328121653644,0.04682274247491647,0.1382385730211817
"FlowOCT","german-limited_train_2.csv",2,"SP",0.22,250,"0",3,0.0,10800,9,199.0,0.796,25.125628140703515,208525.0,10800.050162315369,0.6506024096385542,0.7804878048780488,0.09271978021978033,0.05036630036630052,0.14210751766973662,0.0026772328121653644,0.04682274247491647,0.10479375696767002
"FlowOCT","german-limited_train_2.csv",2,"SP",0.23,250,"0",3,0.0,10800,9,198.0,0.792,25.757575757575758,190276.0,10800.20369052887,0.7068273092369478,0.7682926829268293,0.09271978021978033,0.008241758241758323,0.14210751766973662,-0.0924180766759477,0.04682274247491647,0.023411371237458067
"FlowOCT","german-limited_train_2.csv",2,"SP",0.24,250,"0",3,0.0,10800,9,202.0,0.808,23.26732673267327,136226.0,10800.17562174797,0.6987951807228916,0.8048780487804879,0.09271978021978033,-0.06845238095238093,0.14210751766973662,-0.0924180766759477,0.04682274247491647,0.008918617614269708
"FlowOCT","german-limited_train_2.csv",2,"SP",0.25,250,"0",3,0.0,10800,9,202.0,0.808,23.26732673267327,211775.0,10800.139012098312,0.6907630522088354,0.7804878048780488,0.09271978021978033,-0.03937728937728924,0.14210751766973662,-0.016491754122938462,0.04682274247491647,-0.14492753623188404
"FlowOCT","german-limited_train_2.csv",2,"SP",0.26,250,"0",3,0.0,10800,9,202.0,0.808,21.782178217821542,361486.0,10800.174746274948,0.6907630522088354,0.7804878048780488,0.09271978021978033,-0.03937728937728924,0.14210751766973662,-0.016491754122938462,0.04682274247491647,-0.14492753623188404
"FlowOCT","german-limited_train_2.csv",2,"SP",0.27,250,"0",3,0.0,10800,9,202.0,0.808,23.26732673267327,288448.0,10800.206340312958,0.6907630522088354,0.7804878048780488,0.09271978021978033,-0.03937728937728924,0.14210751766973662,-0.016491754122938462,0.04682274247491647,-0.14492753623188404
"FlowOCT","german-limited_train_2.csv",2,"SP",0.28,250,"0",3,0.0,10800,9,201.0,0.804,24.378109452735597,195398.0,10800.275050163269,0.6947791164658634,0.8048780487804879,0.09271978021978033,0.013278388278388342,0.14210751766973662,-0.001713428999785771,0.04682274247491647,0.004459308807134854
"FlowOCT","german-limited_train_2.csv",2,"SP",0.29,250,"0",3,0.0,10800,9,201.0,0.804,23.88059701492537,267224.0,10800.177738904953,0.6907630522088354,0.8048780487804879,0.09271978021978033,0.013278388278388342,0.14210751766973662,0.0032126793745984594,0.04682274247491647,0.004459308807134854
"FlowOCT","german-limited_train_2.csv",2,"SP",0.2,250,"0",3,0.0,10800,9,202.0,0.808,23.7623762376232,140959.0,10800.246850252151,0.6907630522088354,0.7804878048780488,0.09271978021978033,-0.03937728937728924,0.14210751766973662,-0.016491754122938462,0.04682274247491647,-0.14492753623188404
"FlowOCT","german-limited_train_2.csv",2,"SP",0.31,250,"0",3,0.0,10800,9,201.0,0.804,23.88059701492537,165948.0,10800.174749612808,0.6907630522088354,0.8048780487804879,0.09271978021978033,-0.0350274725274724,0.14210751766973662,-0.06982223174127222,0.04682274247491647,-0.053511705685618804
"FlowOCT","german-limited_train_2.csv",2,"SP",0.32,250,"0",3,0.0,10800,9,201.0,0.804,23.88059701492537,189071.0,10800.179107189178,0.6907630522088354,0.8048780487804879,0.09271978021978033,-0.0350274725274724,0.14210751766973662,-0.06982223174127222,0.04682274247491647,-0.053511705685618804
"FlowOCT","german-limited_train_2.csv",2,"SP",0.33,250,"0",3,0.0,10800,9,201.0,0.804,24.378109452735725,180177.0,10800.247118711472,0.6907630522088354,0.8048780487804879,0.09271978021978033,-0.0350274725274724,0.14210751766973662,-0.06982223174127222,0.04682274247491647,-0.053511705685618804
"FlowOCT","german-limited_train_2.csv",2,"SP",0.34,250,"0",3,0.0,10800,9,201.0,0.804,23.88059701492537,313138.0,10800.240622520447,0.6907630522088354,0.8048780487804879,0.09271978021978033,-0.0350274725274724,0.14210751766973662,-0.06982223174127222,0.04682274247491647,-0.053511705685618804
"FlowOCT","german-limited_train_2.csv",2,"SP",0.35,250,"0",3,0.0,10800,9,201.0,0.804,23.88059701492537,340584.0,10800.143946647644,0.6746987951807228,0.8414634146341463,0.09271978021978033,-0.07326007326007322,0.14210751766973662,-0.055900621118012306,0.04682274247491647,-0.09698996655518399
"FlowOCT","german-limited_train_2.csv",2,"SP",0.36,250,"0",3,0.0,10800,9,201.0,0.804,23.88059701492537,216643.0,10800.127167463303,0.6907630522088354,0.8048780487804879,0.09271978021978033,-0.0350274725274724,0.14210751766973662,-0.06982223174127222,0.04682274247491647,-0.053511705685618804
"FlowOCT","german-limited_train_2.csv",2,"SP",0.37,250,"0",3,0.0,10800,9,197.0,0.788,26.903553299491534,139993.0,10800.113465070724,0.6987951807228916,0.7682926829268293,0.09271978021978033,-0.11217948717948711,0.14210751766973662,0.11051617048618545,0.04682274247491647,-0.1505016722408028
"FlowOCT","german-limited_train_2.csv",2,"SP",0.38,250,"0",3,0.0,10800,9,202.0,0.808,23.26732673267327,204877.0,10800.066154956818,0.6907630522088354,0.7804878048780488,0.09271978021978033,-0.03937728937728924,0.14210751766973662,-0.016491754122938462,0.04682274247491647,-0.14492753623188404
"FlowOCT","german-limited_train_2.csv",2,"SP",0.39,250,"0",3,0.0,10800,9,202.0,0.808,23.26732673267327,181051.0,10800.523987293243,0.6907630522088354,0.7804878048780488,0.09271978021978033,-0.03937728937728924,0.14210751766973662,-0.016491754122938462,0.04682274247491647,-0.14492753623188404
"FlowOCT","german-limited_train_2.csv",2,"SP",0.3,250,"0",3,0.0,10800,9,201.0,0.804,23.88059701492537,301858.0,10800.22385597229,0.6907630522088354,0.8048780487804879,0.09271978021978033,-0.0350274725274724,0.14210751766973662,-0.06982223174127222,0.04682274247491647,-0.053511705685618804
"FlowOCT","german-limited_train_2.csv",2,"SP",0.41,250,"0",3,0.0,10800,9,203.0,0.812,22.660098522167488,279287.0,10800.107015132904,0.6626506024096386,0.7804878048780488,0.09271978021978033,0.011904761904761973,0.14210751766973662,0.14789034054401373,0.04682274247491647,0.01783723522853964
"FlowOCT","german-limited_train_2.csv",2,"SP",0.42,250,"0",3,0.0,10800,9,201.0,0.804,23.383084577114428,353467.0,10800.127374887466,0.6987951807228916,0.7926829268292683,0.09271978021978033,-0.06364468864468853,0.14210751766973662,-0.11908331548511464,0.04682274247491647,0.023411371237458067
"FlowOCT","german-limited_train_2.csv",2,"SP",0.43,250,"0",3,0.0,10800,9,199.0,0.796,25.125628140703515,137399.0,10800.181952238083,0.6666666666666666,0.8292682926829268,0.09271978021978033,-0.0350274725274724,0.14210751766973662,0.047868922681516324,0.04682274247491647,-0.053511705685618804
"FlowOCT","german-limited_train_2.csv",2,"SP",0.44,250,"0",3,0.0,10800,9,197.0,0.788,26.903553299491477,154276.0,10800.244856834412,0.7108433734939759,0.8048780487804879,0.09271978021978033,-0.05357142857142849,0.14210751766973662,0.02784322124651961,0.04682274247491647,0.03790412486064654
"FlowOCT","german-limited_train_2.csv",2,"SP",0.45,250,"0",3,0.0,10800,9,200.0,0.8,24.5,226577.0,10800.273768663406,0.6706827309236948,0.8292682926829268,0.09271978021978033,-0.08722527472527464,0.14210751766973662,-0.011565645748554232,0.04682274247491647,-0.14492753623188404
"FlowOCT","german-limited_train_2.csv",2,"SP",0.46,250,"0",3,0.0,10800,9,199.0,0.796,25.125628140703515,304891.0,10800.186775684357,0.6867469879518072,0.7804878048780488,0.09271978021978033,-0.015567765567765512,0.14210751766973662,0.04872563718140932,0.04682274247491647,-0.08695652173913038
"FlowOCT","german-limited_train_2.csv",2,"SP",0.47,250,"0",3,0.0,10800,9,200.0,0.8,24.0,209390.0,10800.245812177658,0.6746987951807228,0.8170731707317073,0.09271978021978033,0.07440476190476197,0.14210751766973662,0.10526879417434143,0.04682274247491647,-0.005574136008918762
"FlowOCT","german-limited_train_2.csv",2,"SP",0.48,250,"0",3,0.0,10800,9,201.0,0.804,24.378109452734563,142399.0,10800.205911636353,0.6947791164658634,0.8048780487804879,0.09271978021978033,0.013278388278388342,0.14210751766973662,-0.001713428999785771,0.04682274247491647,0.004459308807134854
"FlowOCT","german-limited_train_2.csv",2,"SP",0.49,250,"0",3,0.0,10800,9,201.0,0.804,23.88059701492537,209100.0,10800.149677753448,0.6947791164658634,0.8048780487804879,0.09271978021978033,0.013278388278388342,0.14210751766973662,-0.001713428999785771,0.04682274247491647,0.004459308807134854
"FlowOCT","german-limited_train_2.csv",2,"SP",0.4,250,"0",3,0.0,10800,9,198.0,0.792,25.757575757575758,236019.0,10800.201566934586,0.6465863453815262,0.7560975609756098,0.09271978021978033,-0.021749084249084172,0.14210751766973662,0.14789034054401373,0.04682274247491647,-0.07357859531772581
"FlowOCT","german-limited_train_2.csv",2,"SP",0.51,250,"0",3,0.0,10800,9,201.0,0.804,23.383084577114428,342202.0,10800.265950202942,0.6947791164658634,0.8048780487804879,0.09271978021978033,0.013278388278388342,0.14210751766973662,-0.001713428999785771,0.04682274247491647,0.004459308807134854
"FlowOCT","german-limited_train_2.csv",2,"SP",0.52,250,"0",3,0.0,10800,9,201.0,0.804,24.37810945273434,187135.0,10800.33397436142,0.6867469879518072,0.8292682926829268,0.09271978021978033,-0.05380036630036611,0.14210751766973662,-0.0637181409295352,0.04682274247491647,-0.024526198439241975
"FlowOCT","german-limited_train_2.csv",2,"SP",0.53,250,"0",3,0.0,10800,9,202.0,0.808,23.26732673267327,283095.0,10800.227747678757,0.6987951807228916,0.8048780487804879,0.09271978021978033,-0.06845238095238093,0.14210751766973662,-0.0924180766759477,0.04682274247491647,0.008918617614269708
"FlowOCT","german-limited_train_2.csv",2,"SP",0.54,250,"0",3,0.0,10800,9,201.0,0.804,24.378109452735426,127009.0,10800.34312081337,0.6746987951807228,0.8170731707317073,0.09271978021978033,-0.11080586080586075,0.14210751766973662,-0.0993788819875776,0.04682274247491647,-0.10144927536231885
"FlowOCT","german-limited_train_2.csv",2,"SP",0.55,250,"0",3,0.0,10800,9,202.0,0.808,23.26732673267327,216625.0,10800.113450527191,0.6907630522088354,0.7804878048780488,0.09271978021978033,-0.03937728937728924,0.14210751766973662,-0.016491754122938462,0.04682274247491647,-0.14492753623188404
"FlowOCT","german-limited_train_2.csv",2,"SP",0.5,250,"0",3,0.0,10800,9,201.0,0.804,24.378109452734563,162852.0,10800.159772634506,0.6947791164658634,0.8048780487804879,0.09271978021978033,0.013278388278388342,0.14210751766973662,-0.001713428999785771,0.04682274247491647,0.004459308807134854
"FlowOCT","german-limited_train_3.csv",3,"None",1.0,250,"0",3,0.0,10800,9,201.0,0.804,22.885572139303484,370148.0,10800.349323511124,0.6827309236947792,0.8,0.20375106564364875,0.02770673486786024,0.14210751766973662,0.00846005568644248,0.2246376811594203,0.11413043478260876
"FlowOCT","german-limited_train_3.csv",3,"SP",0.01,250,"0",3,0.0,10800,9,197.0,0.788,21.82741116751269,175458.0,10800.18782377243,0.6907630522088354,0.7647058823529411,0.20375106564364875,0.009377664109121886,0.14210751766973662,0.047868922681516324,0.2246376811594203,0.013586956521739135
"FlowOCT","german-limited_train_3.csv",3,"SP",0.02,250,"0",3,0.0,10800,9,198.0,0.792,21.71717171717172,134665.0,10800.067699193954,0.7028112449799196,0.7529411764705882,0.20375106564364875,0.014279624893435594,0.14210751766973662,0.02612979224673373,0.2246376811594203,0.1530797101449275
"FlowOCT","german-limited_train_3.csv",3,"SP",0.03,250,"0",3,0.0,10800,9,197.0,0.788,21.82741116751269,232913.0,10800.229888439178,0.6907630522088354,0.7647058823529411,0.20375106564364875,0.009377664109121886,0.14210751766973662,0.047868922681516324,0.2246376811594203,0.013586956521739135
"FlowOCT","german-limited_train_3.csv",3,"SP",0.04,250,"0",3,0.0,10800,9,199.0,0.796,21.608040201005025,142263.0,10800.23434138298,0.6706827309236948,0.788235294117647,0.20375106564364875,0.0347399829497016,0.14210751766973662,0.03137716855857786,0.2246376811594203,0.0036231884057971175
"FlowOCT","german-limited_train_3.csv",3,"SP",0.05,250,"0",3,0.0,10800,9,202.0,0.808,19.801980198019802,120149.0,10800.203290224075,0.678714859437751,0.8,0.20375106564364875,0.004475703324808178,0.14210751766973662,0.0359820089955023,0.2246376811594203,-0.029891304347826053
"FlowOCT","german-limited_train_3.csv",3,"SP",0.06,250,"0",3,0.0,10800,9,202.0,0.808,19.306930693069308,237524.0,10800.190873861313,0.678714859437751,0.8,0.20375106564364875,0.004475703324808178,0.14210751766973662,0.0359820089955023,0.2246376811594203,-0.029891304347826053
"FlowOCT","german-limited_train_3.csv",3,"SP",0.07,250,"0",3,0.0,10800,9,198.0,0.792,22.22222222222222,186665.0,10800.181542158127,0.6867469879518072,0.788235294117647,0.20375106564364875,0.026854219948849067,0.14210751766973662,0.02612979224673373,0.2246376811594203,-0.005434782608695676
"FlowOCT","german-limited_train_3.csv",3,"SP",0.08,250,"0",3,0.0,10800,9,199.0,0.796,22.110552763819097,179329.0,10800.203173398972,0.6987951807228916,0.788235294117647,0.20375106564364875,0.012148337595907943,0.14210751766973662,0.07453416149068337,0.2246376811594203,0.11956521739130432
"FlowOCT","german-limited_train_3.csv",3,"SP",0.09,250,"0",3,0.0,10800,9,201.0,0.804,21.393034825870647,183696.0,10800.153231859207,0.7028112449799196,0.7764705882352941,0.20375106564364875,0.04305200341005977,0.14210751766973662,-0.013279074748340114,0.2246376811594203,0.07608695652173914
"FlowOCT","german-limited_train_3.csv",3,"SP",0.11,250,"0",3,0.0,10800,9,199.0,0.796,23.115577889447238,219504.0,10800.30785727501,0.6867469879518072,0.7764705882352941,0.20375106564364875,-0.007459505541347,0.14210751766973662,0.01627757549796527,0.2246376811594203,0.07608695652173914
"FlowOCT","german-limited_train_3.csv",3,"SP",0.12,250,"0",3,0.0,10800,9,199.0,0.796,23.115577889447238,160170.0,10800.256896972656,0.7108433734939759,0.7647058823529411,0.20375106564364875,0.10336743393009373,0.14210751766973662,0.05686442493039201,0.2246376811594203,0.18659420289855078
"FlowOCT","german-limited_train_3.csv",3,"SP",0.13,250,"0",3,0.0,10800,9,196.0,0.784,23.97959183673469,235344.0,10800.170513391495,0.6706827309236948,0.788235294117647,0.20375106564364875,0.12233589087809038,0.14210751766973662,0.1507817519811523,0.2246376811594203,0.18659420289855078
"FlowOCT","german-limited_train_3.csv",3,"SP",0.14,250,"0",3,0.0,10800,9,200.0,0.8,23.0,217190.0,10800.221084594727,0.6626506024096386,0.7647058823529411,0.20375106564364875,0.07331628303495308,0.14210751766973662,0.09166845148854141,0.2246376811594203,-0.025362318840579712
"FlowOCT","german-limited_train_3.csv",3,"SP",0.15,250,"0",3,0.0,10800,9,202.0,0.808,22.277227722772277,225667.0,10800.244101285934,0.678714859437751,0.8,0.20375106564364875,0.004475703324808178,0.14210751766973662,0.0359820089955023,0.2246376811594203,-0.029891304347826053
"FlowOCT","german-limited_train_3.csv",3,"SP",0.16,250,"0",3,0.0,10800,9,200.0,0.8,22.5,306603.0,10800.122369766235,0.6626506024096386,0.7647058823529411,0.20375106564364875,0.07331628303495308,0.14210751766973662,0.09166845148854141,0.2246376811594203,-0.025362318840579712
"FlowOCT","german-limited_train_3.csv",3,"SP",0.17,250,"0",3,0.0,10800,9,199.0,0.796,22.613065326633166,276292.0,10800.17198085785,0.6666666666666666,0.8235294117647058,0.20375106564364875,0.07395566922421148,0.14210751766973662,0.10933818804883277,0.2246376811594203,0.09510869565217395
"FlowOCT","german-limited_train_3.csv",3,"SP",0.18,250,"0",3,0.0,10800,9,201.0,0.804,23.383084577114428,155238.0,10800.45733499527,0.7028112449799196,0.7764705882352941,0.20375106564364875,0.04305200341005977,0.14210751766973662,-0.013279074748340114,0.2246376811594203,0.07608695652173914
"FlowOCT","german-limited_train_3.csv",3,"SP",0.19,250,"0",3,0.0,10800,9,202.0,0.808,22.772277227722775,260110.0,10800.209291219711,0.678714859437751,0.8,0.20375106564364875,0.057757885763000893,0.14210751766973662,0.03309059755836363,0.2246376811594203,0.047101449275362306
"FlowOCT","german-limited_train_3.csv",3,"SP",0.1,250,"0",3,0.0,10800,9,202.0,0.808,21.287128712871286,178487.0,10800.144856452942,0.678714859437751,0.8,0.20375106564364875,0.057757885763000893,0.14210751766973662,0.03309059755836363,0.2246376811594203,0.047101449275362306
"FlowOCT","german-limited_train_3.csv",3,"SP",0.21,250,"0",3,0.0,10800,9,201.0,0.804,24.378109452735526,232937.0,10800.131381511688,0.678714859437751,0.788235294117647,0.20375106564364875,0.04859335038363166,0.14210751766973662,-0.03994431355750694,0.2246376811594203,0.042572463768115965
"FlowOCT","german-limited_train_3.csv",3,"SP",0.22,250,"0",3,0.0,10800,9,199.0,0.796,25.125628140703515,199935.0,10800.229904651642,0.6506024096385542,0.8117647058823529,0.20375106564364875,0.01790281329923271,0.14210751766973662,0.053116298993360456,0.2246376811594203,0.0036231884057971175
"FlowOCT","german-limited_train_3.csv",3,"SP",0.23,250,"0",3,0.0,10800,9,200.0,0.8,24.5,287794.0,10800.302013397217,0.6626506024096386,0.7647058823529411,0.20375106564364875,0.07331628303495308,0.14210751766973662,0.09166845148854141,0.2246376811594203,-0.025362318840579712
"FlowOCT","german-limited_train_3.csv",3,"SP",0.24,250,"0",3,0.0,10800,9,197.0,0.788,26.39593908629442,201825.0,10800.138287305832,0.7188755020080321,0.7529411764705882,0.20375106564364875,0.09356351236146632,0.14210751766973662,0.04412079674448499,0.2246376811594203,0.1721014492753623
"FlowOCT","german-limited_train_3.csv",3,"SP",0.25,250,"0",3,0.0,10800,9,201.0,0.804,23.880597014925076,274795.0,10800.08795928955,0.6987951807228916,0.7764705882352941,0.20375106564364875,0.04305200341005977,0.14210751766973662,-0.015313771685585786,0.2246376811594203,0.07608695652173914
"FlowOCT","german-limited_train_3.csv",3,"SP",0.26,250,"0",3,0.0,10800,9,195.0,0.78,28.2051282051271,113068.0,10800.214735269547,0.6385542168674698,0.788235294117647,0.20375106564364875,0.11466325660699062,0.14210751766973662,0.028485757121439303,0.2246376811594203,0.26358695652173914
"FlowOCT","german-limited_train_3.csv",3,"SP",0.27,250,"0",3,0.0,10800,9,199.0,0.796,25.125628140703515,178070.0,10800.189086437225,0.6827309236947792,0.788235294117647,0.20375106564364875,0.002344416027280416,0.14210751766973662,0.011351467123581038,0.2246376811594203,0.11956521739130432
"FlowOCT","german-limited_train_3.csv",3,"SP",0.28,250,"0",3,0.0,10800,9,198.0,0.792,26.262626262625243,158843.0,10800.168575525284,0.678714859437751,0.7529411764705882,0.20375106564364875,0.08589087809036655,0.14210751766973662,0.018633540372670843,0.2246376811594203,0.14311594202898548
"FlowOCT","german-limited_train_3.csv",3,"SP",0.29,250,"0",3,0.0,10800,9,198.0,0.792,25.757575757575758,210275.0,10800.282192707062,0.6546184738955824,0.788235294117647,0.20375106564364875,0.026854219948849067,0.14210751766973662,-0.1071964017991004,0.2246376811594203,0.013586956521739135
"FlowOCT","german-limited_train_3.csv",3,"SP",0.2,250,"0",3,0.0,10800,9,200.0,0.8,23.5,117822.0,10800.275128364563,0.7108433734939759,0.7764705882352941,0.20375106564364875,0.08162830349531114,0.14210751766973662,-0.003426857999571653,0.2246376811594203,0.2780797101449275
"FlowOCT","german-limited_train_3.csv",3,"SP",0.31,250,"0",3,0.0,10800,9,200.0,0.8,24.5,378896.0,10800.133046627045,0.7108433734939759,0.7764705882352941,0.20375106564364875,0.08162830349531114,0.14210751766973662,-0.003426857999571653,0.2246376811594203,0.2780797101449275
"FlowOCT","german-limited_train_3.csv",3,"SP",0.32,250,"0",3,0.0,10800,9,202.0,0.808,23.26732673267327,331074.0,10800.235124588013,0.678714859437751,0.8,0.20375106564364875,0.057757885763000893,0.14210751766973662,0.03309059755836363,0.2246376811594203,0.047101449275362306
"FlowOCT","german-limited_train_3.csv",3,"SP",0.33,250,"0",3,0.0,10800,9,199.0,0.796,25.125628140703515,310362.0,10800.17759180069,0.6907630522088354,0.7529411764705882,0.20375106564364875,0.14407502131287298,0.14210751766973662,0.005568644249304033,0.2246376811594203,0.24909420289855078
"FlowOCT","german-limited_train_3.csv",3,"SP",0.34,250,"0",3,0.0,10800,9,198.0,0.792,25.757575757575758,285818.0,10800.209265232086,0.6746987951807228,0.788235294117647,0.20375106564364875,0.19522591645353793,0.14210751766973662,0.14874705504390662,0.2246376811594203,0.2155797101449275
"FlowOCT","german-limited_train_3.csv",3,"SP",0.35,250,"0",3,0.0,10800,9,199.0,0.796,25.125628140703515,325104.0,10800.461421012878,0.678714859437751,0.7647058823529411,0.20375106564364875,0.10763000852514915,0.14210751766973662,-0.035874919683015594,0.2246376811594203,0.26358695652173914
"FlowOCT","german-limited_train_3.csv",3,"SP",0.36,250,"0",3,0.0,10800,9,198.0,0.792,25.252525252525253,431682.0,10800.171903848648,0.7269076305220884,0.7529411764705882,0.20375106564364875,0.17561807331628299,0.14210751766973662,0.10612550867423443,0.2246376811594203,0.24909420289855078
"FlowOCT","german-limited_train_3.csv",3,"SP",0.37,250,"0",3,0.0,10800,9,199.0,0.796,25.125628140703515,273260.0,10800.216311216354,0.7188755020080321,0.788235294117647,0.20375106564364875,0.05434782608695654,0.14210751766973662,0.06671664167916047,0.2246376811594203,0.12862318840579712
"FlowOCT","german-limited_train_3.csv",3,"SP",0.38,250,"0",3,0.0,10800,9,198.0,0.792,26.26262626262547,303983.0,10800.26810503006,0.6746987951807228,0.788235294117647,0.20375106564364875,0.19522591645353793,0.14210751766973662,0.14874705504390662,0.2246376811594203,0.2155797101449275
"FlowOCT","german-limited_train_3.csv",3,"SP",0.39,250,"0",3,0.0,10800,9,199.0,0.796,25.125628140703515,227705.0,10800.249786615372,0.6907630522088354,0.8,0.20375106564364875,0.019181585677749302,0.14210751766973662,0.03801670593274786,0.2246376811594203,0.07608695652173914
"FlowOCT","german-limited_train_3.csv",3,"SP",0.3,250,"0",3,0.0,10800,9,201.0,0.804,24.37810945273496,187161.0,10800.113793373108,0.7108433734939759,0.7764705882352941,0.20375106564364875,0.04305200341005977,0.14210751766973662,0.006425358749196808,0.2246376811594203,0.07608695652173914
"FlowOCT","german-limited_train_3.csv",3,"SP",0.41,250,"0",3,0.0,10800,9,198.0,0.792,24.747474747474747,407627.0,10800.134274721146,0.6987951807228916,0.7647058823529411,0.20375106564364875,0.14045183290707586,0.14210751766973662,0.07742557292782182,0.2246376811594203,0.1965579710144928
"FlowOCT","german-limited_train_3.csv",3,"SP",0.42,250,"0",3,0.0,10800,9,199.0,0.796,25.628140703516245,205228.0,10800.137669563293,0.6586345381526104,0.8117647058823529,0.20375106564364875,0.0571184995737426,0.14210751766973662,0.08267294923966595,0.2246376811594203,0.13858695652173914
"FlowOCT","german-limited_train_3.csv",3,"SP",0.43,250,"0",3,0.0,10800,9,202.0,0.808,23.76237623762282,151615.0,10800.153636217117,0.678714859437751,0.8,0.20375106564364875,0.004475703324808178,0.14210751766973662,0.0359820089955023,0.2246376811594203,-0.029891304347826053
"FlowOCT","german-limited_train_3.csv",3,"SP",0.44,250,"0",3,0.0,10800,9,198.0,0.792,25.252525252525253,277392.0,10800.133827209473,0.6947791164658634,0.7529411764705882,0.20375106564364875,0.1321398124467178,0.14210751766973662,0.00353394731205825,0.2246376811594203,0.2780797101449275
"FlowOCT","german-limited_train_3.csv",3,"SP",0.45,250,"0",3,0.0,10800,9,198.0,0.792,26.262626262624554,239907.0,10800.202212810516,0.7269076305220884,0.7647058823529411,0.20375106564364875,0.062020460358056306,0.14210751766973662,0.0794602698650676,0.2246376811594203,0.18659420289855078
"FlowOCT","german-limited_train_3.csv",3,"SP",0.46,250,"0",3,0.0,10800,9,198.0,0.792,25.757575757575758,213058.0,10800.260535240173,0.6947791164658634,0.7529411764705882,0.20375106564364875,0.1321398124467178,0.14210751766973662,0.00353394731205825,0.2246376811594203,0.2780797101449275
"FlowOCT","german-limited_train_3.csv",3,"SP",0.47,250,"0",3,0.0,10800,9,195.0,0.78,28.205128205127345,152345.0,10800.215004444122,0.6746987951807228,0.788235294117647,0.20375106564364875,0.13427109974424545,0.14210751766973662,0.015420860998072494,0.2246376811594203,0.26358695652173914
"FlowOCT","german-limited_train_3.csv",3,"SP",0.48,250,"0",3,0.0,10800,9,200.0,0.8,24.999999999998934,198157.0,10800.11671924591,0.7108433734939759,0.7764705882352941,0.20375106564364875,0.08162830349531114,0.14210751766973662,-0.003426857999571653,0.2246376811594203,0.2780797101449275
"FlowOCT","german-limited_train_3.csv",3,"SP",0.49,250,"0",3,0.0,10800,9,199.0,0.796,25.125628140703515,223339.0,10800.12194943428,0.6867469879518072,0.8,0.20375106564364875,0.014919011082694,0.14210751766973662,0.002355964874705574,0.2246376811594203,0.009057971014492794
"FlowOCT","german-limited_train_3.csv",3,"SP",0.4,250,"0",3,0.0,10800,9,199.0,0.796,24.120603015075375,348782.0,10800.23409128189,0.6867469879518072,0.7764705882352941,0.20375106564364875,0.002344416027280416,0.14210751766973662,0.006425358749196808,0.2246376811594203,0.10507246376811596
"FlowOCT","german-limited_train_3.csv",3,"SP",0.51,250,"0",3,0.0,10800,9,199.0,0.796,25.125628140703515,223412.0,10800.275008678436,0.6666666666666666,0.8235294117647058,0.20375106564364875,0.07395566922421148,0.14210751766973662,0.10933818804883277,0.2246376811594203,0.09510869565217395
"FlowOCT","german-limited_train_3.csv",3,"SP",0.52,250,"0",3,0.0,10800,9,199.0,0.796,25.125628140703515,131952.0,10800.201879501343,0.6867469879518072,0.7764705882352941,0.20375106564364875,0.002344416027280416,0.14210751766973662,0.006425358749196808,0.2246376811594203,0.10507246376811596
"FlowOCT","german-limited_train_3.csv",3,"SP",0.53,250,"0",3,0.0,10800,9,199.0,0.796,25.628140703516788,148474.0,10800.250193595886,0.6867469879518072,0.7764705882352941,0.20375106564364875,-0.007459505541347,0.14210751766973662,0.01627757549796527,0.2246376811594203,0.07608695652173914
"FlowOCT","german-limited_train_3.csv",3,"SP",0.54,250,"0",3,0.0,10800,9,198.0,0.792,25.757575757575758,319341.0,10800.187474489212,0.6987951807228916,0.7647058823529411,0.20375106564364875,0.14045183290707586,0.14210751766973662,0.07742557292782182,0.2246376811594203,0.1965579710144928
"FlowOCT","german-limited_train_3.csv",3,"SP",0.55,250,"0",3,0.0,10800,9,198.0,0.792,26.26262626262533,171689.0,10800.269525051117,0.6867469879518072,0.788235294117647,0.20375106564364875,0.17135549872122757,0.14210751766973662,0.040051402869993646,0.2246376811594203,0.2346014492753623
"FlowOCT","german-limited_train_3.csv",3,"SP",0.5,250,"0",3,0.0,10800,9,199.0,0.796,25.125628140703515,173126.0,10800.165935754776,0.6827309236947792,0.788235294117647,0.20375106564364875,0.002344416027280416,0.14210751766973662,0.011351467123581038,0.2246376811594203,0.11956521739130432
"FlowOCT","german-limited_train_4.csv",4,"None",1.0,250,"0",3,0.0,10800,9,198.0,0.792,26.26262626262491,204949.0,10800.20016002655,0.678714859437751,0.7857142857142857,0.09673070441523424,0.07403662509830355,0.14210751766973662,0.0852430927393446,0.08571428571428574,0.1428571428571429
"FlowOCT","german-limited_train_4.csv",4,"SP",0.01,250,"0",3,0.0,10800,9,199.0,0.796,23.115577889447238,195399.0,10800.361596345901,0.7068273092369478,0.7976190476190477,0.09673070441523424,-0.006291427929446147,0.14210751766973662,0.017134289997858265,0.08571428571428574,-0.09999999999999998
"FlowOCT","german-limited_train_4.csv",4,"SP",0.02,250,"0",3,0.0,10800,9,199.0,0.796,23.618090452261306,173139.0,10800.248366594315,0.7108433734939759,0.7738095238095238,0.09673070441523424,-0.004493877092461629,0.14210751766973662,0.07249946455343759,0.08571428571428574,0.12857142857142856
"FlowOCT","german-limited_train_4.csv",4,"SP",0.03,250,"0",3,0.0,10800,9,202.0,0.808,21.782178217821784,167757.0,10800.198605537415,0.7068273092369478,0.7857142857142857,0.09673070441523424,0.02662622177283447,0.14210751766973662,0.11801242236024856,0.08571428571428574,0.1428571428571429
"FlowOCT","german-limited_train_4.csv",4,"SP",0.04,250,"0",3,0.0,10800,9,201.0,0.804,21.890547263681594,237756.0,10800.175646066666,0.7188755020080321,0.8214285714285714,0.09673070441523424,-0.03258060892034598,0.14210751766973662,0.08813450417648316,0.08571428571428574,0.09999999999999998
"FlowOCT","german-limited_train_4.csv",4,"SP",0.05,250,"0",3,0.0,10800,9,200.0,0.8,23.5,202516.0,10800.159901618958,0.6626506024096386,0.7738095238095238,0.09673070441523424,0.046848668688911355,0.14210751766973662,-0.050974512743628075,0.08571428571428574,0.014285714285714346
"FlowOCT","german-limited_train_4.csv",4,"SP",0.06,250,"0",3,0.0,10800,9,199.0,0.796,24.623115577889447,140020.0,10800.23789024353,0.6907630522088354,0.7619047619047619,0.09673070441523424,0.05167958656330751,0.14210751766973662,0.16727350610409086,0.08571428571428574,0.08571428571428574
"FlowOCT","german-limited_train_4.csv",4,"SP",0.07,250,"0",3,0.0,10800,9,201.0,0.804,23.383084577114428,197544.0,10800.396868228912,0.7108433734939759,0.8214285714285714,0.09673070441523424,-0.03258060892034598,0.14210751766973662,0.0782822874277147,0.08571428571428574,0.09999999999999998
"FlowOCT","german-limited_train_4.csv",4,"SP",0.08,250,"0",3,0.0,10800,9,199.0,0.796,25.125628140703515,162252.0,10800.170966625214,0.6666666666666666,0.7738095238095238,0.09673070441523424,0.030558364228738366,0.14210751766973662,0.11105161704861866,0.08571428571428574,0.042857142857142816
"FlowOCT","german-limited_train_4.csv",4,"SP",0.09,250,"0",3,0.0,10800,9,201.0,0.804,23.383084577114428,138868.0,10800.34187412262,0.7269076305220884,0.8214285714285714,0.09673070441523424,-0.023817548590046145,0.14210751766973662,0.07539087599057614,0.08571428571428574,0.0714285714285714
"FlowOCT","german-limited_train_4.csv",4,"SP",0.11,250,"0",3,0.0,10800,9,202.0,0.808,23.26732673267327,214460.0,10800.151281356812,0.678714859437751,0.7619047619047619,0.09673070441523424,0.0827996854286035,0.14210751766973662,0.12293853073463279,0.08571428571428574,0.17142857142857149
"FlowOCT","german-limited_train_4.csv",4,"SP",0.12,250,"0",3,0.0,10800,9,200.0,0.8,24.99999999999787,239282.0,10800.13089632988,0.6827309236947792,0.7857142857142857,0.09673070441523424,0.017863161442534525,0.14210751766973662,0.08727778967659028,0.08571428571428574,0.17142857142857149
"FlowOCT","german-limited_train_4.csv",4,"SP",0.13,250,"0",3,0.0,10800,9,203.0,0.812,22.660098522167488,257305.0,10800.212033987045,0.6947791164658634,0.7738095238095238,0.09673070441523424,0.0963936636332996,0.14210751766973662,0.2000428357249946,0.08571428571428574,0.2142857142857143
"FlowOCT","german-limited_train_4.csv",4,"SP",0.14,250,"0",3,0.0,10800,9,198.0,0.792,26.2626262626253,181494.0,10800.63110423088,0.6827309236947792,0.7380952380952381,0.09673070441523424,0.05381417818222667,0.14210751766973662,0.1011994002998502,0.08571428571428574,0.05714285714285716
"FlowOCT","german-limited_train_4.csv",4,"SP",0.15,250,"0",3,0.0,10800,9,200.0,0.8,24.5,275345.0,10800.17634510994,0.678714859437751,0.8095238095238095,0.09673070441523424,0.0556117290192113,0.14210751766973662,0.009316770186335477,0.08571428571428574,0.02857142857142858
"FlowOCT","german-limited_train_4.csv",4,"SP",0.16,250,"0",3,0.0,10800,9,201.0,0.804,23.88059701492537,293271.0,10800.376850366592,0.714859437751004,0.8214285714285714,0.09673070441523424,-0.03258060892034598,0.14210751766973662,0.0930606125508674,0.08571428571428574,0.09999999999999998
"FlowOCT","german-limited_train_4.csv",4,"SP",0.17,250,"0",3,0.0,10800,9,201.0,0.804,23.383084577114428,266465.0,10800.19649219513,0.6827309236947792,0.75,0.09673070441523424,0.07796876755420734,0.14210751766973662,0.13771685585778548,0.08571428571428574,0.15714285714285725
"FlowOCT","german-limited_train_4.csv",4,"SP",0.18,250,"0",3,0.0,10800,9,200.0,0.8,24.5,271277.0,10800.605321645737,0.6706827309236948,0.8214285714285714,0.09673070441523424,-0.009324794966857675,0.14210751766973662,0.022060398372242496,0.08571428571428574,0.014285714285714346
"FlowOCT","german-limited_train_4.csv",4,"SP",0.19,250,"0",3,0.0,10800,9,196.0,0.784,25.510204081632654,322616.0,10800.127187013626,0.714859437751004,0.7857142857142857,0.09673070441523424,-0.018087855297157618,0.14210751766973662,0.13364746198329414,0.08571428571428574,0.05714285714285716
"FlowOCT","german-limited_train_4.csv",4,"SP",0.1,250,"0",3,0.0,10800,9,202.0,0.808,23.76237623762261,188518.0,10800.191452503204,0.678714859437751,0.7619047619047619,0.09673070441523424,0.0827996854286035,0.14210751766973662,0.12293853073463279,0.08571428571428574,0.17142857142857149
"FlowOCT","german-limited_train_4.csv",4,"SP",0.21,250,"0",3,0.0,10800,9,200.0,0.8,24.5,269194.0,10800.190276384354,0.6706827309236948,0.8214285714285714,0.09673070441523424,-0.009324794966857675,0.14210751766973662,0.022060398372242496,0.08571428571428574,0.014285714285714346
"FlowOCT","german-limited_train_4.csv",4,"SP",0.22,250,"0",3,0.0,10800,9,203.0,0.812,22.167487684729064,276886.0,10800.228375673294,0.6987951807228916,0.7738095238095238,0.09673070441523424,0.11481855971239185,0.14210751766973662,0.19511672735061036,0.08571428571428574,0.2142857142857143
"FlowOCT","german-limited_train_4.csv",4,"SP",0.23,250,"0",3,0.0,10800,9,196.0,0.784,26.53061224489796,232307.0,10800.170225858688,0.7028112449799196,0.7619047619047619,0.09673070441523424,-0.06459948320413444,0.14210751766973662,-0.05215249518098097,0.08571428571428574,-0.02857142857142847
"FlowOCT","german-limited_train_4.csv",4,"SP",0.24,250,"0",3,0.0,10800,9,199.0,0.796,25.125628140703515,252683.0,10800.268018007278,0.6907630522088354,0.7976190476190477,0.09673070441523424,0.04111897539602283,0.14210751766973662,0.03105590062111807,0.08571428571428574,-0.014285714285714235
"FlowOCT","german-limited_train_4.csv",4,"SP",0.25,250,"0",3,0.0,10800,9,198.0,0.792,26.262626262624845,288795.0,10800.09931921959,0.6626506024096386,0.8214285714285714,0.09673070441523424,-0.04617458712504219,0.14210751766973662,-0.028378667808952596,0.08571428571428574,0.014285714285714346
"FlowOCT","german-limited_train_4.csv",4,"SP",0.26,250,"0",3,0.0,10800,9,200.0,0.8,24.5,184419.0,10800.262457370758,0.6626506024096386,0.8214285714285714,0.09673070441523424,-0.018986630715649988,0.14210751766973662,0.019168986935103938,0.08571428571428574,0.014285714285714346
"FlowOCT","german-limited_train_4.csv",4,"SP",0.27,250,"0",3,0.0,10800,9,201.0,0.804,23.88059701492537,238941.0,10800.12319970131,0.714859437751004,0.8214285714285714,0.09673070441523424,-0.03258060892034598,0.14210751766973662,0.0930606125508674,0.08571428571428574,0.09999999999999998
"FlowOCT","german-limited_train_4.csv",4,"SP",0.28,250,"0",3,0.0,10800,9,201.0,0.804,23.88059701492537,325645.0,10800.199976444244,0.714859437751004,0.8214285714285714,0.09673070441523424,-0.03258060892034598,0.14210751766973662,0.0930606125508674,0.08571428571428574,0.09999999999999998
"FlowOCT","german-limited_train_4.csv",4,"SP",0.29,250,"0",3,0.0,10800,9,198.0,0.792,25.757575757575758,347179.0,10800.148775100708,0.7228915662650602,0.8214285714285714,0.09673070441523424,-0.050668464217503706,0.14210751766973662,-0.021096594559862902,0.08571428571428574,-0.042857142857142816
"FlowOCT","german-limited_train_4.csv",4,"SP",0.2,250,"0",3,0.0,10800,9,200.0,0.8,24.5,222455.0,10800.450573921204,0.6666666666666666,0.8333333333333334,0.09673070441523424,-0.018986630715649988,0.14210751766973662,0.03683872349539519,0.08571428571428574,-0.02857142857142858
"FlowOCT","german-limited_train_4.csv",4,"SP",0.31,250,"0",3,0.0,10800,9,198.0,0.792,25.757575757575758,204101.0,10800.32262301445,0.6987951807228916,0.8214285714285714,0.09673070441523424,0.007302550275249953,0.14210751766973662,0.007282073249089804,0.08571428571428574,0.12857142857142867
"FlowOCT","german-limited_train_4.csv",4,"SP",0.32,250,"0",3,0.0,10800,9,203.0,0.812,22.660098522166887,327226.0,10800.163565158844,0.6987951807228916,0.7738095238095238,0.09673070441523424,0.11481855971239185,0.14210751766973662,0.19511672735061036,0.08571428571428574,0.2142857142857143
"FlowOCT","german-limited_train_4.csv",4,"SP",0.33,250,"0",3,0.0,10800,9,202.0,0.808,23.26732673267327,315626.0,10800.16947889328,0.678714859437751,0.7619047619047619,0.09673070441523424,0.0827996854286035,0.14210751766973662,0.12293853073463279,0.08571428571428574,0.17142857142857149
"FlowOCT","german-limited_train_4.csv",4,"SP",0.34,250,"0",3,0.0,10800,9,198.0,0.792,25.757575757575758,250065.0,10800.171819925308,0.7028112449799196,0.8214285714285714,0.09673070441523424,0.007302550275249953,0.14210751766973662,0.012208181623474035,0.08571428571428574,0.12857142857142867
"FlowOCT","german-limited_train_4.csv",4,"SP",0.35,250,"0",3,0.0,10800,9,198.0,0.792,24.242424242424242,348722.0,10800.14042186737,0.6987951807228916,0.7976190476190477,0.09673070441523424,0.0924615211773957,0.14210751766973662,0.15452987791818384,0.08571428571428574,0.2142857142857143
"FlowOCT","german-limited_train_4.csv",4,"SP",0.36,250,"0",3,0.0,10800,9,201.0,0.804,24.378109452734876,284418.0,10800.127130508423,0.6907630522088354,0.8095238095238095,0.09673070441523424,-0.08178856308279969,0.14210751766973662,0.0014992503748125774,0.08571428571428574,0.05714285714285716
"FlowOCT","german-limited_train_4.csv",4,"SP",0.37,250,"0",3,0.0,10800,9,199.0,0.796,25.628140703516372,233062.0,10800.053703546524,0.6666666666666666,0.7738095238095238,0.09673070441523424,0.030558364228738366,0.14210751766973662,0.11105161704861866,0.08571428571428574,0.042857142857142816
"FlowOCT","german-limited_train_4.csv",4,"SP",0.38,250,"0",3,0.0,10800,9,201.0,0.804,23.88059701492537,198404.0,10800.282926559448,0.7108433734939759,0.8214285714285714,0.09673070441523424,-0.03258060892034598,0.14210751766973662,0.08813450417648316,0.08571428571428574,0.09999999999999998
"FlowOCT","german-limited_train_4.csv",4,"SP",0.39,250,"0",3,0.0,10800,9,199.0,0.796,25.125628140703515,178568.0,10800.132500648499,0.6666666666666666,0.7738095238095238,0.09673070441523424,0.030558364228738366,0.14210751766973662,0.08438637823945183,0.08571428571428574,0.042857142857142816
"FlowOCT","german-limited_train_4.csv",4,"SP",0.3,250,"0",3,0.0,10800,9,199.0,0.796,25.125628140703515,298722.0,10800.17937207222,0.7108433734939759,0.7738095238095238,0.09673070441523424,-0.004493877092461629,0.14210751766973662,0.07249946455343759,0.08571428571428574,0.12857142857142856
"FlowOCT","german-limited_train_4.csv",4,"SP",0.41,250,"0",3,0.0,10800,9,199.0,0.796,25.628140703516745,205891.0,10800.610106229782,0.7068273092369478,0.7976190476190477,0.09673070441523424,-0.006291427929446147,0.14210751766973662,0.017134289997858265,0.08571428571428574,-0.09999999999999998
"FlowOCT","german-limited_train_4.csv",4,"SP",0.42,250,"0",3,0.0,10800,9,198.0,0.792,26.262626262625126,206207.0,10800.279648780823,0.6987951807228916,0.8214285714285714,0.09673070441523424,0.007302550275249953,0.14210751766973662,0.007282073249089804,0.08571428571428574,0.12857142857142867
"FlowOCT","german-limited_train_4.csv",4,"SP",0.43,250,"0",3,0.0,10800,9,198.0,0.792,25.757575757575758,226986.0,10800.158264160156,0.6987951807228916,0.8214285714285714,0.09673070441523424,0.007302550275249953,0.14210751766973662,0.007282073249089804,0.08571428571428574,0.12857142857142867
"FlowOCT","german-limited_train_4.csv",4,"SP",0.44,250,"0",3,0.0,10800,9,198.0,0.792,26.2626262626254,197371.0,10800.157486915588,0.6987951807228916,0.8214285714285714,0.09673070441523424,0.007302550275249953,0.14210751766973662,0.007282073249089804,0.08571428571428574,0.12857142857142867
"FlowOCT","german-limited_train_4.csv",4,"SP",0.45,250,"0",3,0.0,10800,9,198.0,0.792,26.262626262625083,240392.0,10800.164832830429,0.6987951807228916,0.7738095238095238,0.09673070441523424,0.02752499719132684,0.14210751766973662,0.14060826729492404,0.08571428571428574,0.014285714285714346
"FlowOCT","german-limited_train_4.csv",4,"SP",0.46,250,"0",3,0.0,10800,9,198.0,0.792,25.757575757575758,232790.0,10800.226793289185,0.7028112449799196,0.7738095238095238,0.09673070441523424,0.02752499719132684,0.14210751766973662,0.1287213536089099,0.08571428571428574,0.014285714285714346
"FlowOCT","german-limited_train_4.csv",4,"SP",0.47,250,"0",3,0.0,10800,9,199.0,0.796,25.6281407035161,174216.0,10800.221116304398,0.7188755020080321,0.8095238095238095,0.09673070441523424,0.030558364228738366,0.14210751766973662,0.0794602698650676,0.08571428571428574,0.0
"FlowOCT","german-limited_train_4.csv",4,"SP",0.48,250,"0",3,0.0,10800,9,200.0,0.8,24.999999999999062,171409.0,10800.406800746918,0.7068273092369478,0.75,0.09673070441523424,0.018761936861026784,0.14210751766973662,0.03394731205825663,0.08571428571428574,-0.014285714285714235
"FlowOCT","german-limited_train_4.csv",4,"SP",0.49,250,"0",3,0.0,10800,9,200.0,0.8,24.5,232407.0,10800.27217245102,0.6706827309236948,0.7738095238095238,0.09673070441523424,0.08369846084709587,0.14210751766973662,0.019168986935103938,0.08571428571428574,0.04285714285714293
"FlowOCT","german-limited_train_4.csv",4,"SP",0.4,250,"0",3,0.0,10800,9,201.0,0.804,23.88059701492537,207944.0,10800.286488056183,0.7228915662650602,0.8214285714285714,0.09673070441523424,-0.023817548590046145,0.14210751766973662,0.060612550867423454,0.08571428571428574,0.0714285714285714
"FlowOCT","german-limited_train_4.csv",4,"SP",0.51,250,"0",3,0.0,10800,9,199.0,0.796,25.628140703516472,171515.0,10800.26204419136,0.7108433734939759,0.7738095238095238,0.09673070441523424,-0.004493877092461629,0.14210751766973662,0.07249946455343759,0.08571428571428574,0.12857142857142856
"FlowOCT","german-limited_train_4.csv",4,"SP",0.52,250,"0",3,0.0,10800,9,200.0,0.8,24.499999999999986,192385.0,10800.259281158447,0.7108433734939759,0.8214285714285714,0.09673070441523424,-0.018087855297157618,0.14210751766973662,0.09798672092525162,0.08571428571428574,0.12857142857142856
"FlowOCT","german-limited_train_4.csv",4,"SP",0.53,250,"0",3,0.0,10800,9,197.0,0.788,26.39593908629442,255597.0,10800.170761346817,0.6867469879518072,0.7976190476190477,0.09673070441523424,-0.04134366925064603,0.14210751766973662,-0.03533947312058261,0.08571428571428574,-0.0714285714285714
"FlowOCT","german-limited_train_4.csv",4,"SP",0.54,250,"0",3,0.0,10800,9,198.0,0.792,25.757575757575758,272038.0,10800.197221755981,0.6867469879518072,0.7619047619047619,0.09673070441523424,-0.04707336254353445,0.14210751766973662,-0.031270079246091154,0.08571428571428574,-0.08571428571428563
"FlowOCT","german-limited_train_4.csv",4,"SP",0.55,250,"0",3,0.0,10800,9,198.0,0.792,25.757575757575758,204818.0,10800.210839986801,0.6987951807228916,0.7976190476190477,0.09673070441523424,-0.05583642287383439,0.14210751766973662,-0.04026558149496684,0.08571428571428574,-0.0714285714285714
"FlowOCT","german-limited_train_4.csv",4,"SP",0.5,250,"0",3,0.0,10800,9,200.0,0.8,24.99999999999882,148538.0,10800.174734830856,0.6706827309236948,0.7976190476190477,0.09673070441523424,0.11178519267498022,0.14210751766973662,0.06553865924180768,0.08571428571428574,0.09999999999999998
"FlowOCT","german-limited_train_5.csv",5,"None",1.0,250,"0",3,0.0,10800,9,204.0,0.816,22.54901960784237,172885.0,10800.22642493248,0.7188755020080321,0.8148148148148148,0.1480732501966071,-0.035276935175822866,0.14210751766973662,0.09049046905118874,0.11990950226244335,0.010180995475113086
"FlowOCT","german-limited_train_5.csv",5,"SP",0.01,250,"0",3,0.0,10800,9,204.0,0.816,18.137254901960784,250475.0,10800.42729139328,0.7188755020080321,0.8148148148148148,0.1480732501966071,-0.035276935175822866,0.14210751766973662,0.09049046905118874,0.11990950226244335,0.010180995475113086
"FlowOCT","german-limited_train_5.csv",5,"SP",0.02,250,"0",3,0.0,10800,9,199.0,0.796,22.613065326633166,135158.0,10800.359104633331,0.6867469879518072,0.8024691358024691,0.1480732501966071,-0.020784181552634506,0.14210751766973662,0.21278646391090172,0.11990950226244335,0.02488687782805421
"FlowOCT","german-limited_train_5.csv",5,"SP",0.03,250,"0",3,0.0,10800,9,204.0,0.816,18.627450980392158,252351.0,10800.229061603546,0.7188755020080321,0.8148148148148148,0.1480732501966071,-0.035276935175822866,0.14210751766973662,0.09049046905118874,0.11990950226244335,0.010180995475113086
"FlowOCT","german-limited_train_5.csv",5,"SP",0.04,250,"0",3,0.0,10800,9,198.0,0.792,23.232323232323232,254734.0,10800.176820278168,0.7309236947791165,0.8271604938271605,0.1480732501966071,0.020896528479946053,0.14210751766973662,0.06179053330477624,0.11990950226244335,-0.004524886877828149
"FlowOCT","german-limited_train_5.csv",5,"SP",0.05,250,"0",3,0.0,10800,9,204.0,0.816,19.11764705882353,260050.0,10800.242063760757,0.7188755020080321,0.8148148148148148,0.1480732501966071,-0.035276935175822866,0.14210751766973662,0.09049046905118874,0.11990950226244335,0.010180995475113086
"FlowOCT","german-limited_train_5.csv",5,"SP",0.06,250,"0",3,0.0,10800,9,204.0,0.816,19.607843137254903,275117.0,10800.208218574524,0.7188755020080321,0.8148148148148148,0.1480732501966071,-0.035276935175822866,0.14210751766973662,0.09049046905118874,0.11990950226244335,0.010180995475113086
"FlowOCT","german-limited_train_5.csv",5,"SP",0.07,250,"0",3,0.0,10800,9,202.0,0.808,21.287128712871286,150035.0,10800.178258895874,0.7068273092369478,0.8395061728395061,0.1480732501966071,0.04808448488933825,0.14210751766973662,0.0786035553651746,0.11990950226244335,0.13461538461538458
"FlowOCT","german-limited_train_5.csv",5,"SP",0.08,250,"0",3,0.0,10800,9,201.0,0.804,22.388059701492537,230001.0,10800.111562252045,0.6947791164658634,0.8024691358024691,0.1480732501966071,0.0704415234243343,0.14210751766973662,0.1073034911115871,0.11990950226244335,0.05769230769230771
"FlowOCT","german-limited_train_5.csv",5,"SP",0.09,250,"0",3,0.0,10800,9,199.0,0.796,23.618090452261306,210808.0,10800.368532657623,0.6867469879518072,0.8518518518518519,0.1480732501966071,-0.048870913380519077,0.14210751766973662,0.02612979224673373,0.11990950226244335,-0.004524886877828149
"FlowOCT","german-limited_train_5.csv",5,"SP",0.11,250,"0",3,0.0,10800,9,200.0,0.8,23.5,201100.0,10800.183052539825,0.7389558232931727,0.8271604938271605,0.1480732501966071,0.05684754521963831,0.14210751766973662,0.10237738273720287,0.11990950226244335,0.02828054298642535
"FlowOCT","german-limited_train_5.csv",5,"SP",0.12,250,"0",3,0.0,10800,9,199.0,0.796,24.623115577889447,189902.0,10800.331868648529,0.714859437751004,0.8395061728395061,0.1480732501966071,0.06257723851252661,0.14210751766973662,0.025273077746840955,0.11990950226244335,0.16402714932126694
"FlowOCT","german-limited_train_5.csv",5,"SP",0.13,250,"0",3,0.0,10800,9,201.0,0.804,22.885572139303484,344407.0,10800.20131444931,0.6827309236947792,0.8395061728395061,0.1480732501966071,-0.048870913380519077,0.14210751766973662,0.0212036838723495,0.11990950226244335,0.039592760180995445
"FlowOCT","german-limited_train_5.csv",5,"SP",0.14,250,"0",3,0.0,10800,9,199.0,0.796,24.120603015075375,217223.0,10800.389158725739,0.6184738955823293,0.8148148148148148,0.1480732501966071,-0.08661948095719585,0.14210751766973662,-0.07324908974084376,0.11990950226244335,-0.019230769230769273
"FlowOCT","german-limited_train_5.csv",5,"SP",0.15,250,"0",3,0.0,10800,9,200.0,0.8,24.99999999999922,187300.0,10800.15414404869,0.6184738955823293,0.8148148148148148,0.1480732501966071,-0.07482305358948438,0.14210751766973662,0.09081173698864853,0.11990950226244335,-0.04864253393665163
"FlowOCT","german-limited_train_5.csv",5,"SP",0.16,250,"0",3,0.0,10800,9,200.0,0.8,24.999999999998508,243770.0,10800.117110967636,0.7429718875502008,0.8148148148148148,0.1480732501966071,0.12178406920570717,0.14210751766973662,0.1073034911115871,0.11990950226244335,0.19683257918552022
"FlowOCT","german-limited_train_5.csv",5,"SP",0.17,250,"0",3,0.0,10800,9,199.0,0.796,25.628140703516987,245488.0,10800.06850886345,0.714859437751004,0.8024691358024691,0.1480732501966071,0.13537804741040327,0.14210751766973662,0.09948597130006431,0.11990950226244335,0.02828054298642535
"FlowOCT","german-limited_train_5.csv",5,"SP",0.18,250,"0",3,0.0,10800,9,199.0,0.796,25.125628140703515,227686.0,10800.215327501297,0.6907630522088354,0.7530864197530864,0.1480732501966071,-0.037411526794742134,0.14210751766973662,-0.046048404369243845,0.11990950226244335,-0.13235294117647056
"FlowOCT","german-limited_train_5.csv",5,"SP",0.19,250,"0",3,0.0,10800,9,201.0,0.804,24.37810945273554,130905.0,10800.198655843735,0.7108433734939759,0.7901234567901234,0.1480732501966071,0.004606224019773064,0.14210751766973662,0.04412079674448499,0.11990950226244335,-0.04864253393665163
"FlowOCT","german-limited_train_5.csv",5,"SP",0.1,250,"0",3,0.0,10800,9,204.0,0.816,20.588235294117645,202529.0,10800.263561964035,0.7068273092369478,0.8271604938271605,0.1480732501966071,-0.025615099427030663,0.14210751766973662,0.11512101092310989,0.11990950226244335,0.02488687782805421
"FlowOCT","german-limited_train_5.csv",5,"SP",0.21,250,"0",3,0.0,10800,9,199.0,0.796,25.125628140703515,236020.0,10800.085513591766,0.6867469879518072,0.8024691358024691,0.1480732501966071,-0.020784181552634506,0.14210751766973662,0.21278646391090172,0.11990950226244335,0.02488687782805421
"FlowOCT","german-limited_train_5.csv",5,"SP",0.22,250,"0",3,0.0,10800,9,200.0,0.8,24.99999999999902,122980.0,10800.25384926796,0.7429718875502008,0.8271604938271605,0.1480732501966071,0.05684754521963831,0.14210751766973662,0.1073034911115871,0.11990950226244335,0.02828054298642535
"FlowOCT","german-limited_train_5.csv",5,"SP",0.23,250,"0",3,0.0,10800,9,197.0,0.788,26.395939086294067,345093.0,10800.231503725052,0.6907630522088354,0.8148148148148148,0.1480732501966071,-0.02954724188293456,0.14210751766973662,0.2078603555365175,0.11990950226244335,0.0690045248868778
"FlowOCT","german-limited_train_5.csv",5,"SP",0.24,250,"0",3,0.0,10800,9,199.0,0.796,25.125628140703515,254517.0,10800.25883936882,0.6867469879518072,0.8024691358024691,0.1480732501966071,-0.020784181552634506,0.14210751766973662,0.21278646391090172,0.11990950226244335,0.02488687782805421
"FlowOCT","german-limited_train_5.csv",5,"SP",0.25,250,"0",3,0.0,10800,9,201.0,0.804,23.88059701492537,265577.0,10800.272508382797,0.7228915662650602,0.7901234567901234,0.1480732501966071,0.07134029884282667,0.14210751766973662,0.10526879417434143,0.11990950226244335,0.07239819004524883
"FlowOCT","german-limited_train_5.csv",5,"SP",0.26,250,"0",3,0.0,10800,9,200.0,0.8,24.999999999998735,157152.0,10800.291021823883,0.7389558232931727,0.8271604938271605,0.1480732501966071,0.05684754521963831,0.14210751766973662,0.10237738273720287,0.11990950226244335,0.02828054298642535
"FlowOCT","german-limited_train_5.csv",5,"SP",0.27,250,"0",3,0.0,10800,9,201.0,0.804,23.88059701492502,331730.0,10800.23245549202,0.6827309236947792,0.7901234567901234,0.1480732501966071,0.06167846309403435,0.14210751766973662,0.02645106018419363,0.11990950226244335,0.07239819004524883
"FlowOCT","german-limited_train_5.csv",5,"SP",0.28,250,"0",3,0.0,10800,9,200.0,0.8,23.999999999999986,357361.0,10800.142210006714,0.7429718875502008,0.8271604938271605,0.1480732501966071,0.05684754521963831,0.14210751766973662,0.1073034911115871,0.11990950226244335,0.02828054298642535
"FlowOCT","german-limited_train_5.csv",5,"SP",0.29,250,"0",3,0.0,10800,9,201.0,0.804,24.37810945273506,156902.0,10800.384667634964,0.678714859437751,0.8024691358024691,0.1480732501966071,0.24682619930344896,0.14210751766973662,0.1224030841721997,0.11990950226244335,0.24434389140271484
"FlowOCT","german-limited_train_5.csv",5,"SP",0.2,250,"0",3,0.0,10800,9,200.0,0.8,24.999999999997925,161189.0,10800.165211200714,0.7429718875502008,0.8271604938271605,0.1480732501966071,0.05684754521963831,0.14210751766973662,0.1073034911115871,0.11990950226244335,0.02828054298642535
"FlowOCT","german-limited_train_5.csv",5,"SP",0.31,250,"0",3,0.0,10800,9,199.0,0.796,25.628140703514045,176243.0,10800.291416168213,0.6746987951807228,0.8024691358024691,0.1480732501966071,-0.05853274912931128,0.14210751766973662,0.035125294495609416,0.11990950226244335,-0.03393665158371051
"FlowOCT","german-limited_train_5.csv",5,"SP",0.32,250,"0",3,0.0,10800,9,198.0,0.792,26.262626262624256,179720.0,10800.198514699936,0.678714859437751,0.8148148148148148,0.1480732501966071,0.03842264914054594,0.14210751766973662,0.07196401799100449,0.11990950226244335,0.1934389140271493
"FlowOCT","german-limited_train_5.csv",5,"SP",0.33,250,"0",3,0.0,10800,9,200.0,0.8,24.5,169308.0,10800.254560470581,0.642570281124498,0.8148148148148148,0.1480732501966071,-0.008088978766430777,0.14210751766973662,0.2217819661597772,0.11990950226244335,0.010180995475113086
"FlowOCT","german-limited_train_5.csv",5,"SP",0.34,250,"0",3,0.0,10800,9,197.0,0.788,26.39593908629442,211570.0,10800.200361967087,0.678714859437751,0.8395061728395061,0.1480732501966071,0.005504999438265323,0.14210751766973662,0.08181623473977295,0.11990950226244335,0.16402714932126694
"FlowOCT","german-limited_train_5.csv",5,"SP",0.35,250,"0",3,0.0,10800,9,201.0,0.804,23.88059701492537,211489.0,10800.262044429779,0.6746987951807228,0.7901234567901234,0.1480732501966071,0.06077968767554198,0.14210751766973662,0.10237738273720287,0.11990950226244335,0.042986425339366474
"FlowOCT","german-limited_train_5.csv",5,"SP",0.36,250,"0",3,0.0,10800,9,201.0,0.804,23.383084577114428,213289.0,10800.196209192276,0.7108433734939759,0.7901234567901234,0.1480732501966071,0.004606224019773064,0.14210751766973662,0.04412079674448499,0.11990950226244335,-0.04864253393665163
"FlowOCT","german-limited_train_5.csv",5,"SP",0.37,250,"0",3,0.0,10800,9,201.0,0.804,23.88059701492537,204331.0,10800.261616230011,0.7108433734939759,0.8024691358024691,0.1480732501966071,0.004606224019773064,0.14210751766973662,0.03426857999571653,0.11990950226244335,-0.06334841628959287
"FlowOCT","german-limited_train_5.csv",5,"SP",0.38,250,"0",3,0.0,10800,9,202.0,0.808,23.762376237623002,132600.0,10800.200858354568,0.7068273092369478,0.8395061728395061,0.1480732501966071,0.04808448488933825,0.14210751766973662,0.0786035553651746,0.11990950226244335,0.13461538461538458
"FlowOCT","german-limited_train_5.csv",5,"SP",0.39,250,"0",3,0.0,10800,9,200.0,0.8,24.99999999999912,215434.0,10800.137770175934,0.7389558232931727,0.8271604938271605,0.1480732501966071,0.05684754521963831,0.14210751766973662,0.10237738273720287,0.11990950226244335,0.02828054298642535
"FlowOCT","german-limited_train_5.csv",5,"SP",0.3,250,"0",3,0.0,10800,9,201.0,0.804,23.88059701492537,201443.0,10800.227889060974,0.678714859437751,0.8024691358024691,0.1480732501966071,0.24682619930344896,0.14210751766973662,0.1224030841721997,0.11990950226244335,0.24434389140271484
"FlowOCT","german-limited_train_5.csv",5,"SP",0.41,250,"0",3,0.0,10800,9,198.0,0.792,25.757575757575758,268385.0,10800.226704359055,0.7028112449799196,0.7777777777777778,0.1480732501966071,-0.03258060892034598,0.14210751766973662,-0.062004711929749434,0.11990950226244335,-0.1029411764705882
"FlowOCT","german-limited_train_5.csv",5,"SP",0.42,250,"0",3,0.0,10800,9,199.0,0.796,25.628140703517033,223173.0,10800.243783473969,0.714859437751004,0.8024691358024691,0.1480732501966071,0.13537804741040327,0.14210751766973662,0.09948597130006431,0.11990950226244335,0.02828054298642535
"FlowOCT","german-limited_train_5.csv",5,"SP",0.43,250,"0",3,0.0,10800,9,202.0,0.808,23.26732673267327,202510.0,10800.162518024445,0.7228915662650602,0.8148148148148148,0.1480732501966071,0.0840355016290304,0.14210751766973662,0.16266866566716642,0.11990950226244335,0.19683257918552022
"FlowOCT","german-limited_train_5.csv",5,"SP",0.44,250,"0",3,0.0,10800,9,204.0,0.816,22.058823529411764,193631.0,10800.22538113594,0.7068273092369478,0.8271604938271605,0.1480732501966071,-0.025615099427030663,0.14210751766973662,0.11512101092310989,0.11990950226244335,0.02488687782805421
"FlowOCT","german-limited_train_5.csv",5,"SP",0.45,250,"0",3,0.0,10800,9,204.0,0.816,22.549019607842133,145694.0,10800.174729585648,0.7188755020080321,0.8148148148148148,0.1480732501966071,-0.035276935175822866,0.14210751766973662,0.09049046905118874,0.11990950226244335,0.010180995475113086
"FlowOCT","german-limited_train_5.csv",5,"SP",0.46,250,"0",3,0.0,10800,9,199.0,0.796,25.628140703516788,176746.0,10800.24626326561,0.6867469879518072,0.8024691358024691,0.1480732501966071,-0.020784181552634506,0.14210751766973662,0.21278646391090172,0.11990950226244335,0.02488687782805421
"FlowOCT","german-limited_train_5.csv",5,"SP",0.47,250,"0",3,0.0,10800,9,198.0,0.792,26.26262626262549,124667.0,10800.27549791336,0.7028112449799196,0.7777777777777778,0.1480732501966071,-0.03258060892034598,0.14210751766973662,-0.062004711929749434,0.11990950226244335,-0.1029411764705882
"FlowOCT","german-limited_train_5.csv",5,"SP",0.48,250,"0",3,0.0,10800,9,198.0,0.792,25.757575757575758,232817.0,10800.169485092163,0.678714859437751,0.8148148148148148,0.1480732501966071,0.03842264914054594,0.14210751766973662,0.07196401799100449,0.11990950226244335,0.1934389140271493
"FlowOCT","german-limited_train_5.csv",5,"SP",0.49,250,"0",3,0.0,10800,9,199.0,0.796,25.628140703516845,154495.0,10800.221962451935,0.6867469879518072,0.8024691358024691,0.1480732501966071,-0.020784181552634506,0.14210751766973662,0.21278646391090172,0.11990950226244335,0.02488687782805421
"FlowOCT","german-limited_train_5.csv",5,"SP",0.4,250,"0",3,0.0,10800,9,200.0,0.8,24.999999999999233,241528.0,10800.141441106796,0.7389558232931727,0.8271604938271605,0.1480732501966071,0.05684754521963831,0.14210751766973662,0.10237738273720287,0.11990950226244335,0.02828054298642535
"FlowOCT","german-limited_train_5.csv",5,"SP",0.51,250,"0",3,0.0,10800,9,200.0,0.8,24.999999999997343,152568.0,10800.197140216827,0.7429718875502008,0.8271604938271605,0.1480732501966071,0.05684754521963831,0.14210751766973662,0.1073034911115871,0.11990950226244335,0.02828054298642535
"FlowOCT","german-limited_train_5.csv",5,"SP",0.52,250,"0",3,0.0,10800,9,200.0,0.8,24.5,217506.0,10800.195651769638,0.7429718875502008,0.8271604938271605,0.1480732501966071,0.05684754521963831,0.14210751766973662,0.1073034911115871,0.11990950226244335,0.02828054298642535
"FlowOCT","german-limited_train_5.csv",5,"SP",0.53,250,"0",3,0.0,10800,9,200.0,0.8,24.5,158072.0,10800.33725476265,0.7429718875502008,0.8148148148148148,0.1480732501966071,0.12178406920570717,0.14210751766973662,0.1073034911115871,0.11990950226244335,0.19683257918552022
"FlowOCT","german-limited_train_5.csv",5,"SP",0.54,250,"0",3,0.0,10800,9,201.0,0.804,24.378109452735483,152241.0,10800.213875055313,0.7108433734939759,0.7901234567901234,0.1480732501966071,0.004606224019773064,0.14210751766973662,0.04412079674448499,0.11990950226244335,-0.04864253393665163
"FlowOCT","german-limited_train_5.csv",5,"SP",0.55,250,"0",3,0.0,10800,9,201.0,0.804,24.37810945273547,192474.0,10800.210267543793,0.7108433734939759,0.7901234567901234,0.1480732501966071,0.004606224019773064,0.14210751766973662,0.04412079674448499,0.11990950226244335,-0.04864253393665163
"FlowOCT","german-limited_train_5.csv",5,"SP",0.5,250,"0",3,0.0,10800,9,198.0,0.792,25.757575757575758,163153.0,10800.241816282272,0.6867469879518072,0.8148148148148148,0.1480732501966071,-0.025615099427030663,0.14210751766973662,0.21278646391090172,0.11990950226244335,0.039592760180995445
