1,0.01,1,79.333,0.048393,77.576,0.049417,76.259,0,75.109,-1.2862e-07
1,0.01,2,81.481,0.076636,79.446,0.07574,76.37,0,75.083,-9.7863e-05
1,0.01,3,81.667,0.074919,79.419,0.073499,76.889,0.00012253,75.162,0.00070913
1,0.02,1,79.333,0.048393,77.576,0.049417,76.259,0,75.109,-1.2862e-07
1,0.02,2,81.481,0.076636,79.446,0.07574,76.37,0,75.083,-9.7863e-05
1,0.02,3,81.667,0.074919,79.419,0.073499,77.741,0.01008,76.144,0.013135
1,0.03,1,79.333,0.048393,77.576,0.049417,76.259,0,75.109,-1.2862e-07
1,0.03,2,81.481,0.076636,79.446,0.07574,76.37,0,75.083,-9.7863e-05
1,0.03,3,81.667,0.074919,79.419,0.073499,77.741,0.01008,76.144,0.013135
1,0.04,1,79.333,0.048393,77.576,0.049417,76.259,0,75.109,-1.2862e-07
1,0.04,2,81.481,0.076636,79.446,0.07574,76.37,0,75.083,-9.7863e-05
1,0.04,3,81.667,0.074919,79.419,0.073499,77.741,0.01008,76.144,0.013135
1,0.05,1,79.333,0.048393,77.576,0.049417,79.333,0.048393,77.576,0.049417
1,0.05,2,81.481,0.076636,79.446,0.07574,79.704,0.044509,77.602,0.051232
1,0.05,3,81.667,0.074919,79.419,0.073499,79.852,0.043341,77.576,0.049777
1,0.06,1,79.333,0.048393,77.576,0.049417,79.333,0.048393,77.576,0.049417
1,0.06,2,81.481,0.076636,79.446,0.07574,79.704,0.044509,77.602,0.051232
1,0.06,3,81.667,0.074919,79.419,0.073499,79.852,0.043341,77.576,0.049777
1,0.07,1,79.333,0.048393,77.576,0.049417,79.333,0.048393,77.576,0.049417
1,0.07,2,81.481,0.076636,79.446,0.07574,79.704,0.044509,77.602,0.051232
1,0.07,3,81.667,0.074919,79.419,0.073499,79.852,0.043341,77.576,0.049777
1,0.08,1,79.333,0.048393,77.576,0.049417,79.333,0.048393,77.576,0.049417
1,0.08,2,81.481,0.076636,79.446,0.07574,81.481,0.076636,79.446,0.07574
1,0.08,3,81.667,0.074919,79.419,0.073499,81.667,0.074919,79.419,0.073499
1,0.09,1,79.333,0.048393,77.576,0.049417,79.333,0.048393,77.576,0.049417
1,0.09,2,81.481,0.076636,79.446,0.07574,81.481,0.076636,79.446,0.07574
1,0.09,3,81.667,0.074919,79.419,0.073499,81.667,0.074919,79.419,0.073499
1,0.1,1,79.333,0.048393,77.576,0.049417,79.333,0.048393,77.576,0.049417
1,0.1,2,81.481,0.076636,79.446,0.07574,81.481,0.076636,79.446,0.07574
1,0.1,3,81.667,0.074919,79.419,0.073499,81.667,0.074919,79.419,0.073499
1,0.11,1,79.333,0.048393,77.576,0.049417,79.333,0.048393,77.576,0.049417
1,0.11,2,81.481,0.076636,79.446,0.07574,81.481,0.076636,79.446,0.07574
1,0.11,3,81.667,0.074919,79.419,0.073499,81.667,0.074919,79.419,0.073499
1,0.12,1,79.333,0.048393,77.576,0.049417,79.333,0.048393,77.576,0.049417
1,0.12,2,81.481,0.076636,79.446,0.07574,81.481,0.076636,79.446,0.07574
1,0.12,3,81.667,0.074919,79.419,0.073499,81.667,0.074919,79.419,0.073499
1,0.13,1,79.333,0.048393,77.576,0.049417,79.333,0.048393,77.576,0.049417
1,0.13,2,81.481,0.076636,79.446,0.07574,81.481,0.076636,79.446,0.07574
1,0.13,3,81.667,0.074919,79.419,0.073499,81.667,0.074919,79.419,0.073499
1,0.14,1,79.333,0.048393,77.576,0.049417,79.333,0.048393,77.576,0.049417
1,0.14,2,81.481,0.076636,79.446,0.07574,81.481,0.076636,79.446,0.07574
1,0.14,3,81.667,0.074919,79.419,0.073499,81.667,0.074919,79.419,0.073499
1,0.15,1,79.333,0.048393,77.576,0.049417,79.333,0.048393,77.576,0.049417
1,0.15,2,81.481,0.076636,79.446,0.07574,81.481,0.076636,79.446,0.07574
1,0.15,3,81.667,0.074919,79.419,0.073499,81.667,0.074919,79.419,0.073499
1,0.16,1,79.333,0.048393,77.576,0.049417,79.333,0.048393,77.576,0.049417
1,0.16,2,81.481,0.076636,79.446,0.07574,81.481,0.076636,79.446,0.07574
1,0.16,3,81.667,0.074919,79.419,0.073499,81.667,0.074919,79.419,0.073499
1,0.17,1,79.333,0.048393,77.576,0.049417,79.333,0.048393,77.576,0.049417
1,0.17,2,81.481,0.076636,79.446,0.07574,81.481,0.076636,79.446,0.07574
1,0.17,3,81.667,0.074919,79.419,0.073499,81.667,0.074919,79.419,0.073499
1,0.18,1,79.333,0.048393,77.576,0.049417,79.333,0.048393,77.576,0.049417
1,0.18,2,81.481,0.076636,79.446,0.07574,81.481,0.076636,79.446,0.07574
1,0.18,3,81.667,0.074919,79.419,0.073499,81.667,0.074919,79.419,0.073499
1,0.19,1,79.333,0.048393,77.576,0.049417,79.333,0.048393,77.576,0.049417
1,0.19,2,81.481,0.076636,79.446,0.07574,81.481,0.076636,79.446,0.07574
1,0.19,3,81.667,0.074919,79.419,0.073499,81.667,0.074919,79.419,0.073499
1,0.2,1,79.333,0.048393,77.576,0.049417,79.333,0.048393,77.576,0.049417
1,0.2,2,81.481,0.076636,79.446,0.07574,81.481,0.076636,79.446,0.07574
1,0.2,3,81.667,0.074919,79.419,0.073499,81.667,0.074919,79.419,0.073499
1,0.21,1,79.333,0.048393,77.576,0.049417,79.333,0.048393,77.576,0.049417
1,0.21,2,81.481,0.076636,79.446,0.07574,81.481,0.076636,79.446,0.07574
1,0.21,3,81.667,0.074919,79.419,0.073499,81.667,0.074919,79.419,0.073499
1,0.22,1,79.333,0.048393,77.576,0.049417,79.333,0.048393,77.576,0.049417
1,0.22,2,81.481,0.076636,79.446,0.07574,81.481,0.076636,79.446,0.07574
1,0.22,3,81.667,0.074919,79.419,0.073499,81.667,0.074919,79.419,0.073499
1,0.23,1,79.333,0.048393,77.576,0.049417,79.333,0.048393,77.576,0.049417
1,0.23,2,81.481,0.076636,79.446,0.07574,81.481,0.076636,79.446,0.07574
1,0.23,3,81.667,0.074919,79.419,0.073499,81.667,0.074919,79.419,0.073499
1,0.24,1,79.333,0.048393,77.576,0.049417,79.333,0.048393,77.576,0.049417
1,0.24,2,81.481,0.076636,79.446,0.07574,81.481,0.076636,79.446,0.07574
1,0.24,3,81.667,0.074919,79.419,0.073499,81.667,0.074919,79.419,0.073499
1,0.25,1,79.333,0.048393,77.576,0.049417,79.333,0.048393,77.576,0.049417
1,0.25,2,81.481,0.076636,79.446,0.07574,81.481,0.076636,79.446,0.07574
1,0.25,3,81.667,0.074919,79.419,0.073499,81.667,0.074919,79.419,0.073499
1,0.26,1,79.333,0.048393,77.576,0.049417,79.333,0.048393,77.576,0.049417
1,0.26,2,81.481,0.076636,79.446,0.07574,81.481,0.076636,79.446,0.07574
1,0.26,3,81.667,0.074919,79.419,0.073499,81.667,0.074919,79.419,0.073499
1,0.27,1,79.333,0.048393,77.576,0.049417,79.333,0.048393,77.576,0.049417
1,0.27,2,81.481,0.076636,79.446,0.07574,81.481,0.076636,79.446,0.07574
1,0.27,3,81.667,0.074919,79.419,0.073499,81.667,0.074919,79.419,0.073499
1,0.28,1,79.333,0.048393,77.576,0.049417,79.333,0.048393,77.576,0.049417
1,0.28,2,81.481,0.076636,79.446,0.07574,81.481,0.076636,79.446,0.07574
1,0.28,3,81.667,0.074919,79.419,0.073499,81.667,0.074919,79.419,0.073499
1,0.29,1,79.333,0.048393,77.576,0.049417,79.333,0.048393,77.576,0.049417
1,0.29,2,81.481,0.076636,79.446,0.07574,81.481,0.076636,79.446,0.07574
1,0.29,3,81.667,0.074919,79.419,0.073499,81.667,0.074919,79.419,0.073499
1,0.3,1,79.333,0.048393,77.576,0.049417,79.333,0.048393,77.576,0.049417
1,0.3,2,81.481,0.076636,79.446,0.07574,81.481,0.076636,79.446,0.07574
1,0.3,3,81.667,0.074919,79.419,0.073499,81.667,0.074919,79.419,0.073499
1,0.31,1,79.333,0.048393,77.576,0.049417,79.333,0.048393,77.576,0.049417
1,0.31,2,81.481,0.076636,79.446,0.07574,81.481,0.076636,79.446,0.07574
1,0.31,3,81.667,0.074919,79.419,0.073499,81.667,0.074919,79.419,0.073499
1,0.32,1,79.333,0.048393,77.576,0.049417,79.333,0.048393,77.576,0.049417
1,0.32,2,81.481,0.076636,79.446,0.07574,81.481,0.076636,79.446,0.07574
1,0.32,3,81.667,0.074919,79.419,0.073499,81.667,0.074919,79.419,0.073499
1,0.33,1,79.333,0.048393,77.576,0.049417,79.333,0.048393,77.576,0.049417
1,0.33,2,81.481,0.076636,79.446,0.07574,81.481,0.076636,79.446,0.07574
1,0.33,3,81.667,0.074919,79.419,0.073499,81.667,0.074919,79.419,0.073499
1,0.34,1,79.333,0.048393,77.576,0.049417,79.333,0.048393,77.576,0.049417
1,0.34,2,81.481,0.076636,79.446,0.07574,81.481,0.076636,79.446,0.07574
1,0.34,3,81.667,0.074919,79.419,0.073499,81.667,0.074919,79.419,0.073499
1,0.35,1,79.333,0.048393,77.576,0.049417,79.333,0.048393,77.576,0.049417
1,0.35,2,81.481,0.076636,79.446,0.07574,81.481,0.076636,79.446,0.07574
1,0.35,3,81.667,0.074919,79.419,0.073499,81.667,0.074919,79.419,0.073499
1,0.36,1,79.333,0.048393,77.576,0.049417,79.333,0.048393,77.576,0.049417
1,0.36,2,81.481,0.076636,79.446,0.07574,81.481,0.076636,79.446,0.07574
1,0.36,3,81.667,0.074919,79.419,0.073499,81.667,0.074919,79.419,0.073499
1,0.37,1,79.333,0.048393,77.576,0.049417,79.333,0.048393,77.576,0.049417
1,0.37,2,81.481,0.076636,79.446,0.07574,81.481,0.076636,79.446,0.07574
1,0.37,3,81.667,0.074919,79.419,0.073499,81.667,0.074919,79.419,0.073499
1,0.38,1,79.333,0.048393,77.576,0.049417,79.333,0.048393,77.576,0.049417
1,0.38,2,81.481,0.076636,79.446,0.07574,81.481,0.076636,79.446,0.07574
1,0.38,3,81.667,0.074919,79.419,0.073499,81.667,0.074919,79.419,0.073499
1,0.39,1,79.333,0.048393,77.576,0.049417,79.333,0.048393,77.576,0.049417
1,0.39,2,81.481,0.076636,79.446,0.07574,81.481,0.076636,79.446,0.07574
1,0.39,3,81.667,0.074919,79.419,0.073499,81.667,0.074919,79.419,0.073499
1,0.4,1,79.333,0.048393,77.576,0.049417,79.333,0.048393,77.576,0.049417
1,0.4,2,81.481,0.076636,79.446,0.07574,81.481,0.076636,79.446,0.07574
1,0.4,3,81.667,0.074919,79.419,0.073499,81.667,0.074919,79.419,0.073499
1,0.41,1,79.333,0.048393,77.576,0.049417,79.333,0.048393,77.576,0.049417
1,0.41,2,81.481,0.076636,79.446,0.07574,81.481,0.076636,79.446,0.07574
1,0.41,3,81.667,0.074919,79.419,0.073499,81.667,0.074919,79.419,0.073499
1,0.42,1,79.333,0.048393,77.576,0.049417,79.333,0.048393,77.576,0.049417
1,0.42,2,81.481,0.076636,79.446,0.07574,81.481,0.076636,79.446,0.07574
1,0.42,3,81.667,0.074919,79.419,0.073499,81.667,0.074919,79.419,0.073499
1,0.43,1,79.333,0.048393,77.576,0.049417,79.333,0.048393,77.576,0.049417
1,0.43,2,81.481,0.076636,79.446,0.07574,81.481,0.076636,79.446,0.07574
1,0.43,3,81.667,0.074919,79.419,0.073499,81.667,0.074919,79.419,0.073499
1,0.44,1,79.333,0.048393,77.576,0.049417,79.333,0.048393,77.576,0.049417
1,0.44,2,81.481,0.076636,79.446,0.07574,81.481,0.076636,79.446,0.07574
1,0.44,3,81.667,0.074919,79.419,0.073499,81.667,0.074919,79.419,0.073499
1,0.45,1,79.333,0.048393,77.576,0.049417,79.333,0.048393,77.576,0.049417
1,0.45,2,81.481,0.076636,79.446,0.07574,81.481,0.076636,79.446,0.07574
1,0.45,3,81.667,0.074919,79.419,0.073499,81.667,0.074919,79.419,0.073499
1,0.46,1,79.333,0.048393,77.576,0.049417,79.333,0.048393,77.576,0.049417
1,0.46,2,81.481,0.076636,79.446,0.07574,81.481,0.076636,79.446,0.07574
1,0.46,3,81.667,0.074919,79.419,0.073499,81.667,0.074919,79.419,0.073499
1,0.47,1,79.333,0.048393,77.576,0.049417,79.333,0.048393,77.576,0.049417
1,0.47,2,81.481,0.076636,79.446,0.07574,81.481,0.076636,79.446,0.07574
1,0.47,3,81.667,0.074919,79.419,0.073499,81.667,0.074919,79.419,0.073499
1,0.48,1,79.333,0.048393,77.576,0.049417,79.333,0.048393,77.576,0.049417
1,0.48,2,81.481,0.076636,79.446,0.07574,81.481,0.076636,79.446,0.07574
1,0.48,3,81.667,0.074919,79.419,0.073499,81.667,0.074919,79.419,0.073499
1,0.49,1,79.333,0.048393,77.576,0.049417,79.333,0.048393,77.576,0.049417
1,0.49,2,81.481,0.076636,79.446,0.07574,81.481,0.076636,79.446,0.07574
1,0.49,3,81.667,0.074919,79.419,0.073499,81.667,0.074919,79.419,0.073499
1,0.5,1,79.333,0.048393,77.576,0.049417,79.333,0.048393,77.576,0.049417
1,0.5,2,81.481,0.076636,79.446,0.07574,81.481,0.076636,79.446,0.07574
1,0.5,3,81.667,0.074919,79.419,0.073499,81.667,0.074919,79.419,0.073499
1,0.51,1,79.333,0.048393,77.576,0.049417,79.333,0.048393,77.576,0.049417
1,0.51,2,81.481,0.076636,79.446,0.07574,81.481,0.076636,79.446,0.07574
1,0.51,3,81.667,0.074919,79.419,0.073499,81.667,0.074919,79.419,0.073499
1,0.52,1,79.333,0.048393,77.576,0.049417,79.333,0.048393,77.576,0.049417
1,0.52,2,81.481,0.076636,79.446,0.07574,81.481,0.076636,79.446,0.07574
1,0.52,3,81.667,0.074919,79.419,0.073499,81.667,0.074919,79.419,0.073499
1,0.53,1,79.333,0.048393,77.576,0.049417,79.333,0.048393,77.576,0.049417
1,0.53,2,81.481,0.076636,79.446,0.07574,81.481,0.076636,79.446,0.07574
1,0.53,3,81.667,0.074919,79.419,0.073499,81.667,0.074919,79.419,0.073499
1,0.54,1,79.333,0.048393,77.576,0.049417,79.333,0.048393,77.576,0.049417
1,0.54,2,81.481,0.076636,79.446,0.07574,81.481,0.076636,79.446,0.07574
1,0.54,3,81.667,0.074919,79.419,0.073499,81.667,0.074919,79.419,0.073499
1,0.55,1,79.333,0.048393,77.576,0.049417,79.333,0.048393,77.576,0.049417
1,0.55,2,81.481,0.076636,79.446,0.07574,81.481,0.076636,79.446,0.07574
1,0.55,3,81.667,0.074919,79.419,0.073499,81.667,0.074919,79.419,0.073499
2,0.01,1,77.444,0.03394,77.563,0.023726,74.778,0,75.109,-1.2862e-07
2,0.01,2,78.963,0.082993,78.345,0.073643,75.296,0.001559,75.176,0.0055785
2,0.01,3,79.333,0.060641,78.875,0.058997,76.37,0.0097764,76.038,0.0091789
2,0.02,1,77.444,0.03394,77.563,0.023726,74.778,0,75.109,-1.2862e-07
2,0.02,2,78.963,0.082993,78.345,0.073643,76.333,0.013692,76.343,0.0099477
2,0.02,3,79.333,0.060641,78.875,0.058997,77.074,0.018631,76.767,0.013433
2,0.03,1,77.444,0.03394,77.563,0.023726,74.778,0,75.109,-1.2862e-07
2,0.03,2,78.963,0.082993,78.345,0.073643,76.333,0.013692,76.343,0.0099477
2,0.03,3,79.333,0.060641,78.875,0.058997,77.074,0.018631,76.767,0.013433
2,0.04,1,77.444,0.03394,77.563,0.023726,77.444,0.03394,77.563,0.023726
2,0.04,2,78.963,0.082993,78.345,0.073643,77.963,0.0355,77.629,0.029304
2,0.04,3,79.333,0.060641,78.875,0.058997,78.148,0.033534,77.655,0.026289
2,0.05,1,77.444,0.03394,77.563,0.023726,77.444,0.03394,77.563,0.023726
2,0.05,2,78.963,0.082993,78.345,0.073643,77.963,0.0355,77.629,0.029304
2,0.05,3,79.333,0.060641,78.875,0.058997,78.148,0.033534,77.655,0.026289
2,0.06,1,77.444,0.03394,77.563,0.023726,77.444,0.03394,77.563,0.023726
2,0.06,2,78.963,0.082993,78.345,0.073643,77.963,0.0355,77.629,0.029304
2,0.06,3,79.333,0.060641,78.875,0.058997,79.185,0.050402,78.478,0.042718
2,0.07,1,77.444,0.03394,77.563,0.023726,77.444,0.03394,77.563,0.023726
2,0.07,2,78.963,0.082993,78.345,0.073643,77.963,0.0355,77.629,0.029304
2,0.07,3,79.333,0.060641,78.875,0.058997,79.333,0.060641,78.875,0.058997
2,0.08,1,77.444,0.03394,77.563,0.023726,77.444,0.03394,77.563,0.023726
2,0.08,2,78.963,0.082993,78.345,0.073643,77.963,0.0355,77.629,0.029304
2,0.08,3,79.333,0.060641,78.875,0.058997,79.333,0.060641,78.875,0.058997
2,0.09,1,77.444,0.03394,77.563,0.023726,77.444,0.03394,77.563,0.023726
2,0.09,2,78.963,0.082993,78.345,0.073643,78.963,0.082993,78.345,0.073643
2,0.09,3,79.333,0.060641,78.875,0.058997,79.333,0.060641,78.875,0.058997
2,0.1,1,77.444,0.03394,77.563,0.023726,77.444,0.03394,77.563,0.023726
2,0.1,2,78.963,0.082993,78.345,0.073643,78.963,0.082993,78.345,0.073643
2,0.1,3,79.333,0.060641,78.875,0.058997,79.333,0.060641,78.875,0.058997
2,0.11,1,77.444,0.03394,77.563,0.023726,77.444,0.03394,77.563,0.023726
2,0.11,2,78.963,0.082993,78.345,0.073643,78.963,0.082993,78.345,0.073643
2,0.11,3,79.333,0.060641,78.875,0.058997,79.333,0.060641,78.875,0.058997
2,0.12,1,77.444,0.03394,77.563,0.023726,77.444,0.03394,77.563,0.023726
2,0.12,2,78.963,0.082993,78.345,0.073643,78.963,0.082993,78.345,0.073643
2,0.12,3,79.333,0.060641,78.875,0.058997,79.333,0.060641,78.875,0.058997
2,0.13,1,77.444,0.03394,77.563,0.023726,77.444,0.03394,77.563,0.023726
2,0.13,2,78.963,0.082993,78.345,0.073643,78.963,0.082993,78.345,0.073643
2,0.13,3,79.333,0.060641,78.875,0.058997,79.333,0.060641,78.875,0.058997
2,0.14,1,77.444,0.03394,77.563,0.023726,77.444,0.03394,77.563,0.023726
2,0.14,2,78.963,0.082993,78.345,0.073643,78.963,0.082993,78.345,0.073643
2,0.14,3,79.333,0.060641,78.875,0.058997,79.333,0.060641,78.875,0.058997
2,0.15,1,77.444,0.03394,77.563,0.023726,77.444,0.03394,77.563,0.023726
2,0.15,2,78.963,0.082993,78.345,0.073643,78.963,0.082993,78.345,0.073643
2,0.15,3,79.333,0.060641,78.875,0.058997,79.333,0.060641,78.875,0.058997
2,0.16,1,77.444,0.03394,77.563,0.023726,77.444,0.03394,77.563,0.023726
2,0.16,2,78.963,0.082993,78.345,0.073643,78.963,0.082993,78.345,0.073643
2,0.16,3,79.333,0.060641,78.875,0.058997,79.333,0.060641,78.875,0.058997
2,0.17,1,77.444,0.03394,77.563,0.023726,77.444,0.03394,77.563,0.023726
2,0.17,2,78.963,0.082993,78.345,0.073643,78.963,0.082993,78.345,0.073643
2,0.17,3,79.333,0.060641,78.875,0.058997,79.333,0.060641,78.875,0.058997
2,0.18,1,77.444,0.03394,77.563,0.023726,77.444,0.03394,77.563,0.023726
2,0.18,2,78.963,0.082993,78.345,0.073643,78.963,0.082993,78.345,0.073643
2,0.18,3,79.333,0.060641,78.875,0.058997,79.333,0.060641,78.875,0.058997
2,0.19,1,77.444,0.03394,77.563,0.023726,77.444,0.03394,77.563,0.023726
2,0.19,2,78.963,0.082993,78.345,0.073643,78.963,0.082993,78.345,0.073643
2,0.19,3,79.333,0.060641,78.875,0.058997,79.333,0.060641,78.875,0.058997
2,0.2,1,77.444,0.03394,77.563,0.023726,77.444,0.03394,77.563,0.023726
2,0.2,2,78.963,0.082993,78.345,0.073643,78.963,0.082993,78.345,0.073643
2,0.2,3,79.333,0.060641,78.875,0.058997,79.333,0.060641,78.875,0.058997
2,0.21,1,77.444,0.03394,77.563,0.023726,77.444,0.03394,77.563,0.023726
2,0.21,2,78.963,0.082993,78.345,0.073643,78.963,0.082993,78.345,0.073643
2,0.21,3,79.333,0.060641,78.875,0.058997,79.333,0.060641,78.875,0.058997
2,0.22,1,77.444,0.03394,77.563,0.023726,77.444,0.03394,77.563,0.023726
2,0.22,2,78.963,0.082993,78.345,0.073643,78.963,0.082993,78.345,0.073643
2,0.22,3,79.333,0.060641,78.875,0.058997,79.333,0.060641,78.875,0.058997
2,0.23,1,77.444,0.03394,77.563,0.023726,77.444,0.03394,77.563,0.023726
2,0.23,2,78.963,0.082993,78.345,0.073643,78.963,0.082993,78.345,0.073643
2,0.23,3,79.333,0.060641,78.875,0.058997,79.333,0.060641,78.875,0.058997
2,0.24,1,77.444,0.03394,77.563,0.023726,77.444,0.03394,77.563,0.023726
2,0.24,2,78.963,0.082993,78.345,0.073643,78.963,0.082993,78.345,0.073643
2,0.24,3,79.333,0.060641,78.875,0.058997,79.333,0.060641,78.875,0.058997
2,0.25,1,77.444,0.03394,77.563,0.023726,77.444,0.03394,77.563,0.023726
2,0.25,2,78.963,0.082993,78.345,0.073643,78.963,0.082993,78.345,0.073643
2,0.25,3,79.333,0.060641,78.875,0.058997,79.333,0.060641,78.875,0.058997
2,0.26,1,77.444,0.03394,77.563,0.023726,77.444,0.03394,77.563,0.023726
2,0.26,2,78.963,0.082993,78.345,0.073643,78.963,0.082993,78.345,0.073643
2,0.26,3,79.333,0.060641,78.875,0.058997,79.333,0.060641,78.875,0.058997
2,0.27,1,77.444,0.03394,77.563,0.023726,77.444,0.03394,77.563,0.023726
2,0.27,2,78.963,0.082993,78.345,0.073643,78.963,0.082993,78.345,0.073643
2,0.27,3,79.333,0.060641,78.875,0.058997,79.333,0.060641,78.875,0.058997
2,0.28,1,77.444,0.03394,77.563,0.023726,77.444,0.03394,77.563,0.023726
2,0.28,2,78.963,0.082993,78.345,0.073643,78.963,0.082993,78.345,0.073643
2,0.28,3,79.333,0.060641,78.875,0.058997,79.333,0.060641,78.875,0.058997
2,0.29,1,77.444,0.03394,77.563,0.023726,77.444,0.03394,77.563,0.023726
2,0.29,2,78.963,0.082993,78.345,0.073643,78.963,0.082993,78.345,0.073643
2,0.29,3,79.333,0.060641,78.875,0.058997,79.333,0.060641,78.875,0.058997
2,0.3,1,77.444,0.03394,77.563,0.023726,77.444,0.03394,77.563,0.023726
2,0.3,2,78.963,0.082993,78.345,0.073643,78.963,0.082993,78.345,0.073643
2,0.3,3,79.333,0.060641,78.875,0.058997,79.333,0.060641,78.875,0.058997
2,0.31,1,77.444,0.03394,77.563,0.023726,77.444,0.03394,77.563,0.023726
2,0.31,2,78.963,0.082993,78.345,0.073643,78.963,0.082993,78.345,0.073643
2,0.31,3,79.333,0.060641,78.875,0.058997,79.333,0.060641,78.875,0.058997
2,0.32,1,77.444,0.03394,77.563,0.023726,77.444,0.03394,77.563,0.023726
2,0.32,2,78.963,0.082993,78.345,0.073643,78.963,0.082993,78.345,0.073643
2,0.32,3,79.333,0.060641,78.875,0.058997,79.333,0.060641,78.875,0.058997
2,0.33,1,77.444,0.03394,77.563,0.023726,77.444,0.03394,77.563,0.023726
2,0.33,2,78.963,0.082993,78.345,0.073643,78.963,0.082993,78.345,0.073643
2,0.33,3,79.333,0.060641,78.875,0.058997,79.333,0.060641,78.875,0.058997
2,0.34,1,77.444,0.03394,77.563,0.023726,77.444,0.03394,77.563,0.023726
2,0.34,2,78.963,0.082993,78.345,0.073643,78.963,0.082993,78.345,0.073643
2,0.34,3,79.333,0.060641,78.875,0.058997,79.333,0.060641,78.875,0.058997
2,0.35,1,77.444,0.03394,77.563,0.023726,77.444,0.03394,77.563,0.023726
2,0.35,2,78.963,0.082993,78.345,0.073643,78.963,0.082993,78.345,0.073643
2,0.35,3,79.333,0.060641,78.875,0.058997,79.333,0.060641,78.875,0.058997
2,0.36,1,77.444,0.03394,77.563,0.023726,77.444,0.03394,77.563,0.023726
2,0.36,2,78.963,0.082993,78.345,0.073643,78.963,0.082993,78.345,0.073643
2,0.36,3,79.333,0.060641,78.875,0.058997,79.333,0.060641,78.875,0.058997
2,0.37,1,77.444,0.03394,77.563,0.023726,77.444,0.03394,77.563,0.023726
2,0.37,2,78.963,0.082993,78.345,0.073643,78.963,0.082993,78.345,0.073643
2,0.37,3,79.333,0.060641,78.875,0.058997,79.333,0.060641,78.875,0.058997
2,0.38,1,77.444,0.03394,77.563,0.023726,77.444,0.03394,77.563,0.023726
2,0.38,2,78.963,0.082993,78.345,0.073643,78.963,0.082993,78.345,0.073643
2,0.38,3,79.333,0.060641,78.875,0.058997,79.333,0.060641,78.875,0.058997
2,0.39,1,77.444,0.03394,77.563,0.023726,77.444,0.03394,77.563,0.023726
2,0.39,2,78.963,0.082993,78.345,0.073643,78.963,0.082993,78.345,0.073643
2,0.39,3,79.333,0.060641,78.875,0.058997,79.333,0.060641,78.875,0.058997
2,0.4,1,77.444,0.03394,77.563,0.023726,77.444,0.03394,77.563,0.023726
2,0.4,2,78.963,0.082993,78.345,0.073643,78.963,0.082993,78.345,0.073643
2,0.4,3,79.333,0.060641,78.875,0.058997,79.333,0.060641,78.875,0.058997
2,0.41,1,77.444,0.03394,77.563,0.023726,77.444,0.03394,77.563,0.023726
2,0.41,2,78.963,0.082993,78.345,0.073643,78.963,0.082993,78.345,0.073643
2,0.41,3,79.333,0.060641,78.875,0.058997,79.333,0.060641,78.875,0.058997
2,0.42,1,77.444,0.03394,77.563,0.023726,77.444,0.03394,77.563,0.023726
2,0.42,2,78.963,0.082993,78.345,0.073643,78.963,0.082993,78.345,0.073643
2,0.42,3,79.333,0.060641,78.875,0.058997,79.333,0.060641,78.875,0.058997
2,0.43,1,77.444,0.03394,77.563,0.023726,77.444,0.03394,77.563,0.023726
2,0.43,2,78.963,0.082993,78.345,0.073643,78.963,0.082993,78.345,0.073643
2,0.43,3,79.333,0.060641,78.875,0.058997,79.333,0.060641,78.875,0.058997
2,0.44,1,77.444,0.03394,77.563,0.023726,77.444,0.03394,77.563,0.023726
2,0.44,2,78.963,0.082993,78.345,0.073643,78.963,0.082993,78.345,0.073643
2,0.44,3,79.333,0.060641,78.875,0.058997,79.333,0.060641,78.875,0.058997
2,0.45,1,77.444,0.03394,77.563,0.023726,77.444,0.03394,77.563,0.023726
2,0.45,2,78.963,0.082993,78.345,0.073643,78.963,0.082993,78.345,0.073643
2,0.45,3,79.333,0.060641,78.875,0.058997,79.333,0.060641,78.875,0.058997
2,0.46,1,77.444,0.03394,77.563,0.023726,77.444,0.03394,77.563,0.023726
2,0.46,2,78.963,0.082993,78.345,0.073643,78.963,0.082993,78.345,0.073643
2,0.46,3,79.333,0.060641,78.875,0.058997,79.333,0.060641,78.875,0.058997
2,0.47,1,77.444,0.03394,77.563,0.023726,77.444,0.03394,77.563,0.023726
2,0.47,2,78.963,0.082993,78.345,0.073643,78.963,0.082993,78.345,0.073643
2,0.47,3,79.333,0.060641,78.875,0.058997,79.333,0.060641,78.875,0.058997
2,0.48,1,77.444,0.03394,77.563,0.023726,77.444,0.03394,77.563,0.023726
2,0.48,2,78.963,0.082993,78.345,0.073643,78.963,0.082993,78.345,0.073643
2,0.48,3,79.333,0.060641,78.875,0.058997,79.333,0.060641,78.875,0.058997
2,0.49,1,77.444,0.03394,77.563,0.023726,77.444,0.03394,77.563,0.023726
2,0.49,2,78.963,0.082993,78.345,0.073643,78.963,0.082993,78.345,0.073643
2,0.49,3,79.333,0.060641,78.875,0.058997,79.333,0.060641,78.875,0.058997
2,0.5,1,77.444,0.03394,77.563,0.023726,77.444,0.03394,77.563,0.023726
2,0.5,2,78.963,0.082993,78.345,0.073643,78.963,0.082993,78.345,0.073643
2,0.5,3,79.333,0.060641,78.875,0.058997,79.333,0.060641,78.875,0.058997
2,0.51,1,77.444,0.03394,77.563,0.023726,77.444,0.03394,77.563,0.023726
2,0.51,2,78.963,0.082993,78.345,0.073643,78.963,0.082993,78.345,0.073643
2,0.51,3,79.333,0.060641,78.875,0.058997,79.333,0.060641,78.875,0.058997
2,0.52,1,77.444,0.03394,77.563,0.023726,77.444,0.03394,77.563,0.023726
2,0.52,2,78.963,0.082993,78.345,0.073643,78.963,0.082993,78.345,0.073643
2,0.52,3,79.333,0.060641,78.875,0.058997,79.333,0.060641,78.875,0.058997
2,0.53,1,77.444,0.03394,77.563,0.023726,77.444,0.03394,77.563,0.023726
2,0.53,2,78.963,0.082993,78.345,0.073643,78.963,0.082993,78.345,0.073643
2,0.53,3,79.333,0.060641,78.875,0.058997,79.333,0.060641,78.875,0.058997
2,0.54,1,77.444,0.03394,77.563,0.023726,77.444,0.03394,77.563,0.023726
2,0.54,2,78.963,0.082993,78.345,0.073643,78.963,0.082993,78.345,0.073643
2,0.54,3,79.333,0.060641,78.875,0.058997,79.333,0.060641,78.875,0.058997
2,0.55,1,77.444,0.03394,77.563,0.023726,77.444,0.03394,77.563,0.023726
2,0.55,2,78.963,0.082993,78.345,0.073643,78.963,0.082993,78.345,0.073643
2,0.55,3,79.333,0.060641,78.875,0.058997,79.333,0.060641,78.875,0.058997
3,0.01,1,77.704,0.041734,78.04,0.063695,74.444,0,75.109,-1.2862e-07
3,0.01,2,79.111,0.06728,78.663,0.10538,75.778,0.0037902,76.303,0.015539
3,0.01,3,81.593,0.10511,81.196,0.1394,77.148,0.0067053,77.47,0.031194
3,0.02,1,77.704,0.041734,78.04,0.063695,74.444,0,75.109,-1.2862e-07
3,0.02,2,79.111,0.06728,78.663,0.10538,75.778,0.0037902,76.303,0.015539
3,0.02,3,81.593,0.10511,81.196,0.1394,77.148,0.0067053,77.47,0.031194
3,0.03,1,77.704,0.041734,78.04,0.063695,74.444,0,75.109,-1.2862e-07
3,0.03,2,79.111,0.06728,78.663,0.10538,77.185,0.029337,76.926,0.057224
3,0.03,3,81.593,0.10511,81.196,0.1394,77.148,0.0067053,77.47,0.031194
3,0.04,1,77.704,0.041734,78.04,0.063695,74.444,0,75.109,-1.2862e-07
3,0.04,2,79.111,0.06728,78.663,0.10538,77.185,0.029337,76.926,0.057224
3,0.04,3,81.593,0.10511,81.196,0.1394,77.148,0.0067053,77.47,0.031194
3,0.05,1,77.704,0.041734,78.04,0.063695,77.704,0.041734,78.04,0.063695
3,0.05,2,79.111,0.06728,78.663,0.10538,77.185,0.029337,76.926,0.057224
3,0.05,3,81.593,0.10511,81.196,0.1394,79.296,0.04093,78.73,0.083294
3,0.06,1,77.704,0.041734,78.04,0.063695,77.704,0.041734,78.04,0.063695
3,0.06,2,79.111,0.06728,78.663,0.10538,77.185,0.029337,76.926,0.057224
3,0.06,3,81.593,0.10511,81.196,0.1394,79.296,0.04093,78.73,0.083294
3,0.07,1,77.704,0.041734,78.04,0.063695,77.704,0.041734,78.04,0.063695
3,0.07,2,79.111,0.06728,78.663,0.10538,79.111,0.06728,78.663,0.10538
3,0.07,3,81.593,0.10511,81.196,0.1394,79.296,0.04093,78.73,0.083294
3,0.08,1,77.704,0.041734,78.04,0.063695,77.704,0.041734,78.04,0.063695
3,0.08,2,79.111,0.06728,78.663,0.10538,79.111,0.06728,78.663,0.10538
3,0.08,3,81.593,0.10511,81.196,0.1394,80.926,0.071451,80.692,0.10877
3,0.09,1,77.704,0.041734,78.04,0.063695,77.704,0.041734,78.04,0.063695
3,0.09,2,79.111,0.06728,78.663,0.10538,79.111,0.06728,78.663,0.10538
3,0.09,3,81.593,0.10511,81.196,0.1394,80.926,0.071451,80.692,0.10877
3,0.1,1,77.704,0.041734,78.04,0.063695,77.704,0.041734,78.04,0.063695
3,0.1,2,79.111,0.06728,78.663,0.10538,79.111,0.06728,78.663,0.10538
3,0.1,3,81.593,0.10511,81.196,0.1394,81.519,0.094852,81.143,0.1395
3,0.11,1,77.704,0.041734,78.04,0.063695,77.704,0.041734,78.04,0.063695
3,0.11,2,79.111,0.06728,78.663,0.10538,79.111,0.06728,78.663,0.10538
3,0.11,3,81.593,0.10511,81.196,0.1394,81.593,0.10511,81.196,0.1394
3,0.12,1,77.704,0.041734,78.04,0.063695,77.704,0.041734,78.04,0.063695
3,0.12,2,79.111,0.06728,78.663,0.10538,79.111,0.06728,78.663,0.10538
3,0.12,3,81.593,0.10511,81.196,0.1394,81.593,0.10511,81.196,0.1394
3,0.13,1,77.704,0.041734,78.04,0.063695,77.704,0.041734,78.04,0.063695
3,0.13,2,79.111,0.06728,78.663,0.10538,79.111,0.06728,78.663,0.10538
3,0.13,3,81.593,0.10511,81.196,0.1394,81.593,0.10511,81.196,0.1394
3,0.14,1,77.704,0.041734,78.04,0.063695,77.704,0.041734,78.04,0.063695
3,0.14,2,79.111,0.06728,78.663,0.10538,79.111,0.06728,78.663,0.10538
3,0.14,3,81.593,0.10511,81.196,0.1394,81.593,0.10511,81.196,0.1394
3,0.15,1,77.704,0.041734,78.04,0.063695,77.704,0.041734,78.04,0.063695
3,0.15,2,79.111,0.06728,78.663,0.10538,79.111,0.06728,78.663,0.10538
3,0.15,3,81.593,0.10511,81.196,0.1394,81.593,0.10511,81.196,0.1394
3,0.16,1,77.704,0.041734,78.04,0.063695,77.704,0.041734,78.04,0.063695
3,0.16,2,79.111,0.06728,78.663,0.10538,79.111,0.06728,78.663,0.10538
3,0.16,3,81.593,0.10511,81.196,0.1394,81.593,0.10511,81.196,0.1394
3,0.17,1,77.704,0.041734,78.04,0.063695,77.704,0.041734,78.04,0.063695
3,0.17,2,79.111,0.06728,78.663,0.10538,79.111,0.06728,78.663,0.10538
3,0.17,3,81.593,0.10511,81.196,0.1394,81.593,0.10511,81.196,0.1394
3,0.18,1,77.704,0.041734,78.04,0.063695,77.704,0.041734,78.04,0.063695
3,0.18,2,79.111,0.06728,78.663,0.10538,79.111,0.06728,78.663,0.10538
3,0.18,3,81.593,0.10511,81.196,0.1394,81.593,0.10511,81.196,0.1394
3,0.19,1,77.704,0.041734,78.04,0.063695,77.704,0.041734,78.04,0.063695
3,0.19,2,79.111,0.06728,78.663,0.10538,79.111,0.06728,78.663,0.10538
3,0.19,3,81.593,0.10511,81.196,0.1394,81.593,0.10511,81.196,0.1394
3,0.2,1,77.704,0.041734,78.04,0.063695,77.704,0.041734,78.04,0.063695
3,0.2,2,79.111,0.06728,78.663,0.10538,79.111,0.06728,78.663,0.10538
3,0.2,3,81.593,0.10511,81.196,0.1394,81.593,0.10511,81.196,0.1394
3,0.21,1,77.704,0.041734,78.04,0.063695,77.704,0.041734,78.04,0.063695
3,0.21,2,79.111,0.06728,78.663,0.10538,79.111,0.06728,78.663,0.10538
3,0.21,3,81.593,0.10511,81.196,0.1394,81.593,0.10511,81.196,0.1394
3,0.22,1,77.704,0.041734,78.04,0.063695,77.704,0.041734,78.04,0.063695
3,0.22,2,79.111,0.06728,78.663,0.10538,79.111,0.06728,78.663,0.10538
3,0.22,3,81.593,0.10511,81.196,0.1394,81.593,0.10511,81.196,0.1394
3,0.23,1,77.704,0.041734,78.04,0.063695,77.704,0.041734,78.04,0.063695
3,0.23,2,79.111,0.06728,78.663,0.10538,79.111,0.06728,78.663,0.10538
3,0.23,3,81.593,0.10511,81.196,0.1394,81.593,0.10511,81.196,0.1394
3,0.24,1,77.704,0.041734,78.04,0.063695,77.704,0.041734,78.04,0.063695
3,0.24,2,79.111,0.06728,78.663,0.10538,79.111,0.06728,78.663,0.10538
3,0.24,3,81.593,0.10511,81.196,0.1394,81.593,0.10511,81.196,0.1394
3,0.25,1,77.704,0.041734,78.04,0.063695,77.704,0.041734,78.04,0.063695
3,0.25,2,79.111,0.06728,78.663,0.10538,79.111,0.06728,78.663,0.10538
3,0.25,3,81.593,0.10511,81.196,0.1394,81.593,0.10511,81.196,0.1394
3,0.26,1,77.704,0.041734,78.04,0.063695,77.704,0.041734,78.04,0.063695
3,0.26,2,79.111,0.06728,78.663,0.10538,79.111,0.06728,78.663,0.10538
3,0.26,3,81.593,0.10511,81.196,0.1394,81.593,0.10511,81.196,0.1394
3,0.27,1,77.704,0.041734,78.04,0.063695,77.704,0.041734,78.04,0.063695
3,0.27,2,79.111,0.06728,78.663,0.10538,79.111,0.06728,78.663,0.10538
3,0.27,3,81.593,0.10511,81.196,0.1394,81.593,0.10511,81.196,0.1394
3,0.28,1,77.704,0.041734,78.04,0.063695,77.704,0.041734,78.04,0.063695
3,0.28,2,79.111,0.06728,78.663,0.10538,79.111,0.06728,78.663,0.10538
3,0.28,3,81.593,0.10511,81.196,0.1394,81.593,0.10511,81.196,0.1394
3,0.29,1,77.704,0.041734,78.04,0.063695,77.704,0.041734,78.04,0.063695
3,0.29,2,79.111,0.06728,78.663,0.10538,79.111,0.06728,78.663,0.10538
3,0.29,3,81.593,0.10511,81.196,0.1394,81.593,0.10511,81.196,0.1394
3,0.3,1,77.704,0.041734,78.04,0.063695,77.704,0.041734,78.04,0.063695
3,0.3,2,79.111,0.06728,78.663,0.10538,79.111,0.06728,78.663,0.10538
3,0.3,3,81.593,0.10511,81.196,0.1394,81.593,0.10511,81.196,0.1394
3,0.31,1,77.704,0.041734,78.04,0.063695,77.704,0.041734,78.04,0.063695
3,0.31,2,79.111,0.06728,78.663,0.10538,79.111,0.06728,78.663,0.10538
3,0.31,3,81.593,0.10511,81.196,0.1394,81.593,0.10511,81.196,0.1394
3,0.32,1,77.704,0.041734,78.04,0.063695,77.704,0.041734,78.04,0.063695
3,0.32,2,79.111,0.06728,78.663,0.10538,79.111,0.06728,78.663,0.10538
3,0.32,3,81.593,0.10511,81.196,0.1394,81.593,0.10511,81.196,0.1394
3,0.33,1,77.704,0.041734,78.04,0.063695,77.704,0.041734,78.04,0.063695
3,0.33,2,79.111,0.06728,78.663,0.10538,79.111,0.06728,78.663,0.10538
3,0.33,3,81.593,0.10511,81.196,0.1394,81.593,0.10511,81.196,0.1394
3,0.34,1,77.704,0.041734,78.04,0.063695,77.704,0.041734,78.04,0.063695
3,0.34,2,79.111,0.06728,78.663,0.10538,79.111,0.06728,78.663,0.10538
3,0.34,3,81.593,0.10511,81.196,0.1394,81.593,0.10511,81.196,0.1394
3,0.35,1,77.704,0.041734,78.04,0.063695,77.704,0.041734,78.04,0.063695
3,0.35,2,79.111,0.06728,78.663,0.10538,79.111,0.06728,78.663,0.10538
3,0.35,3,81.593,0.10511,81.196,0.1394,81.593,0.10511,81.196,0.1394
3,0.36,1,77.704,0.041734,78.04,0.063695,77.704,0.041734,78.04,0.063695
3,0.36,2,79.111,0.06728,78.663,0.10538,79.111,0.06728,78.663,0.10538
3,0.36,3,81.593,0.10511,81.196,0.1394,81.593,0.10511,81.196,0.1394
3,0.37,1,77.704,0.041734,78.04,0.063695,77.704,0.041734,78.04,0.063695
3,0.37,2,79.111,0.06728,78.663,0.10538,79.111,0.06728,78.663,0.10538
3,0.37,3,81.593,0.10511,81.196,0.1394,81.593,0.10511,81.196,0.1394
3,0.38,1,77.704,0.041734,78.04,0.063695,77.704,0.041734,78.04,0.063695
3,0.38,2,79.111,0.06728,78.663,0.10538,79.111,0.06728,78.663,0.10538
3,0.38,3,81.593,0.10511,81.196,0.1394,81.593,0.10511,81.196,0.1394
3,0.39,1,77.704,0.041734,78.04,0.063695,77.704,0.041734,78.04,0.063695
3,0.39,2,79.111,0.06728,78.663,0.10538,79.111,0.06728,78.663,0.10538
3,0.39,3,81.593,0.10511,81.196,0.1394,81.593,0.10511,81.196,0.1394
3,0.4,1,77.704,0.041734,78.04,0.063695,77.704,0.041734,78.04,0.063695
3,0.4,2,79.111,0.06728,78.663,0.10538,79.111,0.06728,78.663,0.10538
3,0.4,3,81.593,0.10511,81.196,0.1394,81.593,0.10511,81.196,0.1394
3,0.41,1,77.704,0.041734,78.04,0.063695,77.704,0.041734,78.04,0.063695
3,0.41,2,79.111,0.06728,78.663,0.10538,79.111,0.06728,78.663,0.10538
3,0.41,3,81.593,0.10511,81.196,0.1394,81.593,0.10511,81.196,0.1394
3,0.42,1,77.704,0.041734,78.04,0.063695,77.704,0.041734,78.04,0.063695
3,0.42,2,79.111,0.06728,78.663,0.10538,79.111,0.06728,78.663,0.10538
3,0.42,3,81.593,0.10511,81.196,0.1394,81.593,0.10511,81.196,0.1394
3,0.43,1,77.704,0.041734,78.04,0.063695,77.704,0.041734,78.04,0.063695
3,0.43,2,79.111,0.06728,78.663,0.10538,79.111,0.06728,78.663,0.10538
3,0.43,3,81.593,0.10511,81.196,0.1394,81.593,0.10511,81.196,0.1394
3,0.44,1,77.704,0.041734,78.04,0.063695,77.704,0.041734,78.04,0.063695
3,0.44,2,79.111,0.06728,78.663,0.10538,79.111,0.06728,78.663,0.10538
3,0.44,3,81.593,0.10511,81.196,0.1394,81.593,0.10511,81.196,0.1394
3,0.45,1,77.704,0.041734,78.04,0.063695,77.704,0.041734,78.04,0.063695
3,0.45,2,79.111,0.06728,78.663,0.10538,79.111,0.06728,78.663,0.10538
3,0.45,3,81.593,0.10511,81.196,0.1394,81.593,0.10511,81.196,0.1394
3,0.46,1,77.704,0.041734,78.04,0.063695,77.704,0.041734,78.04,0.063695
3,0.46,2,79.111,0.06728,78.663,0.10538,79.111,0.06728,78.663,0.10538
3,0.46,3,81.593,0.10511,81.196,0.1394,81.593,0.10511,81.196,0.1394
3,0.47,1,77.704,0.041734,78.04,0.063695,77.704,0.041734,78.04,0.063695
3,0.47,2,79.111,0.06728,78.663,0.10538,79.111,0.06728,78.663,0.10538
3,0.47,3,81.593,0.10511,81.196,0.1394,81.593,0.10511,81.196,0.1394
3,0.48,1,77.704,0.041734,78.04,0.063695,77.704,0.041734,78.04,0.063695
3,0.48,2,79.111,0.06728,78.663,0.10538,79.111,0.06728,78.663,0.10538
3,0.48,3,81.593,0.10511,81.196,0.1394,81.593,0.10511,81.196,0.1394
3,0.49,1,77.704,0.041734,78.04,0.063695,77.704,0.041734,78.04,0.063695
3,0.49,2,79.111,0.06728,78.663,0.10538,79.111,0.06728,78.663,0.10538
3,0.49,3,81.593,0.10511,81.196,0.1394,81.593,0.10511,81.196,0.1394
3,0.5,1,77.704,0.041734,78.04,0.063695,77.704,0.041734,78.04,0.063695
3,0.5,2,79.111,0.06728,78.663,0.10538,79.111,0.06728,78.663,0.10538
3,0.5,3,81.593,0.10511,81.196,0.1394,81.593,0.10511,81.196,0.1394
3,0.51,1,77.704,0.041734,78.04,0.063695,77.704,0.041734,78.04,0.063695
3,0.51,2,79.111,0.06728,78.663,0.10538,79.111,0.06728,78.663,0.10538
3,0.51,3,81.593,0.10511,81.196,0.1394,81.593,0.10511,81.196,0.1394
3,0.52,1,77.704,0.041734,78.04,0.063695,77.704,0.041734,78.04,0.063695
3,0.52,2,79.111,0.06728,78.663,0.10538,79.111,0.06728,78.663,0.10538
3,0.52,3,81.593,0.10511,81.196,0.1394,81.593,0.10511,81.196,0.1394
3,0.53,1,77.704,0.041734,78.04,0.063695,77.704,0.041734,78.04,0.063695
3,0.53,2,79.111,0.06728,78.663,0.10538,79.111,0.06728,78.663,0.10538
3,0.53,3,81.593,0.10511,81.196,0.1394,81.593,0.10511,81.196,0.1394
3,0.54,1,77.704,0.041734,78.04,0.063695,77.704,0.041734,78.04,0.063695
3,0.54,2,79.111,0.06728,78.663,0.10538,79.111,0.06728,78.663,0.10538
3,0.54,3,81.593,0.10511,81.196,0.1394,81.593,0.10511,81.196,0.1394
3,0.55,1,77.704,0.041734,78.04,0.063695,77.704,0.041734,78.04,0.063695
3,0.55,2,79.111,0.06728,78.663,0.10538,79.111,0.06728,78.663,0.10538
3,0.55,3,81.593,0.10511,81.196,0.1394,81.593,0.10511,81.196,0.1394
4,0.01,1,78.185,0.028253,78.12,0.039212,74.852,0,75.109,-1.2862e-07
4,0.01,2,80.185,0.086192,79.91,0.10412,75.444,0.00054365,75.613,-0.0011729
4,0.01,3,80.815,0.12003,80.109,0.11517,75.074,0,75.295,-0.0041162
4,0.02,1,78.185,0.028253,78.12,0.039212,74.852,0,75.109,-1.2862e-07
4,0.02,2,80.185,0.086192,79.91,0.10412,75.444,0.00054365,75.613,-0.0011729
4,0.02,3,80.815,0.12003,80.109,0.11517,77.926,0.016952,77.457,0.020585
4,0.03,1,78.185,0.028253,78.12,0.039212,78.185,0.028253,78.12,0.039212
4,0.03,2,80.185,0.086192,79.91,0.10412,78.185,0.028253,78.12,0.039212
4,0.03,3,80.815,0.12003,80.109,0.11517,77.926,0.016952,77.457,0.020585
4,0.04,1,78.185,0.028253,78.12,0.039212,78.185,0.028253,78.12,0.039212
4,0.04,2,80.185,0.086192,79.91,0.10412,78.185,0.028253,78.12,0.039212
4,0.04,3,80.815,0.12003,80.109,0.11517,79.556,0.039351,78.849,0.045645
4,0.05,1,78.185,0.028253,78.12,0.039212,78.185,0.028253,78.12,0.039212
4,0.05,2,80.185,0.086192,79.91,0.10412,78.185,0.028253,78.12,0.039212
4,0.05,3,80.815,0.12003,80.109,0.11517,79.889,0.045819,79.366,0.060248
4,0.06,1,78.185,0.028253,78.12,0.039212,78.185,0.028253,78.12,0.039212
4,0.06,2,80.185,0.086192,79.91,0.10412,78.185,0.028253,78.12,0.039212
4,0.06,3,80.815,0.12003,80.109,0.11517,79.889,0.045819,79.366,0.060248
4,0.07,1,78.185,0.028253,78.12,0.039212,78.185,0.028253,78.12,0.039212
4,0.07,2,80.185,0.086192,79.91,0.10412,78.185,0.028253,78.12,0.039212
4,0.07,3,80.815,0.12003,80.109,0.11517,79.889,0.045819,79.366,0.060248
4,0.08,1,78.185,0.028253,78.12,0.039212,78.185,0.028253,78.12,0.039212
4,0.08,2,80.185,0.086192,79.91,0.10412,78.185,0.028253,78.12,0.039212
4,0.08,3,80.815,0.12003,80.109,0.11517,79.889,0.045819,79.366,0.060248
4,0.09,1,78.185,0.028253,78.12,0.039212,78.185,0.028253,78.12,0.039212
4,0.09,2,80.185,0.086192,79.91,0.10412,80.185,0.086192,79.91,0.10412
4,0.09,3,80.815,0.12003,80.109,0.11517,80.444,0.08449,79.711,0.075316
4,0.1,1,78.185,0.028253,78.12,0.039212,78.185,0.028253,78.12,0.039212
4,0.1,2,80.185,0.086192,79.91,0.10412,80.185,0.086192,79.91,0.10412
4,0.1,3,80.815,0.12003,80.109,0.11517,80.444,0.08449,79.711,0.075316
4,0.11,1,78.185,0.028253,78.12,0.039212,78.185,0.028253,78.12,0.039212
4,0.11,2,80.185,0.086192,79.91,0.10412,80.185,0.086192,79.91,0.10412
4,0.11,3,80.815,0.12003,80.109,0.11517,80.444,0.08449,79.711,0.075316
4,0.12,1,78.185,0.028253,78.12,0.039212,78.185,0.028253,78.12,0.039212
4,0.12,2,80.185,0.086192,79.91,0.10412,80.185,0.086192,79.91,0.10412
4,0.12,3,80.815,0.12003,80.109,0.11517,80.444,0.08449,79.711,0.075316
4,0.13,1,78.185,0.028253,78.12,0.039212,78.185,0.028253,78.12,0.039212
4,0.13,2,80.185,0.086192,79.91,0.10412,80.185,0.086192,79.91,0.10412
4,0.13,3,80.815,0.12003,80.109,0.11517,80.815,0.12003,80.109,0.11517
4,0.14,1,78.185,0.028253,78.12,0.039212,78.185,0.028253,78.12,0.039212
4,0.14,2,80.185,0.086192,79.91,0.10412,80.185,0.086192,79.91,0.10412
4,0.14,3,80.815,0.12003,80.109,0.11517,80.815,0.12003,80.109,0.11517
4,0.15,1,78.185,0.028253,78.12,0.039212,78.185,0.028253,78.12,0.039212
4,0.15,2,80.185,0.086192,79.91,0.10412,80.185,0.086192,79.91,0.10412
4,0.15,3,80.815,0.12003,80.109,0.11517,80.815,0.12003,80.109,0.11517
4,0.16,1,78.185,0.028253,78.12,0.039212,78.185,0.028253,78.12,0.039212
4,0.16,2,80.185,0.086192,79.91,0.10412,80.185,0.086192,79.91,0.10412
4,0.16,3,80.815,0.12003,80.109,0.11517,80.815,0.12003,80.109,0.11517
4,0.17,1,78.185,0.028253,78.12,0.039212,78.185,0.028253,78.12,0.039212
4,0.17,2,80.185,0.086192,79.91,0.10412,80.185,0.086192,79.91,0.10412
4,0.17,3,80.815,0.12003,80.109,0.11517,80.815,0.12003,80.109,0.11517
4,0.18,1,78.185,0.028253,78.12,0.039212,78.185,0.028253,78.12,0.039212
4,0.18,2,80.185,0.086192,79.91,0.10412,80.185,0.086192,79.91,0.10412
4,0.18,3,80.815,0.12003,80.109,0.11517,80.815,0.12003,80.109,0.11517
4,0.19,1,78.185,0.028253,78.12,0.039212,78.185,0.028253,78.12,0.039212
4,0.19,2,80.185,0.086192,79.91,0.10412,80.185,0.086192,79.91,0.10412
4,0.19,3,80.815,0.12003,80.109,0.11517,80.815,0.12003,80.109,0.11517
4,0.2,1,78.185,0.028253,78.12,0.039212,78.185,0.028253,78.12,0.039212
4,0.2,2,80.185,0.086192,79.91,0.10412,80.185,0.086192,79.91,0.10412
4,0.2,3,80.815,0.12003,80.109,0.11517,80.815,0.12003,80.109,0.11517
4,0.21,1,78.185,0.028253,78.12,0.039212,78.185,0.028253,78.12,0.039212
4,0.21,2,80.185,0.086192,79.91,0.10412,80.185,0.086192,79.91,0.10412
4,0.21,3,80.815,0.12003,80.109,0.11517,80.815,0.12003,80.109,0.11517
4,0.22,1,78.185,0.028253,78.12,0.039212,78.185,0.028253,78.12,0.039212
4,0.22,2,80.185,0.086192,79.91,0.10412,80.185,0.086192,79.91,0.10412
4,0.22,3,80.815,0.12003,80.109,0.11517,80.815,0.12003,80.109,0.11517
4,0.23,1,78.185,0.028253,78.12,0.039212,78.185,0.028253,78.12,0.039212
4,0.23,2,80.185,0.086192,79.91,0.10412,80.185,0.086192,79.91,0.10412
4,0.23,3,80.815,0.12003,80.109,0.11517,80.815,0.12003,80.109,0.11517
4,0.24,1,78.185,0.028253,78.12,0.039212,78.185,0.028253,78.12,0.039212
4,0.24,2,80.185,0.086192,79.91,0.10412,80.185,0.086192,79.91,0.10412
4,0.24,3,80.815,0.12003,80.109,0.11517,80.815,0.12003,80.109,0.11517
4,0.25,1,78.185,0.028253,78.12,0.039212,78.185,0.028253,78.12,0.039212
4,0.25,2,80.185,0.086192,79.91,0.10412,80.185,0.086192,79.91,0.10412
4,0.25,3,80.815,0.12003,80.109,0.11517,80.815,0.12003,80.109,0.11517
4,0.26,1,78.185,0.028253,78.12,0.039212,78.185,0.028253,78.12,0.039212
4,0.26,2,80.185,0.086192,79.91,0.10412,80.185,0.086192,79.91,0.10412
4,0.26,3,80.815,0.12003,80.109,0.11517,80.815,0.12003,80.109,0.11517
4,0.27,1,78.185,0.028253,78.12,0.039212,78.185,0.028253,78.12,0.039212
4,0.27,2,80.185,0.086192,79.91,0.10412,80.185,0.086192,79.91,0.10412
4,0.27,3,80.815,0.12003,80.109,0.11517,80.815,0.12003,80.109,0.11517
4,0.28,1,78.185,0.028253,78.12,0.039212,78.185,0.028253,78.12,0.039212
4,0.28,2,80.185,0.086192,79.91,0.10412,80.185,0.086192,79.91,0.10412
4,0.28,3,80.815,0.12003,80.109,0.11517,80.815,0.12003,80.109,0.11517
4,0.29,1,78.185,0.028253,78.12,0.039212,78.185,0.028253,78.12,0.039212
4,0.29,2,80.185,0.086192,79.91,0.10412,80.185,0.086192,79.91,0.10412
4,0.29,3,80.815,0.12003,80.109,0.11517,80.815,0.12003,80.109,0.11517
4,0.3,1,78.185,0.028253,78.12,0.039212,78.185,0.028253,78.12,0.039212
4,0.3,2,80.185,0.086192,79.91,0.10412,80.185,0.086192,79.91,0.10412
4,0.3,3,80.815,0.12003,80.109,0.11517,80.815,0.12003,80.109,0.11517
4,0.31,1,78.185,0.028253,78.12,0.039212,78.185,0.028253,78.12,0.039212
4,0.31,2,80.185,0.086192,79.91,0.10412,80.185,0.086192,79.91,0.10412
4,0.31,3,80.815,0.12003,80.109,0.11517,80.815,0.12003,80.109,0.11517
4,0.32,1,78.185,0.028253,78.12,0.039212,78.185,0.028253,78.12,0.039212
4,0.32,2,80.185,0.086192,79.91,0.10412,80.185,0.086192,79.91,0.10412
4,0.32,3,80.815,0.12003,80.109,0.11517,80.815,0.12003,80.109,0.11517
4,0.33,1,78.185,0.028253,78.12,0.039212,78.185,0.028253,78.12,0.039212
4,0.33,2,80.185,0.086192,79.91,0.10412,80.185,0.086192,79.91,0.10412
4,0.33,3,80.815,0.12003,80.109,0.11517,80.815,0.12003,80.109,0.11517
4,0.34,1,78.185,0.028253,78.12,0.039212,78.185,0.028253,78.12,0.039212
4,0.34,2,80.185,0.086192,79.91,0.10412,80.185,0.086192,79.91,0.10412
4,0.34,3,80.815,0.12003,80.109,0.11517,80.815,0.12003,80.109,0.11517
4,0.35,1,78.185,0.028253,78.12,0.039212,78.185,0.028253,78.12,0.039212
4,0.35,2,80.185,0.086192,79.91,0.10412,80.185,0.086192,79.91,0.10412
4,0.35,3,80.815,0.12003,80.109,0.11517,80.815,0.12003,80.109,0.11517
4,0.36,1,78.185,0.028253,78.12,0.039212,78.185,0.028253,78.12,0.039212
4,0.36,2,80.185,0.086192,79.91,0.10412,80.185,0.086192,79.91,0.10412
4,0.36,3,80.815,0.12003,80.109,0.11517,80.815,0.12003,80.109,0.11517
4,0.37,1,78.185,0.028253,78.12,0.039212,78.185,0.028253,78.12,0.039212
4,0.37,2,80.185,0.086192,79.91,0.10412,80.185,0.086192,79.91,0.10412
4,0.37,3,80.815,0.12003,80.109,0.11517,80.815,0.12003,80.109,0.11517
4,0.38,1,78.185,0.028253,78.12,0.039212,78.185,0.028253,78.12,0.039212
4,0.38,2,80.185,0.086192,79.91,0.10412,80.185,0.086192,79.91,0.10412
4,0.38,3,80.815,0.12003,80.109,0.11517,80.815,0.12003,80.109,0.11517
4,0.39,1,78.185,0.028253,78.12,0.039212,78.185,0.028253,78.12,0.039212
4,0.39,2,80.185,0.086192,79.91,0.10412,80.185,0.086192,79.91,0.10412
4,0.39,3,80.815,0.12003,80.109,0.11517,80.815,0.12003,80.109,0.11517
4,0.4,1,78.185,0.028253,78.12,0.039212,78.185,0.028253,78.12,0.039212
4,0.4,2,80.185,0.086192,79.91,0.10412,80.185,0.086192,79.91,0.10412
4,0.4,3,80.815,0.12003,80.109,0.11517,80.815,0.12003,80.109,0.11517
4,0.41,1,78.185,0.028253,78.12,0.039212,78.185,0.028253,78.12,0.039212
4,0.41,2,80.185,0.086192,79.91,0.10412,80.185,0.086192,79.91,0.10412
4,0.41,3,80.815,0.12003,80.109,0.11517,80.815,0.12003,80.109,0.11517
4,0.42,1,78.185,0.028253,78.12,0.039212,78.185,0.028253,78.12,0.039212
4,0.42,2,80.185,0.086192,79.91,0.10412,80.185,0.086192,79.91,0.10412
4,0.42,3,80.815,0.12003,80.109,0.11517,80.815,0.12003,80.109,0.11517
4,0.43,1,78.185,0.028253,78.12,0.039212,78.185,0.028253,78.12,0.039212
4,0.43,2,80.185,0.086192,79.91,0.10412,80.185,0.086192,79.91,0.10412
4,0.43,3,80.815,0.12003,80.109,0.11517,80.815,0.12003,80.109,0.11517
4,0.44,1,78.185,0.028253,78.12,0.039212,78.185,0.028253,78.12,0.039212
4,0.44,2,80.185,0.086192,79.91,0.10412,80.185,0.086192,79.91,0.10412
4,0.44,3,80.815,0.12003,80.109,0.11517,80.815,0.12003,80.109,0.11517
4,0.45,1,78.185,0.028253,78.12,0.039212,78.185,0.028253,78.12,0.039212
4,0.45,2,80.185,0.086192,79.91,0.10412,80.185,0.086192,79.91,0.10412
4,0.45,3,80.815,0.12003,80.109,0.11517,80.815,0.12003,80.109,0.11517
4,0.46,1,78.185,0.028253,78.12,0.039212,78.185,0.028253,78.12,0.039212
4,0.46,2,80.185,0.086192,79.91,0.10412,80.185,0.086192,79.91,0.10412
4,0.46,3,80.815,0.12003,80.109,0.11517,80.815,0.12003,80.109,0.11517
4,0.47,1,78.185,0.028253,78.12,0.039212,78.185,0.028253,78.12,0.039212
4,0.47,2,80.185,0.086192,79.91,0.10412,80.185,0.086192,79.91,0.10412
4,0.47,3,80.815,0.12003,80.109,0.11517,80.815,0.12003,80.109,0.11517
4,0.48,1,78.185,0.028253,78.12,0.039212,78.185,0.028253,78.12,0.039212
4,0.48,2,80.185,0.086192,79.91,0.10412,80.185,0.086192,79.91,0.10412
4,0.48,3,80.815,0.12003,80.109,0.11517,80.815,0.12003,80.109,0.11517
4,0.49,1,78.185,0.028253,78.12,0.039212,78.185,0.028253,78.12,0.039212
4,0.49,2,80.185,0.086192,79.91,0.10412,80.185,0.086192,79.91,0.10412
4,0.49,3,80.815,0.12003,80.109,0.11517,80.815,0.12003,80.109,0.11517
4,0.5,1,78.185,0.028253,78.12,0.039212,78.185,0.028253,78.12,0.039212
4,0.5,2,80.185,0.086192,79.91,0.10412,80.185,0.086192,79.91,0.10412
4,0.5,3,80.815,0.12003,80.109,0.11517,80.815,0.12003,80.109,0.11517
4,0.51,1,78.185,0.028253,78.12,0.039212,78.185,0.028253,78.12,0.039212
4,0.51,2,80.185,0.086192,79.91,0.10412,80.185,0.086192,79.91,0.10412
4,0.51,3,80.815,0.12003,80.109,0.11517,80.815,0.12003,80.109,0.11517
4,0.52,1,78.185,0.028253,78.12,0.039212,78.185,0.028253,78.12,0.039212
4,0.52,2,80.185,0.086192,79.91,0.10412,80.185,0.086192,79.91,0.10412
4,0.52,3,80.815,0.12003,80.109,0.11517,80.815,0.12003,80.109,0.11517
4,0.53,1,78.185,0.028253,78.12,0.039212,78.185,0.028253,78.12,0.039212
4,0.53,2,80.185,0.086192,79.91,0.10412,80.185,0.086192,79.91,0.10412
4,0.53,3,80.815,0.12003,80.109,0.11517,80.815,0.12003,80.109,0.11517
4,0.54,1,78.185,0.028253,78.12,0.039212,78.185,0.028253,78.12,0.039212
4,0.54,2,80.185,0.086192,79.91,0.10412,80.185,0.086192,79.91,0.10412
4,0.54,3,80.815,0.12003,80.109,0.11517,80.815,0.12003,80.109,0.11517
4,0.55,1,78.185,0.028253,78.12,0.039212,78.185,0.028253,78.12,0.039212
4,0.55,2,80.185,0.086192,79.91,0.10412,80.185,0.086192,79.91,0.10412
4,0.55,3,80.815,0.12003,80.109,0.11517,80.815,0.12003,80.109,0.11517
5,0.01,1,77.556,0.027716,78.756,0.041044,74.741,0,75.109,-1.2862e-07
5,0.01,2,79.519,0.082254,80.427,0.094491,75.741,0.0035253,76.077,-0.0031194
5,0.01,3,80.111,0.091404,80.4,0.097484,75.556,0,75.971,-0.002432
5,0.02,1,77.556,0.027716,78.756,0.041044,74.741,0,75.109,-1.2862e-07
5,0.02,2,79.519,0.082254,80.427,0.094491,75.741,0.0035253,76.077,-0.0031194
5,0.02,3,80.111,0.091404,80.4,0.097484,76.926,0.014104,77.045,0.0066469
5,0.03,1,77.556,0.027716,78.756,0.041044,77.556,0.027716,78.756,0.041044
5,0.03,2,79.519,0.082254,80.427,0.094491,77.556,0.026958,78.504,0.026589
5,0.03,3,80.111,0.091404,80.4,0.097484,76.926,0.014104,77.045,0.0066469
5,0.04,1,77.556,0.027716,78.756,0.041044,77.556,0.027716,78.756,0.041044
5,0.04,2,79.519,0.082254,80.427,0.094491,77.556,0.026958,78.504,0.026589
5,0.04,3,80.111,0.091404,80.4,0.097484,76.926,0.014104,77.045,0.0066469
5,0.05,1,77.556,0.027716,78.756,0.041044,77.556,0.027716,78.756,0.041044
5,0.05,2,79.519,0.082254,80.427,0.094491,77.556,0.026958,78.504,0.026589
5,0.05,3,80.111,0.091404,80.4,0.097484,79.111,0.044349,79.645,0.044531
5,0.06,1,77.556,0.027716,78.756,0.041044,77.556,0.027716,78.756,0.041044
5,0.06,2,79.519,0.082254,80.427,0.094491,77.556,0.026958,78.504,0.026589
5,0.06,3,80.111,0.091404,80.4,0.097484,79.519,0.052325,79.804,0.053116
5,0.07,1,77.556,0.027716,78.756,0.041044,77.556,0.027716,78.756,0.041044
5,0.07,2,79.519,0.082254,80.427,0.094491,77.556,0.026958,78.504,0.026589
5,0.07,3,80.111,0.091404,80.4,0.097484,79.519,0.052325,79.804,0.053116
5,0.08,1,77.556,0.027716,78.756,0.041044,77.556,0.027716,78.756,0.041044
5,0.08,2,79.519,0.082254,80.427,0.094491,77.556,0.026958,78.504,0.026589
5,0.08,3,80.111,0.091404,80.4,0.097484,79.519,0.052325,79.804,0.053116
5,0.09,1,77.556,0.027716,78.756,0.041044,77.556,0.027716,78.756,0.041044
5,0.09,2,79.519,0.082254,80.427,0.094491,79.519,0.082254,80.427,0.094491
5,0.09,3,80.111,0.091404,80.4,0.097484,79.519,0.052325,79.804,0.053116
5,0.1,1,77.556,0.027716,78.756,0.041044,77.556,0.027716,78.756,0.041044
5,0.1,2,79.519,0.082254,80.427,0.094491,79.519,0.082254,80.427,0.094491
5,0.1,3,80.111,0.091404,80.4,0.097484,80.111,0.091404,80.4,0.097484
5,0.11,1,77.556,0.027716,78.756,0.041044,77.556,0.027716,78.756,0.041044
5,0.11,2,79.519,0.082254,80.427,0.094491,79.519,0.082254,80.427,0.094491
5,0.11,3,80.111,0.091404,80.4,0.097484,80.111,0.091404,80.4,0.097484
5,0.12,1,77.556,0.027716,78.756,0.041044,77.556,0.027716,78.756,0.041044
5,0.12,2,79.519,0.082254,80.427,0.094491,79.519,0.082254,80.427,0.094491
5,0.12,3,80.111,0.091404,80.4,0.097484,80.111,0.091404,80.4,0.097484
5,0.13,1,77.556,0.027716,78.756,0.041044,77.556,0.027716,78.756,0.041044
5,0.13,2,79.519,0.082254,80.427,0.094491,79.519,0.082254,80.427,0.094491
5,0.13,3,80.111,0.091404,80.4,0.097484,80.111,0.091404,80.4,0.097484
5,0.14,1,77.556,0.027716,78.756,0.041044,77.556,0.027716,78.756,0.041044
5,0.14,2,79.519,0.082254,80.427,0.094491,79.519,0.082254,80.427,0.094491
5,0.14,3,80.111,0.091404,80.4,0.097484,80.111,0.091404,80.4,0.097484
5,0.15,1,77.556,0.027716,78.756,0.041044,77.556,0.027716,78.756,0.041044
5,0.15,2,79.519,0.082254,80.427,0.094491,79.519,0.082254,80.427,0.094491
5,0.15,3,80.111,0.091404,80.4,0.097484,80.111,0.091404,80.4,0.097484
5,0.16,1,77.556,0.027716,78.756,0.041044,77.556,0.027716,78.756,0.041044
5,0.16,2,79.519,0.082254,80.427,0.094491,79.519,0.082254,80.427,0.094491
5,0.16,3,80.111,0.091404,80.4,0.097484,80.111,0.091404,80.4,0.097484
5,0.17,1,77.556,0.027716,78.756,0.041044,77.556,0.027716,78.756,0.041044
5,0.17,2,79.519,0.082254,80.427,0.094491,79.519,0.082254,80.427,0.094491
5,0.17,3,80.111,0.091404,80.4,0.097484,80.111,0.091404,80.4,0.097484
5,0.18,1,77.556,0.027716,78.756,0.041044,77.556,0.027716,78.756,0.041044
5,0.18,2,79.519,0.082254,80.427,0.094491,79.519,0.082254,80.427,0.094491
5,0.18,3,80.111,0.091404,80.4,0.097484,80.111,0.091404,80.4,0.097484
5,0.19,1,77.556,0.027716,78.756,0.041044,77.556,0.027716,78.756,0.041044
5,0.19,2,79.519,0.082254,80.427,0.094491,79.519,0.082254,80.427,0.094491
5,0.19,3,80.111,0.091404,80.4,0.097484,80.111,0.091404,80.4,0.097484
5,0.2,1,77.556,0.027716,78.756,0.041044,77.556,0.027716,78.756,0.041044
5,0.2,2,79.519,0.082254,80.427,0.094491,79.519,0.082254,80.427,0.094491
5,0.2,3,80.111,0.091404,80.4,0.097484,80.111,0.091404,80.4,0.097484
5,0.21,1,77.556,0.027716,78.756,0.041044,77.556,0.027716,78.756,0.041044
5,0.21,2,79.519,0.082254,80.427,0.094491,79.519,0.082254,80.427,0.094491
5,0.21,3,80.111,0.091404,80.4,0.097484,80.111,0.091404,80.4,0.097484
5,0.22,1,77.556,0.027716,78.756,0.041044,77.556,0.027716,78.756,0.041044
5,0.22,2,79.519,0.082254,80.427,0.094491,79.519,0.082254,80.427,0.094491
5,0.22,3,80.111,0.091404,80.4,0.097484,80.111,0.091404,80.4,0.097484
5,0.23,1,77.556,0.027716,78.756,0.041044,77.556,0.027716,78.756,0.041044
5,0.23,2,79.519,0.082254,80.427,0.094491,79.519,0.082254,80.427,0.094491
5,0.23,3,80.111,0.091404,80.4,0.097484,80.111,0.091404,80.4,0.097484
5,0.24,1,77.556,0.027716,78.756,0.041044,77.556,0.027716,78.756,0.041044
5,0.24,2,79.519,0.082254,80.427,0.094491,79.519,0.082254,80.427,0.094491
5,0.24,3,80.111,0.091404,80.4,0.097484,80.111,0.091404,80.4,0.097484
5,0.25,1,77.556,0.027716,78.756,0.041044,77.556,0.027716,78.756,0.041044
5,0.25,2,79.519,0.082254,80.427,0.094491,79.519,0.082254,80.427,0.094491
5,0.25,3,80.111,0.091404,80.4,0.097484,80.111,0.091404,80.4,0.097484
5,0.26,1,77.556,0.027716,78.756,0.041044,77.556,0.027716,78.756,0.041044
5,0.26,2,79.519,0.082254,80.427,0.094491,79.519,0.082254,80.427,0.094491
5,0.26,3,80.111,0.091404,80.4,0.097484,80.111,0.091404,80.4,0.097484
5,0.27,1,77.556,0.027716,78.756,0.041044,77.556,0.027716,78.756,0.041044
5,0.27,2,79.519,0.082254,80.427,0.094491,79.519,0.082254,80.427,0.094491
5,0.27,3,80.111,0.091404,80.4,0.097484,80.111,0.091404,80.4,0.097484
5,0.28,1,77.556,0.027716,78.756,0.041044,77.556,0.027716,78.756,0.041044
5,0.28,2,79.519,0.082254,80.427,0.094491,79.519,0.082254,80.427,0.094491
5,0.28,3,80.111,0.091404,80.4,0.097484,80.111,0.091404,80.4,0.097484
5,0.29,1,77.556,0.027716,78.756,0.041044,77.556,0.027716,78.756,0.041044
5,0.29,2,79.519,0.082254,80.427,0.094491,79.519,0.082254,80.427,0.094491
5,0.29,3,80.111,0.091404,80.4,0.097484,80.111,0.091404,80.4,0.097484
5,0.3,1,77.556,0.027716,78.756,0.041044,77.556,0.027716,78.756,0.041044
5,0.3,2,79.519,0.082254,80.427,0.094491,79.519,0.082254,80.427,0.094491
5,0.3,3,80.111,0.091404,80.4,0.097484,80.111,0.091404,80.4,0.097484
5,0.31,1,77.556,0.027716,78.756,0.041044,77.556,0.027716,78.756,0.041044
5,0.31,2,79.519,0.082254,80.427,0.094491,79.519,0.082254,80.427,0.094491
5,0.31,3,80.111,0.091404,80.4,0.097484,80.111,0.091404,80.4,0.097484
5,0.32,1,77.556,0.027716,78.756,0.041044,77.556,0.027716,78.756,0.041044
5,0.32,2,79.519,0.082254,80.427,0.094491,79.519,0.082254,80.427,0.094491
5,0.32,3,80.111,0.091404,80.4,0.097484,80.111,0.091404,80.4,0.097484
5,0.33,1,77.556,0.027716,78.756,0.041044,77.556,0.027716,78.756,0.041044
5,0.33,2,79.519,0.082254,80.427,0.094491,79.519,0.082254,80.427,0.094491
5,0.33,3,80.111,0.091404,80.4,0.097484,80.111,0.091404,80.4,0.097484
5,0.34,1,77.556,0.027716,78.756,0.041044,77.556,0.027716,78.756,0.041044
5,0.34,2,79.519,0.082254,80.427,0.094491,79.519,0.082254,80.427,0.094491
5,0.34,3,80.111,0.091404,80.4,0.097484,80.111,0.091404,80.4,0.097484
5,0.35,1,77.556,0.027716,78.756,0.041044,77.556,0.027716,78.756,0.041044
5,0.35,2,79.519,0.082254,80.427,0.094491,79.519,0.082254,80.427,0.094491
5,0.35,3,80.111,0.091404,80.4,0.097484,80.111,0.091404,80.4,0.097484
5,0.36,1,77.556,0.027716,78.756,0.041044,77.556,0.027716,78.756,0.041044
5,0.36,2,79.519,0.082254,80.427,0.094491,79.519,0.082254,80.427,0.094491
5,0.36,3,80.111,0.091404,80.4,0.097484,80.111,0.091404,80.4,0.097484
5,0.37,1,77.556,0.027716,78.756,0.041044,77.556,0.027716,78.756,0.041044
5,0.37,2,79.519,0.082254,80.427,0.094491,79.519,0.082254,80.427,0.094491
5,0.37,3,80.111,0.091404,80.4,0.097484,80.111,0.091404,80.4,0.097484
5,0.38,1,77.556,0.027716,78.756,0.041044,77.556,0.027716,78.756,0.041044
5,0.38,2,79.519,0.082254,80.427,0.094491,79.519,0.082254,80.427,0.094491
5,0.38,3,80.111,0.091404,80.4,0.097484,80.111,0.091404,80.4,0.097484
5,0.39,1,77.556,0.027716,78.756,0.041044,77.556,0.027716,78.756,0.041044
5,0.39,2,79.519,0.082254,80.427,0.094491,79.519,0.082254,80.427,0.094491
5,0.39,3,80.111,0.091404,80.4,0.097484,80.111,0.091404,80.4,0.097484
5,0.4,1,77.556,0.027716,78.756,0.041044,77.556,0.027716,78.756,0.041044
5,0.4,2,79.519,0.082254,80.427,0.094491,79.519,0.082254,80.427,0.094491
5,0.4,3,80.111,0.091404,80.4,0.097484,80.111,0.091404,80.4,0.097484
5,0.41,1,77.556,0.027716,78.756,0.041044,77.556,0.027716,78.756,0.041044
5,0.41,2,79.519,0.082254,80.427,0.094491,79.519,0.082254,80.427,0.094491
5,0.41,3,80.111,0.091404,80.4,0.097484,80.111,0.091404,80.4,0.097484
5,0.42,1,77.556,0.027716,78.756,0.041044,77.556,0.027716,78.756,0.041044
5,0.42,2,79.519,0.082254,80.427,0.094491,79.519,0.082254,80.427,0.094491
5,0.42,3,80.111,0.091404,80.4,0.097484,80.111,0.091404,80.4,0.097484
5,0.43,1,77.556,0.027716,78.756,0.041044,77.556,0.027716,78.756,0.041044
5,0.43,2,79.519,0.082254,80.427,0.094491,79.519,0.082254,80.427,0.094491
5,0.43,3,80.111,0.091404,80.4,0.097484,80.111,0.091404,80.4,0.097484
5,0.44,1,77.556,0.027716,78.756,0.041044,77.556,0.027716,78.756,0.041044
5,0.44,2,79.519,0.082254,80.427,0.094491,79.519,0.082254,80.427,0.094491
5,0.44,3,80.111,0.091404,80.4,0.097484,80.111,0.091404,80.4,0.097484
5,0.45,1,77.556,0.027716,78.756,0.041044,77.556,0.027716,78.756,0.041044
5,0.45,2,79.519,0.082254,80.427,0.094491,79.519,0.082254,80.427,0.094491
5,0.45,3,80.111,0.091404,80.4,0.097484,80.111,0.091404,80.4,0.097484
5,0.46,1,77.556,0.027716,78.756,0.041044,77.556,0.027716,78.756,0.041044
5,0.46,2,79.519,0.082254,80.427,0.094491,79.519,0.082254,80.427,0.094491
5,0.46,3,80.111,0.091404,80.4,0.097484,80.111,0.091404,80.4,0.097484
5,0.47,1,77.556,0.027716,78.756,0.041044,77.556,0.027716,78.756,0.041044
5,0.47,2,79.519,0.082254,80.427,0.094491,79.519,0.082254,80.427,0.094491
5,0.47,3,80.111,0.091404,80.4,0.097484,80.111,0.091404,80.4,0.097484
5,0.48,1,77.556,0.027716,78.756,0.041044,77.556,0.027716,78.756,0.041044
5,0.48,2,79.519,0.082254,80.427,0.094491,79.519,0.082254,80.427,0.094491
5,0.48,3,80.111,0.091404,80.4,0.097484,80.111,0.091404,80.4,0.097484
5,0.49,1,77.556,0.027716,78.756,0.041044,77.556,0.027716,78.756,0.041044
5,0.49,2,79.519,0.082254,80.427,0.094491,79.519,0.082254,80.427,0.094491
5,0.49,3,80.111,0.091404,80.4,0.097484,80.111,0.091404,80.4,0.097484
5,0.5,1,77.556,0.027716,78.756,0.041044,77.556,0.027716,78.756,0.041044
5,0.5,2,79.519,0.082254,80.427,0.094491,79.519,0.082254,80.427,0.094491
5,0.5,3,80.111,0.091404,80.4,0.097484,80.111,0.091404,80.4,0.097484
5,0.51,1,77.556,0.027716,78.756,0.041044,77.556,0.027716,78.756,0.041044
5,0.51,2,79.519,0.082254,80.427,0.094491,79.519,0.082254,80.427,0.094491
5,0.51,3,80.111,0.091404,80.4,0.097484,80.111,0.091404,80.4,0.097484
5,0.52,1,77.556,0.027716,78.756,0.041044,77.556,0.027716,78.756,0.041044
5,0.52,2,79.519,0.082254,80.427,0.094491,79.519,0.082254,80.427,0.094491
5,0.52,3,80.111,0.091404,80.4,0.097484,80.111,0.091404,80.4,0.097484
5,0.53,1,77.556,0.027716,78.756,0.041044,77.556,0.027716,78.756,0.041044
5,0.53,2,79.519,0.082254,80.427,0.094491,79.519,0.082254,80.427,0.094491
5,0.53,3,80.111,0.091404,80.4,0.097484,80.111,0.091404,80.4,0.097484
5,0.54,1,77.556,0.027716,78.756,0.041044,77.556,0.027716,78.756,0.041044
5,0.54,2,79.519,0.082254,80.427,0.094491,79.519,0.082254,80.427,0.094491
5,0.54,3,80.111,0.091404,80.4,0.097484,80.111,0.091404,80.4,0.097484
5,0.55,1,77.556,0.027716,78.756,0.041044,77.556,0.027716,78.756,0.041044
5,0.55,2,79.519,0.082254,80.427,0.094491,79.519,0.082254,80.427,0.094491
5,0.55,3,80.111,0.091404,80.4,0.097484,80.111,0.091404,80.4,0.097484
