dataset,epsilon,depth,acc_tr_pre,disc_tr_pre,acc_te_pre,disc_te_pre,acc_tr_post,disc_tr_post,acc_te_post,disc_te_post
1,0,1,71.058,0.18416,71.084,0.06431,70.06,0,70.281,5.55E-16
1,0,2,71.257,-0.0019301,70.281,0.016803,71.257,-0.0019301,70.281,0.016803
1,0,3,71.856,0.014502,69.88,0.0089758,71.457,0,67.068,-0.04521
1,0.01,1,71.058,0.18416,71.084,0.06431,70.06,0,70.281,5.55E-16
1,0.01,2,71.257,-0.0019301,70.281,0.016803,71.257,-0.0019301,70.281,0.016803
1,0.01,3,71.856,0.014502,69.88,0.0089758,71.457,0,67.068,-0.04521
1,0.05,1,71.058,0.18416,71.084,0.06431,70.06,0,70.281,5.55E-16
1,0.05,2,71.257,-0.0019301,70.281,0.016803,71.257,-0.0019301,70.281,0.016803
1,0.05,3,71.856,0.014502,69.88,0.0089758,71.856,0.014502,69.88,0.0089758
1,0.1,1,71.058,0.18416,71.084,0.06431,70.06,0,70.281,5.55E-16
1,0.1,2,71.257,-0.0019301,70.281,0.016803,71.257,-0.0019301,70.281,0.016803
1,0.1,3,71.856,0.014502,69.88,0.0089758,71.856,0.014502,69.88,0.0089758
1,0.15,1,71.058,0.18416,71.084,0.06431,70.06,0,70.281,5.55E-16
1,0.15,2,71.257,-0.0019301,70.281,0.016803,71.257,-0.0019301,70.281,0.016803
1,0.15,3,71.856,0.014502,69.88,0.0089758,71.856,0.014502,69.88,0.0089758
1,0.2,1,71.058,0.18416,71.084,0.06431,71.058,0.18416,71.084,0.06431
1,0.2,2,71.257,-0.0019301,70.281,0.016803,71.257,-0.0019301,70.281,0.016803
1,0.2,3,71.856,0.014502,69.88,0.0089758,71.856,0.014502,69.88,0.0089758
1,0.25,1,71.058,0.18416,71.084,0.06431,71.058,0.18416,71.084,0.06431
1,0.25,2,71.257,-0.0019301,70.281,0.016803,71.257,-0.0019301,70.281,0.016803
1,0.25,3,71.856,0.014502,69.88,0.0089758,71.856,0.014502,69.88,0.0089758
1,0.3,1,71.058,0.18416,71.084,0.06431,71.058,0.18416,71.084,0.06431
1,0.3,2,71.257,-0.0019301,70.281,0.016803,71.257,-0.0019301,70.281,0.016803
1,0.3,3,71.856,0.014502,69.88,0.0089758,71.856,0.014502,69.88,0.0089758
1,0.35,1,71.058,0.18416,71.084,0.06431,71.058,0.18416,71.084,0.06431
1,0.35,2,71.257,-0.0019301,70.281,0.016803,71.257,-0.0019301,70.281,0.016803
1,0.35,3,71.856,0.014502,69.88,0.0089758,71.856,0.014502,69.88,0.0089758
1,0.4,1,71.058,0.18416,71.084,0.06431,71.058,0.18416,71.084,0.06431
1,0.4,2,71.257,-0.0019301,70.281,0.016803,71.257,-0.0019301,70.281,0.016803
1,0.4,3,71.856,0.014502,69.88,0.0089758,71.856,0.014502,69.88,0.0089758
1,0.45,1,71.058,0.18416,71.084,0.06431,71.058,0.18416,71.084,0.06431
1,0.45,2,71.257,-0.0019301,70.281,0.016803,71.257,-0.0019301,70.281,0.016803
1,0.45,3,71.856,0.014502,69.88,0.0089758,71.856,0.014502,69.88,0.0089758
1,0.5,1,71.058,0.18416,71.084,0.06431,71.058,0.18416,71.084,0.06431
1,0.5,2,71.257,-0.0019301,70.281,0.016803,71.257,-0.0019301,70.281,0.016803
1,0.5,3,71.856,0.014502,69.88,0.0089758,71.856,0.014502,69.88,0.0089758
1,0.55,1,71.058,0.18416,71.084,0.06431,71.058,0.18416,71.084,0.06431
1,0.55,2,71.257,-0.0019301,70.281,0.016803,71.257,-0.0019301,70.281,0.016803
1,0.55,3,71.856,0.014502,69.88,0.0089758,71.856,0.014502,69.88,0.0089758
1,0.6,1,71.058,0.18416,71.084,0.06431,71.058,0.18416,71.084,0.06431
1,0.6,2,71.257,-0.0019301,70.281,0.016803,71.257,-0.0019301,70.281,0.016803
1,0.6,3,71.856,0.014502,69.88,0.0089758,71.856,0.014502,69.88,0.0089758
1,0.65,1,71.058,0.18416,71.084,0.06431,71.058,0.18416,71.084,0.06431
1,0.65,2,71.257,-0.0019301,70.281,0.016803,71.257,-0.0019301,70.281,0.016803
1,0.65,3,71.856,0.014502,69.88,0.0089758,71.856,0.014502,69.88,0.0089758
1,0.7,1,71.058,0.18416,71.084,0.06431,71.058,0.18416,71.084,0.06431
1,0.7,2,71.257,-0.0019301,70.281,0.016803,71.257,-0.0019301,70.281,0.016803
1,0.7,3,71.856,0.014502,69.88,0.0089758,71.856,0.014502,69.88,0.0089758
1,0.75,1,71.058,0.18416,71.084,0.06431,71.058,0.18416,71.084,0.06431
1,0.75,2,71.257,-0.0019301,70.281,0.016803,71.257,-0.0019301,70.281,0.016803
1,0.75,3,71.856,0.014502,69.88,0.0089758,71.856,0.014502,69.88,0.0089758
1,0.8,1,71.058,0.18416,71.084,0.06431,71.058,0.18416,71.084,0.06431
1,0.8,2,71.257,-0.0019301,70.281,0.016803,71.257,-0.0019301,70.281,0.016803
1,0.8,3,71.856,0.014502,69.88,0.0089758,71.856,0.014502,69.88,0.0089758
1,0.85,1,71.058,0.18416,71.084,0.06431,71.058,0.18416,71.084,0.06431
1,0.85,2,71.257,-0.0019301,70.281,0.016803,71.257,-0.0019301,70.281,0.016803
1,0.85,3,71.856,0.014502,69.88,0.0089758,71.856,0.014502,69.88,0.0089758
1,0.9,1,71.058,0.18416,71.084,0.06431,71.058,0.18416,71.084,0.06431
1,0.9,2,71.257,-0.0019301,70.281,0.016803,71.257,-0.0019301,70.281,0.016803
1,0.9,3,71.856,0.014502,69.88,0.0089758,71.856,0.014502,69.88,0.0089758
1,75,1,71.058,0.18416,71.084,0.06431,71.058,0.18416,71.084,0.06431
1,75,2,71.257,-0.0019301,70.281,0.016803,71.257,-0.0019301,70.281,0.016803
1,75,3,71.856,0.014502,69.88,0.0089758,71.856,0.014502,69.88,0.0089758
2,0,1,70.06,0.18878,68.675,0.28275,70.06,0,70.281,5.55E-16
2,0,2,70.259,-0.016206,69.478,0.047508,70.259,-0.016206,69.478,0.047508
2,0,3,72.255,0.012572,70.281,0.06431,72.255,0,70.281,0.06431
2,0.01,1,70.06,0.18878,68.675,0.28275,70.06,0,70.281,5.55E-16
2,0.01,2,70.259,-0.016206,69.478,0.047508,70.259,-0.016206,69.478,0.047508
2,0.01,3,72.255,0.012572,70.281,0.06431,72.255,0,70.281,0.06431
2,0.05,1,70.06,0.18878,68.675,0.28275,70.06,0,70.281,5.55E-16
2,0.05,2,70.259,-0.016206,69.478,0.047508,70.259,-0.016206,69.478,0.047508
2,0.05,3,72.255,0.012572,70.281,0.06431,72.255,0.012572,70.281,0.06431
2,0.1,1,70.06,0.18878,68.675,0.28275,70.06,0,70.281,5.55E-16
2,0.1,2,70.259,-0.016206,69.478,0.047508,70.259,-0.016206,69.478,0.047508
2,0.1,3,72.255,0.012572,70.281,0.06431,72.255,0.012572,70.281,0.06431
2,0.15,1,70.06,0.18878,68.675,0.28275,70.06,0,70.281,5.55E-16
2,0.15,2,70.259,-0.016206,69.478,0.047508,70.259,-0.016206,69.478,0.047508
2,0.15,3,72.255,0.012572,70.281,0.06431,72.255,0.012572,70.281,0.06431
2,0.2,1,70.06,0.18878,68.675,0.28275,70.06,0.18878,68.675,0.28275
2,0.2,2,70.259,-0.016206,69.478,0.047508,70.259,-0.016206,69.478,0.047508
2,0.2,3,72.255,0.012572,70.281,0.06431,72.255,0.012572,70.281,0.06431
2,0.25,1,70.06,0.18878,68.675,0.28275,70.06,0.18878,68.675,0.28275
2,0.25,2,70.259,-0.016206,69.478,0.047508,70.259,-0.016206,69.478,0.047508
2,0.25,3,72.255,0.012572,70.281,0.06431,72.255,0.012572,70.281,0.06431
2,0.3,1,70.06,0.18878,68.675,0.28275,70.06,0.18878,68.675,0.28275
2,0.3,2,70.259,-0.016206,69.478,0.047508,70.259,-0.016206,69.478,0.047508
2,0.3,3,72.255,0.012572,70.281,0.06431,72.255,0.012572,70.281,0.06431
2,0.35,1,70.06,0.18878,68.675,0.28275,70.06,0.18878,68.675,0.28275
2,0.35,2,70.259,-0.016206,69.478,0.047508,70.259,-0.016206,69.478,0.047508
2,0.35,3,72.255,0.012572,70.281,0.06431,72.255,0.012572,70.281,0.06431
2,0.4,1,70.06,0.18878,68.675,0.28275,70.06,0.18878,68.675,0.28275
2,0.4,2,70.259,-0.016206,69.478,0.047508,70.259,-0.016206,69.478,0.047508
2,0.4,3,72.255,0.012572,70.281,0.06431,72.255,0.012572,70.281,0.06431
2,0.45,1,70.06,0.18878,68.675,0.28275,70.06,0.18878,68.675,0.28275
2,0.45,2,70.259,-0.016206,69.478,0.047508,70.259,-0.016206,69.478,0.047508
2,0.45,3,72.255,0.012572,70.281,0.06431,72.255,0.012572,70.281,0.06431
2,0.5,1,70.06,0.18878,68.675,0.28275,70.06,0.18878,68.675,0.28275
2,0.5,2,70.259,-0.016206,69.478,0.047508,70.259,-0.016206,69.478,0.047508
2,0.5,3,72.255,0.012572,70.281,0.06431,72.255,0.012572,70.281,0.06431
2,0.55,1,70.06,0.18878,68.675,0.28275,70.06,0.18878,68.675,0.28275
2,0.55,2,70.259,-0.016206,69.478,0.047508,70.259,-0.016206,69.478,0.047508
2,0.55,3,72.255,0.012572,70.281,0.06431,72.255,0.012572,70.281,0.06431
2,0.6,1,70.06,0.18878,68.675,0.28275,70.06,0.18878,68.675,0.28275
2,0.6,2,70.259,-0.016206,69.478,0.047508,70.259,-0.016206,69.478,0.047508
2,0.6,3,72.255,0.012572,70.281,0.06431,72.255,0.012572,70.281,0.06431
2,0.65,1,70.06,0.18878,68.675,0.28275,70.06,0.18878,68.675,0.28275
2,0.65,2,70.259,-0.016206,69.478,0.047508,70.259,-0.016206,69.478,0.047508
2,0.65,3,72.255,0.012572,70.281,0.06431,72.255,0.012572,70.281,0.06431
2,0.7,1,70.06,0.18878,68.675,0.28275,70.06,0.18878,68.675,0.28275
2,0.7,2,70.259,-0.016206,69.478,0.047508,70.259,-0.016206,69.478,0.047508
2,0.7,3,72.255,0.012572,70.281,0.06431,72.255,0.012572,70.281,0.06431
2,0.75,1,70.06,0.18878,68.675,0.28275,70.06,0.18878,68.675,0.28275
2,0.75,2,70.259,-0.016206,69.478,0.047508,70.259,-0.016206,69.478,0.047508
2,0.75,3,72.255,0.012572,70.281,0.06431,72.255,0.012572,70.281,0.06431
2,0.8,1,70.06,0.18878,68.675,0.28275,70.06,0.18878,68.675,0.28275
2,0.8,2,70.259,-0.016206,69.478,0.047508,70.259,-0.016206,69.478,0.047508
2,0.8,3,72.255,0.012572,70.281,0.06431,72.255,0.012572,70.281,0.06431
2,0.85,1,70.06,0.18878,68.675,0.28275,70.06,0.18878,68.675,0.28275
2,0.85,2,70.259,-0.016206,69.478,0.047508,70.259,-0.016206,69.478,0.047508
2,0.85,3,72.255,0.012572,70.281,0.06431,72.255,0.012572,70.281,0.06431
2,0.9,1,70.06,0.18878,68.675,0.28275,70.06,0.18878,68.675,0.28275
2,0.9,2,70.259,-0.016206,69.478,0.047508,70.259,-0.016206,69.478,0.047508
2,0.9,3,72.255,0.012572,70.281,0.06431,72.255,0.012572,70.281,0.06431
2,75,1,70.06,0.18878,68.675,0.28275,70.06,0.18878,68.675,0.28275
2,75,2,70.259,-0.016206,69.478,0.047508,70.259,-0.016206,69.478,0.047508
2,75,3,72.255,0.012572,70.281,0.06431,72.255,0.012572,70.281,0.06431
3,0,1,70.06,-6.66E-16,70.281,5.55E-16,70.06,-6.66E-16,70.281,5.55E-16
3,0,2,71.457,0.0084855,69.478,0.060261,70.659,0,63.454,0.15089
3,0,3,78.044,0.045349,66.265,0.069509,69.461,0,59.839,-0.068419
3,0.01,1,70.06,-6.66E-16,70.281,5.55E-16,70.06,-6.66E-16,70.281,5.55E-16
3,0.01,2,71.457,0.0084855,69.478,0.060261,71.457,0.0084855,69.478,0.060261
3,0.01,3,78.044,0.045349,66.265,0.069509,69.461,0,59.839,-0.068419
3,0.05,1,70.06,-6.66E-16,70.281,5.55E-16,70.06,-6.66E-16,70.281,5.55E-16
3,0.05,2,71.457,0.0084855,69.478,0.060261,71.457,0.0084855,69.478,0.060261
3,0.05,3,78.044,0.045349,66.265,0.069509,78.044,0.045349,66.265,0.069509
3,0.1,1,70.06,-6.66E-16,70.281,5.55E-16,70.06,-6.66E-16,70.281,5.55E-16
3,0.1,2,71.457,0.0084855,69.478,0.060261,71.457,0.0084855,69.478,0.060261
3,0.1,3,78.044,0.045349,66.265,0.069509,78.044,0.045349,66.265,0.069509
3,0.15,1,70.06,-6.66E-16,70.281,5.55E-16,70.06,-6.66E-16,70.281,5.55E-16
3,0.15,2,71.457,0.0084855,69.478,0.060261,71.457,0.0084855,69.478,0.060261
3,0.15,3,78.044,0.045349,66.265,0.069509,78.044,0.045349,66.265,0.069509
3,0.2,1,70.06,-6.66E-16,70.281,5.55E-16,70.06,-6.66E-16,70.281,5.55E-16
3,0.2,2,71.457,0.0084855,69.478,0.060261,71.457,0.0084855,69.478,0.060261
3,0.2,3,78.044,0.045349,66.265,0.069509,78.044,0.045349,66.265,0.069509
3,0.25,1,70.06,-6.66E-16,70.281,5.55E-16,70.06,-6.66E-16,70.281,5.55E-16
3,0.25,2,71.457,0.0084855,69.478,0.060261,71.457,0.0084855,69.478,0.060261
3,0.25,3,78.044,0.045349,66.265,0.069509,78.044,0.045349,66.265,0.069509
3,0.3,1,70.06,-6.66E-16,70.281,5.55E-16,70.06,-6.66E-16,70.281,5.55E-16
3,0.3,2,71.457,0.0084855,69.478,0.060261,71.457,0.0084855,69.478,0.060261
3,0.3,3,78.044,0.045349,66.265,0.069509,78.044,0.045349,66.265,0.069509
3,0.35,1,70.06,-6.66E-16,70.281,5.55E-16,70.06,-6.66E-16,70.281,5.55E-16
3,0.35,2,71.457,0.0084855,69.478,0.060261,71.457,0.0084855,69.478,0.060261
3,0.35,3,78.044,0.045349,66.265,0.069509,78.044,0.045349,66.265,0.069509
3,0.4,1,70.06,-6.66E-16,70.281,5.55E-16,70.06,-6.66E-16,70.281,5.55E-16
3,0.4,2,71.457,0.0084855,69.478,0.060261,71.457,0.0084855,69.478,0.060261
3,0.4,3,78.044,0.045349,66.265,0.069509,78.044,0.045349,66.265,0.069509
3,0.45,1,70.06,-6.66E-16,70.281,5.55E-16,70.06,-6.66E-16,70.281,5.55E-16
3,0.45,2,71.457,0.0084855,69.478,0.060261,71.457,0.0084855,69.478,0.060261
3,0.45,3,78.044,0.045349,66.265,0.069509,78.044,0.045349,66.265,0.069509
3,0.5,1,70.06,-6.66E-16,70.281,5.55E-16,70.06,-6.66E-16,70.281,5.55E-16
3,0.5,2,71.457,0.0084855,69.478,0.060261,71.457,0.0084855,69.478,0.060261
3,0.5,3,78.044,0.045349,66.265,0.069509,78.044,0.045349,66.265,0.069509
3,0.55,1,70.06,-6.66E-16,70.281,5.55E-16,70.06,-6.66E-16,70.281,5.55E-16
3,0.55,2,71.457,0.0084855,69.478,0.060261,71.457,0.0084855,69.478,0.060261
3,0.55,3,78.044,0.045349,66.265,0.069509,78.044,0.045349,66.265,0.069509
3,0.6,1,70.06,-6.66E-16,70.281,5.55E-16,70.06,-6.66E-16,70.281,5.55E-16
3,0.6,2,71.457,0.0084855,69.478,0.060261,71.457,0.0084855,69.478,0.060261
3,0.6,3,78.044,0.045349,66.265,0.069509,78.044,0.045349,66.265,0.069509
3,0.65,1,70.06,-6.66E-16,70.281,5.55E-16,70.06,-6.66E-16,70.281,5.55E-16
3,0.65,2,71.457,0.0084855,69.478,0.060261,71.457,0.0084855,69.478,0.060261
3,0.65,3,78.044,0.045349,66.265,0.069509,78.044,0.045349,66.265,0.069509
3,0.7,1,70.06,-6.66E-16,70.281,5.55E-16,70.06,-6.66E-16,70.281,5.55E-16
3,0.7,2,71.457,0.0084855,69.478,0.060261,71.457,0.0084855,69.478,0.060261
3,0.7,3,78.044,0.045349,66.265,0.069509,78.044,0.045349,66.265,0.069509
3,0.75,1,70.06,-6.66E-16,70.281,5.55E-16,70.06,-6.66E-16,70.281,5.55E-16
3,0.75,2,71.457,0.0084855,69.478,0.060261,71.457,0.0084855,69.478,0.060261
3,0.75,3,78.044,0.045349,66.265,0.069509,78.044,0.045349,66.265,0.069509
3,0.8,1,70.06,-6.66E-16,70.281,5.55E-16,70.06,-6.66E-16,70.281,5.55E-16
3,0.8,2,71.457,0.0084855,69.478,0.060261,71.457,0.0084855,69.478,0.060261
3,0.8,3,78.044,0.045349,66.265,0.069509,78.044,0.045349,66.265,0.069509
3,0.85,1,70.06,-6.66E-16,70.281,5.55E-16,70.06,-6.66E-16,70.281,5.55E-16
3,0.85,2,71.457,0.0084855,69.478,0.060261,71.457,0.0084855,69.478,0.060261
3,0.85,3,78.044,0.045349,66.265,0.069509,78.044,0.045349,66.265,0.069509
3,0.9,1,70.06,-6.66E-16,70.281,5.55E-16,70.06,-6.66E-16,70.281,5.55E-16
3,0.9,2,71.457,0.0084855,69.478,0.060261,71.457,0.0084855,69.478,0.060261
3,0.9,3,78.044,0.045349,66.265,0.069509,78.044,0.045349,66.265,0.069509
3,75,1,70.06,-6.66E-16,70.281,5.55E-16,70.06,-6.66E-16,70.281,5.55E-16
3,75,2,71.457,0.0084855,69.478,0.060261,71.457,0.0084855,69.478,0.060261
3,75,3,78.044,0.045349,66.265,0.069509,78.044,0.045349,66.265,0.069509
4,0,1,71.058,0.19426,71.486,0.19381,70.06,0,70.281,5.55E-16
4,0,2,73.653,0.14757,69.478,0.13382,73.453,0,69.076,-0.026382
4,0,3,75.25,0.11471,69.88,0.054731,73.253,0,70.281,-0.011604
4,0.01,1,71.058,0.19426,71.486,0.19381,70.06,0,70.281,5.55E-16
4,0.01,2,73.653,0.14757,69.478,0.13382,73.453,0,69.076,-0.026382
4,0.01,3,75.25,0.11471,69.88,0.054731,73.253,0,70.281,-0.011604
4,0.05,1,71.058,0.19426,71.486,0.19381,70.06,0,70.281,5.55E-16
4,0.05,2,73.653,0.14757,69.478,0.13382,73.453,0,69.076,-0.026382
4,0.05,3,75.25,0.11471,69.88,0.054731,73.253,0,70.281,-0.011604
4,0.1,1,71.058,0.19426,71.486,0.19381,70.06,0,70.281,5.55E-16
4,0.1,2,73.653,0.14757,69.478,0.13382,73.453,0,69.076,-0.026382
4,0.1,3,75.25,0.11471,69.88,0.054731,75.05,0.083464,71.084,0.069509
4,0.15,1,71.058,0.19426,71.486,0.19381,70.06,0,70.281,5.55E-16
4,0.15,2,73.653,0.14757,69.478,0.13382,73.653,0.14757,69.478,0.13382
4,0.15,3,75.25,0.11471,69.88,0.054731,75.25,0.11471,69.88,0.054731
4,0.2,1,71.058,0.19426,71.486,0.19381,71.058,0.19426,71.486,0.19381
4,0.2,2,73.653,0.14757,69.478,0.13382,73.653,0.14757,69.478,0.13382
4,0.2,3,75.25,0.11471,69.88,0.054731,75.25,0.11471,69.88,0.054731
4,0.25,1,71.058,0.19426,71.486,0.19381,71.058,0.19426,71.486,0.19381
4,0.25,2,73.653,0.14757,69.478,0.13382,73.653,0.14757,69.478,0.13382
4,0.25,3,75.25,0.11471,69.88,0.054731,75.25,0.11471,69.88,0.054731
4,0.3,1,71.058,0.19426,71.486,0.19381,71.058,0.19426,71.486,0.19381
4,0.3,2,73.653,0.14757,69.478,0.13382,73.653,0.14757,69.478,0.13382
4,0.3,3,75.25,0.11471,69.88,0.054731,75.25,0.11471,69.88,0.054731
4,0.35,1,71.058,0.19426,71.486,0.19381,71.058,0.19426,71.486,0.19381
4,0.35,2,73.653,0.14757,69.478,0.13382,73.653,0.14757,69.478,0.13382
4,0.35,3,75.25,0.11471,69.88,0.054731,75.25,0.11471,69.88,0.054731
4,0.4,1,71.058,0.19426,71.486,0.19381,71.058,0.19426,71.486,0.19381
4,0.4,2,73.653,0.14757,69.478,0.13382,73.653,0.14757,69.478,0.13382
4,0.4,3,75.25,0.11471,69.88,0.054731,75.25,0.11471,69.88,0.054731
4,0.45,1,71.058,0.19426,71.486,0.19381,71.058,0.19426,71.486,0.19381
4,0.45,2,73.653,0.14757,69.478,0.13382,73.653,0.14757,69.478,0.13382
4,0.45,3,75.25,0.11471,69.88,0.054731,75.25,0.11471,69.88,0.054731
4,0.5,1,71.058,0.19426,71.486,0.19381,71.058,0.19426,71.486,0.19381
4,0.5,2,73.653,0.14757,69.478,0.13382,73.653,0.14757,69.478,0.13382
4,0.5,3,75.25,0.11471,69.88,0.054731,75.25,0.11471,69.88,0.054731
4,0.55,1,71.058,0.19426,71.486,0.19381,71.058,0.19426,71.486,0.19381
4,0.55,2,73.653,0.14757,69.478,0.13382,73.653,0.14757,69.478,0.13382
4,0.55,3,75.25,0.11471,69.88,0.054731,75.25,0.11471,69.88,0.054731
4,0.6,1,71.058,0.19426,71.486,0.19381,71.058,0.19426,71.486,0.19381
4,0.6,2,73.653,0.14757,69.478,0.13382,73.653,0.14757,69.478,0.13382
4,0.6,3,75.25,0.11471,69.88,0.054731,75.25,0.11471,69.88,0.054731
4,0.65,1,71.058,0.19426,71.486,0.19381,71.058,0.19426,71.486,0.19381
4,0.65,2,73.653,0.14757,69.478,0.13382,73.653,0.14757,69.478,0.13382
4,0.65,3,75.25,0.11471,69.88,0.054731,75.25,0.11471,69.88,0.054731
4,0.7,1,71.058,0.19426,71.486,0.19381,71.058,0.19426,71.486,0.19381
4,0.7,2,73.653,0.14757,69.478,0.13382,73.653,0.14757,69.478,0.13382
4,0.7,3,75.25,0.11471,69.88,0.054731,75.25,0.11471,69.88,0.054731
4,0.75,1,71.058,0.19426,71.486,0.19381,71.058,0.19426,71.486,0.19381
4,0.75,2,73.653,0.14757,69.478,0.13382,73.653,0.14757,69.478,0.13382
4,0.75,3,75.25,0.11471,69.88,0.054731,75.25,0.11471,69.88,0.054731
4,0.8,1,71.058,0.19426,71.486,0.19381,71.058,0.19426,71.486,0.19381
4,0.8,2,73.653,0.14757,69.478,0.13382,73.653,0.14757,69.478,0.13382
4,0.8,3,75.25,0.11471,69.88,0.054731,75.25,0.11471,69.88,0.054731
4,0.85,1,71.058,0.19426,71.486,0.19381,71.058,0.19426,71.486,0.19381
4,0.85,2,73.653,0.14757,69.478,0.13382,73.653,0.14757,69.478,0.13382
4,0.85,3,75.25,0.11471,69.88,0.054731,75.25,0.11471,69.88,0.054731
4,0.9,1,71.058,0.19426,71.486,0.19381,71.058,0.19426,71.486,0.19381
4,0.9,2,73.653,0.14757,69.478,0.13382,73.653,0.14757,69.478,0.13382
4,0.9,3,75.25,0.11471,69.88,0.054731,75.25,0.11471,69.88,0.054731
4,75,1,71.058,0.19426,71.486,0.19381,71.058,0.19426,71.486,0.19381
4,75,2,73.653,0.14757,69.478,0.13382,73.653,0.14757,69.478,0.13382
4,75,3,75.25,0.11471,69.88,0.054731,75.25,0.11471,69.88,0.054731
5,0,1,70.06,0.23839,69.478,0.13847,70.06,0,70.281,5.55E-16
5,0,2,70.659,-0.0074074,71.084,0.016803,70.659,-0.0074074,71.084,0.016803
5,0,3,73.653,0.081899,68.273,0.02167,70.659,0,69.88,-0.048442
5,0.01,1,70.06,0.23839,69.478,0.13847,70.06,0,70.281,5.55E-16
5,0.01,2,70.659,-0.0074074,71.084,0.016803,70.659,-0.0074074,71.084,0.016803
5,0.01,3,73.653,0.081899,68.273,0.02167,70.659,0,69.88,-0.048442
5,0.05,1,70.06,0.23839,69.478,0.13847,70.06,0,70.281,5.55E-16
5,0.05,2,70.659,-0.0074074,71.084,0.016803,70.659,-0.0074074,71.084,0.016803
5,0.05,3,73.653,0.081899,68.273,0.02167,72.854,0.037455,69.076,-0.0078856
5,0.1,1,70.06,0.23839,69.478,0.13847,70.06,0,70.281,5.55E-16
5,0.1,2,70.659,-0.0074074,71.084,0.016803,70.659,-0.0074074,71.084,0.016803
5,0.1,3,73.653,0.081899,68.273,0.02167,73.653,0.081899,68.273,0.02167
5,0.15,1,70.06,0.23839,69.478,0.13847,70.06,0,70.281,5.55E-16
5,0.15,2,70.659,-0.0074074,71.084,0.016803,70.659,-0.0074074,71.084,0.016803
5,0.15,3,73.653,0.081899,68.273,0.02167,73.653,0.081899,68.273,0.02167
5,0.2,1,70.06,0.23839,69.478,0.13847,70.06,0,70.281,5.55E-16
5,0.2,2,70.659,-0.0074074,71.084,0.016803,70.659,-0.0074074,71.084,0.016803
5,0.2,3,73.653,0.081899,68.273,0.02167,73.653,0.081899,68.273,0.02167
5,0.25,1,70.06,0.23839,69.478,0.13847,70.06,0.23839,69.478,0.13847
5,0.25,2,70.659,-0.0074074,71.084,0.016803,70.659,-0.0074074,71.084,0.016803
5,0.25,3,73.653,0.081899,68.273,0.02167,73.653,0.081899,68.273,0.02167
5,0.3,1,70.06,0.23839,69.478,0.13847,70.06,0.23839,69.478,0.13847
5,0.3,2,70.659,-0.0074074,71.084,0.016803,70.659,-0.0074074,71.084,0.016803
5,0.3,3,73.653,0.081899,68.273,0.02167,73.653,0.081899,68.273,0.02167
5,0.35,1,70.06,0.23839,69.478,0.13847,70.06,0.23839,69.478,0.13847
5,0.35,2,70.659,-0.0074074,71.084,0.016803,70.659,-0.0074074,71.084,0.016803
5,0.35,3,73.653,0.081899,68.273,0.02167,73.653,0.081899,68.273,0.02167
5,0.4,1,70.06,0.23839,69.478,0.13847,70.06,0.23839,69.478,0.13847
5,0.4,2,70.659,-0.0074074,71.084,0.016803,70.659,-0.0074074,71.084,0.016803
5,0.4,3,73.653,0.081899,68.273,0.02167,73.653,0.081899,68.273,0.02167
5,0.45,1,70.06,0.23839,69.478,0.13847,70.06,0.23839,69.478,0.13847
5,0.45,2,70.659,-0.0074074,71.084,0.016803,70.659,-0.0074074,71.084,0.016803
5,0.45,3,73.653,0.081899,68.273,0.02167,73.653,0.081899,68.273,0.02167
5,0.5,1,70.06,0.23839,69.478,0.13847,70.06,0.23839,69.478,0.13847
5,0.5,2,70.659,-0.0074074,71.084,0.016803,70.659,-0.0074074,71.084,0.016803
5,0.5,3,73.653,0.081899,68.273,0.02167,73.653,0.081899,68.273,0.02167
5,0.55,1,70.06,0.23839,69.478,0.13847,70.06,0.23839,69.478,0.13847
5,0.55,2,70.659,-0.0074074,71.084,0.016803,70.659,-0.0074074,71.084,0.016803
5,0.55,3,73.653,0.081899,68.273,0.02167,73.653,0.081899,68.273,0.02167
5,0.6,1,70.06,0.23839,69.478,0.13847,70.06,0.23839,69.478,0.13847
5,0.6,2,70.659,-0.0074074,71.084,0.016803,70.659,-0.0074074,71.084,0.016803
5,0.6,3,73.653,0.081899,68.273,0.02167,73.653,0.081899,68.273,0.02167
5,0.65,1,70.06,0.23839,69.478,0.13847,70.06,0.23839,69.478,0.13847
5,0.65,2,70.659,-0.0074074,71.084,0.016803,70.659,-0.0074074,71.084,0.016803
5,0.65,3,73.653,0.081899,68.273,0.02167,73.653,0.081899,68.273,0.02167
5,0.7,1,70.06,0.23839,69.478,0.13847,70.06,0.23839,69.478,0.13847
5,0.7,2,70.659,-0.0074074,71.084,0.016803,70.659,-0.0074074,71.084,0.016803
5,0.7,3,73.653,0.081899,68.273,0.02167,73.653,0.081899,68.273,0.02167
5,0.75,1,70.06,0.23839,69.478,0.13847,70.06,0.23839,69.478,0.13847
5,0.75,2,70.659,-0.0074074,71.084,0.016803,70.659,-0.0074074,71.084,0.016803
5,0.75,3,73.653,0.081899,68.273,0.02167,73.653,0.081899,68.273,0.02167
5,0.8,1,70.06,0.23839,69.478,0.13847,70.06,0.23839,69.478,0.13847
5,0.8,2,70.659,-0.0074074,71.084,0.016803,70.659,-0.0074074,71.084,0.016803
5,0.8,3,73.653,0.081899,68.273,0.02167,73.653,0.081899,68.273,0.02167
5,0.85,1,70.06,0.23839,69.478,0.13847,70.06,0.23839,69.478,0.13847
5,0.85,2,70.659,-0.0074074,71.084,0.016803,70.659,-0.0074074,71.084,0.016803
5,0.85,3,73.653,0.081899,68.273,0.02167,73.653,0.081899,68.273,0.02167
5,0.9,1,70.06,0.23839,69.478,0.13847,70.06,0.23839,69.478,0.13847
5,0.9,2,70.659,-0.0074074,71.084,0.016803,70.659,-0.0074074,71.084,0.016803
5,0.9,3,73.653,0.081899,68.273,0.02167,73.653,0.081899,68.273,0.02167
5,75,1,70.06,0.23839,69.478,0.13847,70.06,0.23839,69.478,0.13847
5,75,2,70.659,-0.0074074,71.084,0.016803,70.659,-0.0074074,71.084,0.016803
5,75,3,73.653,0.081899,68.273,0.02167,73.653,0.081899,68.273,0.02167