,chek_acc,month_duration,credit_history,purpose,Credit_amo,saving_amo,present_employmment,instalrate,p_status,guatan,present_resident,property,age,installment,Housing,existing_cards,job,no_people,telephn,foreign_worker,target
211,4,4,3,5,3,5,5,1,2,1,3,1,2,3,2,1,2,1,2,1,2
435,2,1,3,5,2,5,3,1,4,1,1,1,1,3,2,1,3,1,2,1,1
69,4,4,3,5,3,5,3,3,2,1,3,3,1,3,2,1,3,1,1,1,2
668,1,1,5,1,4,1,5,2,3,2,3,2,2,3,1,2,3,1,2,1,1
994,4,1,3,1,3,5,5,3,3,1,2,3,2,3,2,1,3,1,2,1,2
82,4,2,3,10,2,2,3,2,2,1,3,2,1,3,1,1,2,1,1,1,2
300,4,1,3,1,1,1,1,1,2,1,3,1,2,3,2,1,1,1,2,1,2
239,1,4,3,5,3,1,5,1,3,3,2,2,2,3,2,1,3,2,1,1,2
481,2,3,3,1,1,1,2,3,3,1,1,2,2,3,2,1,3,1,1,1,2
712,4,3,3,2,3,5,5,3,3,1,3,1,2,3,2,1,4,1,2,1,2
204,4,1,5,1,2,1,5,3,3,1,1,1,2,3,2,2,2,2,1,1,2
124,2,2,3,4,2,5,2,3,2,1,2,1,2,3,1,1,3,1,1,1,1
20,4,1,5,1,2,1,3,3,3,1,3,3,2,3,2,3,3,1,2,1,2
779,2,2,3,7,3,1,1,1,2,1,3,3,2,3,2,1,3,1,2,1,2
332,2,4,3,1,4,2,2,3,2,1,1,2,1,3,2,1,4,1,1,1,1
476,4,4,3,2,3,3,3,3,3,1,3,3,1,3,2,1,3,1,1,1,2
626,3,1,3,4,2,1,3,1,3,1,1,1,2,3,2,1,3,1,2,1,2
330,1,3,5,2,4,1,1,1,3,1,3,4,2,3,3,2,4,1,2,1,2
763,4,3,5,1,4,5,5,3,3,1,3,4,2,3,3,1,4,1,2,1,1
5,4,4,3,8,4,5,3,1,3,1,3,4,2,3,3,1,2,2,2,1,2
517,4,4,5,4,4,1,2,1,2,1,3,2,1,3,1,2,3,1,2,1,1
571,4,4,5,5,4,1,4,2,3,2,1,3,2,3,2,1,3,1,1,1,2
282,3,2,2,5,2,5,4,3,3,1,3,3,2,1,2,1,2,1,1,1,2
215,2,1,5,9,1,5,4,1,2,1,2,2,2,3,2,2,2,1,1,1,2
935,2,4,4,5,2,2,2,3,3,1,2,4,2,2,2,2,4,1,1,1,1
251,3,1,3,4,2,1,3,1,2,1,1,3,2,3,2,1,2,1,1,1,2
374,2,4,2,3,4,2,5,2,2,1,3,4,2,1,3,2,4,1,2,1,1
568,2,4,3,5,4,5,4,3,3,1,1,3,2,3,2,2,3,2,2,1,2
428,4,1,3,4,1,1,5,1,3,1,3,3,1,3,2,1,3,1,1,1,2
607,2,4,3,5,3,2,3,3,2,2,3,4,2,3,3,1,3,1,1,1,1
273,2,4,3,5,3,1,4,3,3,1,3,1,2,3,2,2,3,1,1,1,1
54,2,4,4,1,2,1,5,3,3,1,3,4,2,1,3,2,3,1,2,1,1
17,1,4,1,10,4,5,2,1,3,1,2,3,1,1,2,3,3,1,1,1,2
265,2,2,3,5,1,1,5,3,3,1,2,3,2,3,2,1,3,2,1,1,1
286,1,4,3,2,4,1,4,3,3,1,2,2,2,3,2,1,3,2,1,1,2
158,2,3,3,1,3,2,4,1,3,1,2,3,2,1,2,2,3,1,2,1,2
931,2,1,3,5,2,1,2,3,2,1,1,3,1,3,2,1,3,1,2,1,1
166,1,2,3,4,1,1,1,3,2,1,1,3,2,3,2,1,3,1,1,1,1
851,4,3,5,2,4,5,4,2,3,1,3,2,2,3,2,2,3,1,2,1,2
735,2,4,2,6,4,5,2,2,2,1,1,4,2,1,2,1,1,1,1,1,2
214,4,4,5,5,3,5,5,3,3,1,1,3,2,3,2,1,3,1,2,1,2
178,4,1,3,5,2,1,4,3,3,1,1,3,2,3,1,2,4,2,2,1,2
447,2,1,3,5,3,1,3,1,3,3,1,1,2,3,2,1,3,1,1,1,2
141,2,4,3,5,4,1,2,3,2,1,1,4,2,3,2,1,4,1,2,1,2
553,2,1,5,1,2,2,2,3,3,1,1,3,2,3,2,1,3,1,1,1,2
243,4,1,5,10,1,1,3,2,2,1,1,1,2,3,2,2,3,1,1,1,2
152,3,4,3,5,4,1,3,3,3,1,1,3,1,3,2,1,3,1,1,1,2
687,2,4,4,1,3,2,5,3,3,1,2,4,2,3,3,1,3,1,1,1,2
780,2,4,5,5,4,1,4,1,3,3,1,1,1,3,2,2,3,1,1,1,1
372,4,1,5,4,2,1,2,1,2,1,2,1,1,3,1,2,3,1,1,1,2
477,3,3,3,5,4,1,4,3,3,1,1,3,1,1,2,1,3,1,1,1,2
342,2,2,3,5,3,3,2,1,4,1,2,1,1,3,1,1,3,1,1,1,2
119,2,1,5,1,3,3,4,2,1,1,2,3,2,3,2,1,4,1,2,1,2
995,4,1,3,4,2,1,4,2,2,1,3,1,2,3,2,1,2,1,1,1,2
184,2,2,5,1,1,1,5,3,3,1,3,3,2,1,2,1,3,2,2,1,1
681,4,1,3,5,2,5,3,3,3,1,3,4,2,3,3,1,3,1,2,1,2
95,2,4,1,10,4,1,2,2,3,1,3,4,2,3,1,1,3,1,2,1,1
591,2,3,4,1,2,5,3,3,2,1,3,3,2,3,1,2,3,1,2,1,2
951,1,4,4,10,2,1,4,1,3,1,1,3,1,3,2,2,3,1,2,1,1
157,1,1,2,9,1,1,5,3,4,1,1,3,2,1,2,1,2,1,1,1,2
685,4,4,3,1,4,5,3,3,3,1,3,4,2,3,3,1,3,2,2,1,2
736,2,3,3,2,4,1,3,1,2,1,3,3,1,3,1,2,4,1,1,1,1
694,4,3,3,5,2,1,4,3,3,1,1,3,2,3,2,1,3,1,2,1,2
969,1,1,5,1,3,1,3,1,3,1,1,1,2,3,2,2,2,2,1,1,2
168,4,3,3,4,3,1,4,1,2,1,3,2,1,3,1,1,3,1,2,1,2
28,2,1,3,5,3,1,3,2,3,3,1,1,2,3,2,1,3,1,1,1,2
734,4,1,5,1,3,1,4,1,2,1,1,1,2,3,2,1,3,2,1,1,2
246,4,1,5,5,1,1,5,3,3,1,3,1,2,3,2,3,3,1,1,1,2
611,3,1,3,1,1,2,5,1,2,1,3,4,2,3,3,1,2,2,1,1,1
443,4,1,3,8,1,1,5,3,3,1,3,3,2,1,2,1,2,2,1,1,1
303,1,1,5,1,1,1,4,3,3,2,2,2,2,3,2,2,3,1,2,1,2
861,4,2,4,10,2,1,3,3,4,1,1,3,2,3,2,1,3,1,2,1,1
782,2,1,1,9,2,1,3,1,3,1,1,1,2,3,2,1,2,1,2,1,2
383,3,1,3,1,1,1,2,3,3,1,1,1,2,3,2,1,3,1,1,1,2
878,1,1,3,1,2,1,2,2,3,1,1,4,2,3,3,1,4,1,2,1,1
778,4,4,5,2,4,4,5,3,3,1,1,3,2,3,2,2,4,1,2,1,2
621,4,2,5,1,2,1,3,2,3,1,1,2,2,1,2,2,3,1,1,1,1
770,1,3,3,2,3,5,5,1,2,1,3,1,2,3,1,1,3,1,1,1,2
70,4,4,3,2,4,1,3,1,2,1,1,2,2,1,2,1,3,1,1,1,2
785,2,2,3,10,2,4,3,3,3,1,1,2,2,3,2,1,2,1,2,1,2
67,2,1,3,1,1,4,3,3,4,1,1,1,1,3,2,1,3,1,1,1,2
222,4,1,3,5,1,1,3,3,3,1,1,1,2,1,2,2,3,1,1,1,2
904,4,3,3,5,1,1,5,3,3,1,1,1,2,3,2,1,4,1,2,1,2
635,4,1,3,8,2,1,5,3,3,1,3,2,2,1,2,3,3,2,2,1,2
557,4,3,1,1,4,5,3,1,2,1,3,2,2,1,2,2,3,1,2,1,1
979,2,2,2,1,1,2,3,1,4,1,1,2,1,3,1,1,3,1,1,1,1
528,1,4,3,5,2,1,3,3,1,1,3,3,2,3,1,1,3,1,1,1,1
116,1,4,3,5,4,5,4,3,2,1,2,3,2,3,2,1,4,1,2,1,1
880,4,3,3,2,4,1,4,2,3,1,2,3,2,3,2,1,4,1,2,1,2
733,4,3,3,2,3,4,3,1,2,1,3,3,2,3,1,1,3,1,2,1,2
91,1,1,5,2,2,1,5,3,3,1,2,1,2,3,2,1,3,1,1,1,2
367,1,2,3,4,3,1,2,1,2,1,3,3,1,3,1,1,3,1,1,1,2
589,1,1,5,4,2,1,5,2,3,1,2,2,2,3,2,2,3,1,1,1,1
720,3,1,1,5,1,1,2,3,3,1,1,3,2,3,2,2,4,1,2,1,1
579,4,3,3,9,1,1,2,3,4,1,2,3,2,3,2,2,2,1,1,1,2
6,4,3,3,4,3,3,5,2,3,1,3,2,2,3,2,1,3,1,1,1,2
545,1,3,4,1,1,1,1,3,3,1,1,1,2,3,3,2,3,2,1,1,1
743,1,3,2,4,3,3,3,3,3,1,3,1,1,2,2,1,3,1,2,1,2
238,4,1,5,5,1,1,3,3,2,1,1,2,2,3,2,2,3,1,1,1,2
53,4,2,3,2,3,5,3,1,3,1,1,2,2,3,2,1,3,1,2,1,2
857,4,2,5,4,3,1,3,3,3,1,1,4,2,3,3,1,3,1,2,1,2
656,2,1,3,1,1,1,5,3,3,1,3,3,2,1,2,1,2,2,1,1,1
719,2,3,1,2,4,2,5,2,4,1,3,3,2,1,2,2,3,1,2,1,2
509,4,4,3,2,4,2,5,3,3,1,1,3,2,3,2,1,4,1,2,1,2
221,1,1,3,8,1,5,3,3,2,1,3,2,1,1,1,1,3,1,2,1,2
411,4,4,5,2,4,1,4,2,3,1,1,3,2,3,2,2,4,1,2,1,2
840,1,4,3,4,4,1,4,3,3,1,1,2,2,3,2,1,3,1,1,1,1
346,2,2,5,5,1,1,2,3,3,3,3,1,1,3,2,2,3,1,1,1,2
376,4,2,4,5,3,1,1,1,4,1,2,1,2,3,2,2,3,1,1,1,2
174,1,3,4,8,3,1,2,1,3,1,1,2,2,3,2,2,3,1,1,1,1
700,4,1,3,4,1,3,3,3,2,1,3,3,2,3,1,1,2,1,1,1,1
530,2,4,3,8,2,1,4,2,3,1,1,3,2,3,2,2,3,2,1,1,2
121,4,3,5,2,3,1,5,3,2,1,1,3,2,3,1,2,4,1,2,1,2
729,3,3,5,10,1,4,3,1,1,1,3,1,2,3,2,2,3,1,2,1,2
652,1,3,3,1,2,1,5,3,3,2,1,1,2,3,2,1,3,1,1,1,1
618,2,4,3,4,3,2,3,1,2,2,3,3,1,3,1,1,3,1,1,1,1
51,2,4,4,2,4,1,5,1,3,1,1,3,2,3,2,2,4,1,2,1,2
230,3,4,3,5,4,1,3,3,3,1,1,3,2,3,2,1,3,1,1,1,1
677,2,4,3,5,4,2,3,1,4,1,1,3,1,3,2,1,3,1,1,1,1
439,3,1,2,10,1,1,2,3,2,1,1,1,2,3,2,1,1,1,1,1,1
636,4,3,3,5,2,3,4,3,2,1,1,3,2,3,2,1,3,1,1,1,2
433,4,3,5,7,2,1,3,3,1,1,1,1,2,3,2,2,3,1,2,1,2
761,1,2,5,4,2,1,3,3,2,1,3,1,1,3,1,2,3,1,1,1,1
732,2,1,3,5,1,1,4,3,2,3,1,1,2,3,2,1,2,1,1,1,2
973,1,4,3,10,4,1,5,3,3,2,3,4,2,3,1,1,3,1,1,1,1
975,3,3,3,5,1,3,3,2,2,1,2,3,2,3,2,1,2,1,1,1,2
452,4,1,1,4,3,1,5,1,3,1,3,2,2,3,2,2,3,1,1,1,2
507,2,2,2,1,4,2,1,1,3,1,1,2,2,3,2,1,4,2,2,1,1
897,4,1,5,4,2,4,4,2,2,1,1,2,2,3,2,1,3,1,1,2,2
838,1,3,5,2,3,1,5,3,3,1,3,2,2,3,2,2,3,1,2,1,2
630,1,3,3,5,3,1,3,1,2,1,3,3,2,3,2,1,3,1,1,1,2
784,2,3,3,2,4,5,1,1,1,1,3,1,2,3,2,1,4,1,2,1,2
895,4,4,4,2,4,5,4,2,3,1,1,3,2,2,2,1,4,2,2,1,2
792,4,1,5,4,1,5,3,1,4,1,1,2,2,3,2,2,3,1,1,1,2
872,1,3,5,10,2,2,4,3,3,1,1,1,2,3,2,2,3,1,2,1,2
368,1,4,3,4,3,1,5,3,3,1,1,3,2,3,2,1,3,2,1,1,1
19,4,3,3,5,3,3,5,2,3,1,1,3,2,3,2,1,3,2,2,1,2
413,4,1,3,1,2,3,3,2,3,1,1,4,2,3,1,1,2,2,1,2,2
216,1,2,1,10,3,1,4,2,3,1,1,2,2,1,2,1,3,1,2,1,2
412,4,1,5,10,2,1,1,3,3,1,1,3,2,2,2,2,4,1,2,1,1
36,4,4,5,8,4,1,3,1,3,1,2,4,2,1,3,1,3,1,2,1,2
9,2,4,5,1,4,1,1,3,4,1,1,3,2,3,2,2,4,1,1,1,1
13,1,3,5,1,1,1,5,3,3,1,3,3,2,3,2,2,2,1,1,1,1
622,4,4,3,10,3,5,3,3,1,1,1,1,2,1,2,1,3,1,1,1,1
804,2,1,3,1,4,5,1,1,2,1,1,1,1,3,1,1,1,1,1,1,2
948,4,2,3,4,2,1,2,3,4,2,1,2,2,3,2,1,2,2,1,1,1
574,2,1,3,5,1,1,5,3,3,1,3,3,2,3,2,2,2,1,1,1,2
832,1,4,1,10,4,1,5,1,3,1,3,3,2,3,1,2,3,1,1,1,1
295,2,4,3,4,4,1,2,1,2,1,1,3,2,3,2,1,3,1,2,1,1
362,3,1,4,1,2,1,3,1,2,1,1,3,2,2,2,2,3,1,2,1,2
371,4,2,5,5,4,1,5,2,3,1,3,3,2,3,2,2,3,1,2,1,2
326,4,1,5,4,4,5,5,1,3,1,3,2,2,3,1,1,3,1,2,1,2
223,4,3,4,10,3,5,3,3,3,1,3,1,2,3,2,2,3,2,2,1,2
117,1,1,5,4,2,5,2,1,2,2,2,1,2,3,1,2,3,1,1,2,2
248,3,3,3,4,2,1,3,1,3,1,1,1,2,3,2,1,3,1,1,1,2
81,4,2,3,5,1,3,5,3,3,1,2,2,2,2,2,1,3,1,2,1,2
456,1,1,5,1,3,1,3,1,3,1,1,1,2,3,1,2,3,2,1,1,2
218,1,3,3,4,3,1,3,1,1,1,1,1,1,3,1,1,2,1,1,1,2
518,1,1,3,1,1,2,5,2,3,1,1,2,2,3,2,1,3,1,2,1,2
725,4,1,5,1,1,4,3,1,2,1,1,1,2,1,2,2,2,1,1,1,2
639,1,4,4,5,4,1,4,2,3,1,1,2,2,1,2,2,3,2,2,1,1
873,4,2,3,6,1,5,2,3,2,1,1,1,1,3,2,1,3,1,1,1,2
275,4,1,3,5,3,1,3,1,3,1,1,1,2,3,2,1,3,2,1,1,2
394,4,1,5,4,3,1,1,1,3,1,2,3,2,3,2,1,4,1,1,1,2
161,4,2,5,1,1,1,2,3,2,1,1,2,2,3,2,2,3,1,1,1,2
159,4,1,5,5,2,5,3,1,3,1,1,1,2,3,2,2,2,2,1,1,2
430,4,1,3,10,3,1,4,1,3,1,3,1,2,3,2,1,2,1,1,1,2
671,4,4,3,10,4,2,4,1,3,1,1,3,2,3,2,2,3,1,2,1,2
39,2,1,3,5,1,1,3,3,3,1,2,1,1,3,2,1,3,1,1,1,2
406,4,3,5,2,2,5,4,3,3,1,3,3,2,3,2,2,3,2,2,1,2
745,1,2,5,10,2,1,2,2,3,1,1,2,2,1,2,2,2,1,1,1,2
482,1,4,3,4,3,4,5,3,2,1,3,2,2,3,1,2,3,1,2,1,2
385,4,2,5,5,2,1,3,1,2,1,1,3,1,3,2,2,3,1,1,1,2
888,4,4,5,1,4,1,5,3,3,1,3,3,2,3,2,2,4,1,2,1,2
746,1,2,3,1,3,1,1,1,2,1,3,3,1,3,1,1,3,1,1,1,2
593,2,3,3,1,3,1,3,2,2,1,3,2,1,3,1,1,2,1,2,1,1
335,1,1,5,4,3,1,3,1,1,1,3,1,2,3,1,1,4,1,2,1,1
378,2,4,3,1,4,1,5,3,3,1,1,4,2,3,3,1,4,1,2,1,1
858,1,2,3,1,3,1,3,2,2,1,1,2,2,3,2,1,3,1,2,1,1
828,1,4,3,2,4,5,5,2,3,1,3,4,2,3,3,1,3,1,1,1,1
768,2,1,5,4,3,1,5,1,3,1,3,3,2,3,1,3,3,1,2,1,2
805,1,4,3,1,4,1,4,1,3,1,1,3,1,3,2,1,3,1,2,1,1
384,4,4,4,10,4,2,3,1,3,1,1,2,2,3,2,2,2,1,1,1,2
235,1,3,3,5,2,1,1,3,3,1,1,3,2,2,2,1,4,2,1,1,1
883,4,2,5,5,1,1,1,3,2,1,3,3,2,3,2,2,1,1,1,1,2
535,3,3,5,8,2,1,2,1,1,1,1,3,2,3,1,1,3,1,1,1,1
270,4,2,3,1,3,5,4,3,3,1,2,2,2,3,2,1,3,1,1,2,2
601,2,1,3,4,1,1,3,3,2,1,1,2,2,3,2,1,3,1,1,1,1
474,2,2,5,5,1,1,3,3,4,1,1,3,2,3,2,1,3,1,1,1,1
106,4,2,2,1,4,1,5,1,3,1,3,4,2,1,2,2,4,2,2,1,1
85,4,1,5,10,2,1,3,3,2,3,1,1,2,3,2,2,4,1,2,1,2
890,1,4,5,10,3,1,5,3,3,1,3,3,2,2,2,4,4,2,2,1,2
47,1,1,3,2,1,3,1,1,2,1,1,2,1,3,1,1,1,1,2,1,2
862,1,3,3,5,3,1,2,3,2,1,3,1,2,3,2,1,3,1,2,1,1
358,4,1,3,5,1,1,3,3,4,1,1,1,2,3,2,1,3,1,1,1,2
495,1,3,3,4,3,5,3,1,4,1,3,3,1,3,2,1,3,1,1,1,1
250,1,1,5,1,1,4,4,2,2,1,3,1,2,3,2,2,2,1,2,1,2
722,1,1,3,1,1,1,3,3,2,1,1,1,1,3,2,1,2,1,1,1,1
737,1,2,3,1,4,2,3,2,3,1,3,3,2,3,2,1,2,2,2,1,2
512,3,2,3,10,3,1,4,1,3,1,3,2,2,3,1,1,3,1,2,1,2
855,4,3,3,1,2,2,2,3,4,1,2,1,2,3,2,1,3,1,2,1,2
829,2,4,4,10,4,5,3,3,3,1,3,4,2,3,3,1,3,2,2,1,2
648,3,3,3,1,1,1,4,3,3,1,2,4,2,1,3,1,3,2,1,1,1
608,4,2,3,5,2,1,2,3,3,1,1,1,2,3,2,1,3,1,1,1,2
953,4,4,3,4,4,1,1,3,2,1,1,3,2,3,2,2,4,1,2,1,1
354,4,1,3,8,1,3,5,3,3,1,3,4,2,3,3,1,3,1,2,1,2
470,2,3,3,5,3,2,2,2,4,1,1,3,1,3,1,1,3,1,2,1,1
424,2,1,3,4,3,5,5,1,2,1,1,2,1,1,2,1,3,1,2,1,1
525,2,4,3,2,4,1,2,1,3,1,2,3,2,3,2,2,3,1,1,1,2
425,2,2,3,2,3,1,3,1,4,1,2,3,1,3,1,1,3,1,2,1,2
884,2,3,3,4,4,1,4,2,1,1,2,3,2,3,2,1,3,1,2,1,1
661,1,1,3,1,1,5,3,3,4,1,1,3,1,3,2,1,3,1,1,1,1
364,1,2,3,4,3,1,1,3,3,1,1,3,1,3,2,1,1,1,1,1,1
288,2,1,3,5,1,1,3,3,2,3,3,1,2,3,2,2,3,1,2,1,2
577,4,3,5,8,2,5,3,2,2,1,1,3,2,3,2,2,3,1,2,1,2
537,2,2,5,4,3,1,5,2,2,1,3,2,2,3,2,1,3,1,2,1,2
63,2,4,1,10,4,1,3,1,3,1,1,3,1,3,2,1,3,1,2,1,1
313,2,1,3,1,1,1,4,1,4,1,2,3,1,1,2,1,2,1,1,1,1
156,1,1,5,7,1,2,5,2,3,3,3,1,2,3,2,2,3,2,1,2,2
908,4,2,4,2,3,1,2,1,2,1,1,2,2,3,2,2,2,1,1,1,2
978,4,3,4,1,3,1,5,3,3,1,3,3,2,3,2,2,2,2,1,1,1
867,4,1,5,4,3,1,5,1,3,1,3,2,2,2,2,1,3,1,1,1,2
65,4,4,3,7,4,5,5,3,3,1,3,2,2,3,2,4,3,2,2,1,2
392,1,4,3,1,3,1,4,1,3,1,3,4,2,1,3,1,4,2,2,1,2
229,1,3,3,4,3,1,2,3,3,1,1,4,1,1,3,1,3,1,1,1,2
679,4,2,3,5,2,1,2,2,2,1,1,1,2,3,2,1,3,1,1,1,2
267,4,3,3,5,2,1,2,3,2,1,2,3,2,2,2,1,3,1,2,1,2
52,4,1,3,5,1,1,3,2,3,1,1,3,1,3,2,1,3,1,1,1,2
701,1,4,5,2,4,1,5,3,3,1,3,4,2,3,3,2,3,1,2,1,1
397,1,4,5,4,3,1,3,2,4,1,1,2,2,3,2,2,3,1,2,1,2
865,4,2,3,4,2,3,3,1,2,1,3,3,1,3,1,1,3,1,1,1,2
442,2,3,4,3,3,1,3,1,3,1,2,3,2,1,2,2,3,1,2,1,2
665,4,3,5,3,4,1,1,3,3,2,1,4,2,1,2,2,4,1,2,1,2
417,1,2,4,8,4,5,3,1,2,1,1,3,1,3,1,2,3,1,2,1,2
836,4,1,3,5,1,5,3,3,2,1,1,3,1,3,2,1,3,1,1,1,2
129,1,1,5,1,3,1,3,2,2,2,1,1,2,3,2,2,3,1,1,1,1
640,1,2,3,8,1,1,1,3,2,1,1,1,2,3,2,1,1,1,1,1,1
483,4,2,4,4,1,4,4,2,2,1,1,2,2,3,2,2,3,1,1,1,2
940,4,1,3,1,3,5,2,1,3,1,2,2,2,3,2,1,4,2,2,1,2
453,4,3,3,2,3,1,5,3,3,1,3,3,2,3,2,1,4,1,2,1,2
922,1,1,3,5,2,1,2,2,2,1,3,2,1,3,1,1,3,1,1,1,1
348,4,1,4,10,2,2,3,1,3,1,1,1,2,3,2,2,2,1,1,1,2
584,4,1,3,1,2,5,5,3,2,1,3,4,2,3,3,1,4,1,2,1,2
434,1,1,3,4,2,1,3,2,3,1,1,1,1,3,2,1,3,1,1,1,2
90,4,1,5,5,1,1,5,3,3,1,3,1,2,3,2,1,3,1,1,1,2
816,4,1,3,6,1,3,3,1,1,1,3,1,2,3,2,1,3,1,1,1,2
968,4,4,3,5,4,5,4,1,4,1,3,2,2,3,1,1,3,1,2,1,2
750,1,1,3,4,1,1,5,1,2,1,1,2,2,1,2,1,3,1,2,1,2
257,1,1,2,5,2,1,3,3,1,1,1,4,2,3,3,1,3,1,1,1,1
616,2,4,4,5,4,5,3,1,3,1,1,4,2,3,3,1,4,1,1,1,2
473,4,1,3,9,1,5,1,3,3,1,3,2,2,3,2,1,4,2,2,1,2
974,4,4,5,5,3,1,3,3,2,1,1,3,2,3,2,1,3,1,2,1,2
360,2,2,3,8,1,5,3,3,3,1,3,4,2,3,3,1,3,1,1,1,2
21,1,1,3,5,3,3,3,1,3,1,2,1,2,3,1,1,3,2,1,1,2
118,1,4,5,4,4,3,3,1,2,1,3,3,1,3,2,2,3,1,1,1,1
612,1,3,3,5,3,4,2,3,2,1,1,3,2,1,2,1,3,1,1,1,2
189,2,2,1,4,3,1,3,1,2,1,3,3,2,1,2,2,3,1,2,1,2
333,4,4,5,2,4,2,3,1,2,1,3,3,1,1,1,2,2,1,1,1,1
353,1,1,1,5,4,1,3,3,3,1,1,2,2,3,1,2,3,1,2,1,1
427,4,2,5,5,1,4,3,3,3,1,2,1,2,3,2,2,3,1,1,1,2
984,4,3,5,4,2,1,4,1,3,1,1,2,2,3,2,2,2,1,1,1,2
153,2,3,5,2,4,4,5,1,2,1,3,4,2,3,1,1,3,1,1,1,2
224,4,2,3,2,4,1,3,2,3,1,1,3,2,3,2,1,3,1,2,1,2
510,1,1,3,1,1,1,4,3,3,1,1,1,2,3,2,1,3,1,1,1,1
365,4,1,3,10,2,1,4,1,3,1,3,3,2,3,2,1,3,1,2,1,2
766,1,4,3,4,3,1,2,1,1,1,3,2,2,3,2,1,2,1,1,1,1
419,2,2,3,1,1,5,3,3,2,1,1,2,2,3,2,1,3,1,1,1,1
754,4,1,4,7,2,4,5,3,3,1,3,4,2,3,3,2,3,2,1,1,1
122,4,1,3,4,2,1,3,2,3,1,1,1,1,3,1,1,2,1,1,1,2
598,4,2,5,1,3,1,4,1,3,1,1,2,2,1,2,2,3,1,1,1,1
842,4,2,3,7,2,1,2,3,2,1,3,1,1,3,2,1,3,1,1,1,1
182,1,3,2,1,2,5,3,3,3,1,1,2,2,3,2,2,2,2,1,1,1
269,4,3,3,5,1,5,5,3,3,1,1,3,1,3,2,2,3,1,1,1,2
76,1,4,3,5,3,1,2,3,3,1,2,3,2,3,2,1,3,1,1,1,1
448,3,1,3,4,2,5,5,2,2,1,3,1,2,3,2,1,4,1,2,1,2
580,2,2,5,1,1,1,5,2,3,3,2,1,2,1,2,2,3,1,1,1,1
813,1,4,3,6,3,1,3,2,3,1,3,3,2,3,2,1,3,1,1,1,1
939,4,3,5,2,4,5,3,1,3,1,3,2,2,3,2,2,4,2,2,1,2
744,1,4,5,4,4,5,4,3,3,1,3,2,2,3,2,2,4,1,2,1,2
912,2,4,3,5,3,5,5,1,2,1,3,3,1,3,2,1,3,1,1,1,2
585,1,2,3,4,2,1,3,1,2,1,3,1,1,1,1,1,3,1,1,1,1
126,1,1,3,5,1,1,3,3,4,1,1,1,2,3,2,1,2,1,1,1,2
401,2,2,5,10,2,5,3,3,4,1,3,1,2,1,2,2,3,1,1,1,2
892,1,1,5,1,2,1,3,3,3,1,3,2,2,1,2,2,2,1,1,2,2
916,4,1,3,2,3,2,3,1,3,2,1,1,2,3,2,1,3,2,1,1,2
699,3,2,3,8,2,1,5,3,3,1,3,3,2,3,1,1,4,1,2,1,2
479,1,2,5,4,2,1,5,3,3,1,3,3,2,3,2,2,3,2,2,1,2
431,2,3,3,3,4,1,3,1,3,2,2,3,2,1,2,2,4,1,2,1,1
757,3,2,5,5,1,5,3,2,3,1,3,4,2,3,3,2,3,1,2,1,1
478,2,1,3,10,1,2,4,2,3,1,3,1,2,3,2,1,2,1,1,1,2
177,1,1,5,5,1,3,5,3,3,1,3,3,2,3,2,2,3,1,1,1,2
480,2,1,5,5,3,1,3,1,2,1,1,1,1,3,2,1,2,1,1,1,2
664,3,1,5,8,1,1,3,1,2,1,3,2,2,3,2,1,2,1,1,1,2
496,2,4,3,4,4,2,2,3,3,2,1,4,2,3,1,1,4,1,2,1,1
977,2,2,4,10,3,5,5,3,3,1,1,2,2,3,2,2,3,1,1,1,2
660,3,1,3,5,1,1,3,2,4,1,3,1,1,3,1,1,3,1,1,1,2
208,1,3,3,10,4,1,3,1,4,1,1,3,1,2,2,1,2,1,1,1,2
650,1,4,3,8,4,1,4,3,3,1,1,4,2,3,3,1,4,1,2,1,2
199,2,2,4,4,4,1,5,3,1,1,2,4,2,3,2,1,4,1,2,1,1
573,1,2,3,10,1,1,3,3,2,1,3,2,1,3,2,1,2,1,1,1,2
505,4,1,3,1,1,5,3,3,3,3,3,2,2,3,2,1,2,1,1,1,1
617,1,1,5,1,3,1,3,1,3,1,2,1,2,3,1,3,3,2,1,1,2
749,4,2,3,2,3,1,4,1,3,1,1,3,2,3,2,1,3,1,1,1,2
524,2,2,3,5,1,1,3,3,2,3,3,1,2,3,2,1,2,2,1,1,2
263,4,1,5,8,3,1,5,1,2,1,3,4,2,1,3,3,2,1,1,1,2
418,4,3,3,1,3,3,4,1,2,1,1,3,2,1,2,1,4,1,1,1,2
244,4,1,2,9,3,3,3,3,2,1,2,1,2,3,2,1,2,2,1,1,2
898,4,2,3,4,2,5,4,1,2,1,3,1,2,1,1,1,2,1,1,1,2
708,2,1,3,5,1,1,5,3,2,1,3,1,1,3,2,1,3,1,1,1,2
205,1,4,5,2,4,1,5,2,3,1,3,4,2,3,3,3,4,2,2,1,2
806,2,1,3,5,1,1,2,2,4,1,2,1,2,3,2,1,2,1,1,2,2
292,1,3,5,2,4,1,5,1,2,1,3,4,2,3,3,2,4,2,2,1,2
324,4,2,5,1,1,1,3,3,2,1,2,1,2,3,2,2,3,1,1,1,2
154,2,3,4,10,4,2,4,3,3,1,3,3,2,3,1,1,4,1,2,1,2
921,4,4,4,5,4,3,4,3,3,1,1,3,2,3,2,1,4,1,2,1,2
227,1,1,3,4,4,1,5,3,3,1,3,4,2,3,3,1,4,1,2,1,1
958,1,4,3,1,4,1,3,2,3,1,1,3,2,3,2,1,2,1,1,1,1
50,2,3,4,4,3,5,2,3,3,1,1,2,2,1,2,1,2,1,1,1,2
673,4,1,5,1,2,3,3,1,4,1,1,3,1,3,2,1,3,1,1,1,2
513,2,1,4,5,1,1,3,3,4,2,3,1,1,3,1,2,3,1,1,1,2
906,1,3,3,1,3,5,4,1,3,2,1,1,1,3,2,1,2,1,1,2,2
715,4,4,5,2,4,5,5,1,3,1,3,3,2,3,2,2,3,1,1,1,2
128,2,1,5,2,2,1,1,3,3,1,1,3,2,3,2,2,4,1,2,1,2
751,1,2,3,1,1,1,2,1,2,1,1,3,1,3,2,1,2,1,1,1,1
471,1,1,3,8,1,1,2,3,2,1,3,2,1,3,2,1,3,1,1,1,1
206,4,1,5,4,2,1,5,3,3,1,3,1,2,3,2,3,3,1,2,1,2
388,2,2,5,10,3,3,3,1,3,1,3,3,2,1,2,1,3,1,1,1,2
145,2,4,2,10,3,2,4,3,3,1,1,3,2,3,2,1,3,1,1,1,2
520,4,3,5,7,4,1,5,2,3,1,3,4,2,3,3,2,3,1,1,1,2
547,4,3,3,5,2,1,4,2,3,1,1,3,2,1,2,1,3,2,1,1,2
343,2,2,3,10,4,1,5,1,3,2,1,1,2,1,2,1,4,1,2,1,2
490,4,1,5,5,2,1,5,1,3,1,1,4,2,3,2,2,3,1,1,1,2
849,1,1,3,5,1,1,5,3,3,1,3,1,2,2,2,1,2,1,1,1,1
73,2,4,5,10,4,1,4,1,2,1,1,1,2,1,2,2,2,1,1,1,2
549,4,4,5,2,4,5,4,1,3,1,1,4,2,3,3,2,3,1,2,1,2
786,4,3,3,5,3,3,5,2,3,1,3,3,2,3,2,1,3,1,1,1,2
752,2,1,3,10,1,2,4,1,2,1,3,1,1,3,1,1,2,1,1,1,2
278,4,1,3,4,4,1,2,1,2,1,3,2,2,3,2,1,3,1,1,1,1
658,2,4,1,10,4,1,3,1,2,1,1,3,2,3,2,2,3,1,1,1,2
349,2,1,5,8,1,4,5,3,3,1,2,4,2,3,3,2,3,2,1,1,1
98,2,4,5,5,3,1,5,3,3,1,3,1,2,3,2,1,3,1,1,1,2
462,2,1,3,4,3,1,2,2,2,1,1,1,2,3,1,1,4,1,1,1,2
773,4,3,5,5,2,2,5,3,3,1,3,2,2,1,2,2,3,1,1,1,2
775,1,3,3,1,2,5,3,3,2,1,3,1,1,3,1,1,3,1,1,1,1
713,1,1,5,5,1,1,3,3,3,1,3,1,1,3,2,2,2,1,1,1,2
615,2,4,1,10,4,5,3,1,3,1,1,3,2,1,2,1,4,1,2,1,2
111,3,2,3,8,1,1,2,3,2,1,3,2,1,3,1,1,3,1,2,1,2
826,1,2,5,1,3,1,5,1,2,1,3,1,2,1,1,3,3,1,2,1,1
848,1,1,3,5,1,1,4,2,3,1,3,1,2,3,2,1,3,1,1,1,2
753,4,4,5,5,4,1,4,3,2,1,1,3,1,3,2,2,3,1,1,1,2
808,2,4,2,2,4,1,1,1,3,1,1,4,2,1,3,1,4,1,2,1,2
899,1,2,3,4,4,1,3,1,3,2,2,3,2,3,2,1,3,1,1,1,1
375,1,4,2,10,4,1,4,1,2,3,3,3,2,3,1,1,3,1,1,1,1
877,4,4,3,5,3,1,5,3,3,1,1,3,2,3,2,1,3,1,1,1,2
310,2,4,3,3,4,5,1,2,3,1,3,4,2,1,3,1,1,1,2,1,2
686,3,1,5,5,1,5,4,3,3,1,1,2,2,3,2,2,3,1,2,1,2
504,1,3,3,1,1,1,2,3,2,1,3,2,1,3,1,1,3,1,1,1,1
999,2,4,5,2,4,2,1,2,3,1,3,3,2,3,2,1,3,1,1,1,2
355,2,3,3,1,1,1,2,3,3,1,1,1,1,2,2,1,2,1,1,1,1
633,4,1,3,4,2,1,2,1,2,2,1,3,1,3,1,2,3,1,1,1,1
759,1,1,5,1,1,1,5,3,3,1,2,2,2,3,2,2,3,1,1,1,1
646,1,4,1,4,4,1,3,1,1,3,1,1,2,3,2,2,3,1,1,1,2
11,1,4,3,10,4,1,2,2,2,1,3,2,1,3,1,1,3,1,1,1,1
105,2,3,5,3,4,1,3,1,3,2,2,3,2,3,2,2,4,2,2,1,1
923,2,1,3,1,2,1,4,2,3,1,3,2,2,3,1,1,3,2,2,1,2
647,4,1,3,1,2,3,3,1,2,1,1,2,2,3,2,1,3,1,1,1,1
363,4,1,3,4,2,1,3,1,4,1,1,2,1,3,1,1,3,1,1,1,2
551,4,1,2,5,2,3,5,1,3,1,3,2,2,1,2,1,2,2,1,1,2
837,4,1,3,4,1,1,2,1,2,1,2,1,1,3,1,1,2,2,1,1,2
604,3,1,3,4,1,1,2,3,2,1,1,2,1,3,2,1,3,1,1,1,2
212,1,4,1,10,4,1,1,1,3,1,3,2,2,2,2,2,3,1,2,1,1
515,1,1,5,1,1,1,4,3,2,1,2,2,2,3,2,2,3,1,1,2,2
501,1,4,3,2,4,1,5,1,3,1,3,4,2,3,3,1,3,2,1,1,2
344,3,1,3,1,3,1,2,1,3,3,1,2,2,3,2,1,2,2,1,1,2
290,4,1,3,10,1,1,3,1,4,1,1,1,2,3,2,1,3,1,2,2,2
396,1,1,3,4,3,1,1,2,2,1,3,4,2,3,3,1,4,1,1,1,2
588,1,2,3,6,1,1,3,3,4,1,2,1,2,3,2,1,2,1,2,1,1
464,4,2,3,10,2,1,4,3,3,1,1,3,2,2,2,2,3,1,2,1,2
896,1,3,3,5,3,1,2,3,2,1,3,2,2,3,1,1,4,1,2,1,2
653,2,4,4,1,4,2,5,1,3,1,3,3,2,3,2,4,4,1,2,1,1
472,1,1,3,1,1,1,3,3,3,1,2,3,2,3,2,1,2,1,1,1,1
970,2,2,3,7,2,2,3,3,3,3,1,1,1,3,2,1,3,1,1,1,2
491,2,4,1,10,4,1,5,1,2,1,3,4,2,3,3,2,4,1,2,1,1
171,4,1,3,4,1,1,3,3,2,1,1,1,2,3,2,1,3,1,2,1,2
920,4,2,5,4,2,1,3,3,2,1,1,4,2,3,2,2,3,1,1,1,2
521,1,2,3,5,3,1,3,1,2,1,1,1,1,3,2,1,3,1,1,1,1
422,2,1,5,1,1,1,4,1,3,1,2,1,2,3,2,2,2,2,1,1,2
169,2,3,5,10,2,1,5,3,1,1,3,1,2,3,2,2,3,1,2,1,1
610,1,1,3,6,1,2,1,3,2,1,2,2,1,3,2,1,3,1,1,1,1
982,3,3,3,1,3,2,3,1,2,1,1,3,2,1,2,1,4,1,2,1,2
789,1,4,5,8,4,1,3,3,3,1,2,4,2,1,2,1,3,1,2,1,1
702,3,3,3,5,2,2,5,3,2,1,1,4,2,3,3,1,3,1,2,1,2
728,2,4,2,10,4,1,5,3,2,1,2,4,2,3,1,1,3,1,1,1,1
697,4,1,5,1,1,1,1,1,2,1,1,2,2,3,2,1,1,1,1,1,2
620,2,3,5,10,3,1,4,1,3,1,2,2,2,3,2,2,3,1,1,1,2
185,4,2,5,5,1,1,3,3,3,1,1,2,2,3,2,2,3,1,1,1,2
493,2,1,3,5,1,5,5,3,3,1,3,2,2,3,2,1,3,1,1,1,2
325,1,1,5,1,3,1,4,1,3,1,3,1,2,3,2,2,2,1,1,2,2
819,1,2,3,5,1,1,3,3,4,1,2,1,2,1,2,1,3,1,1,1,1
533,4,3,3,5,1,2,4,3,4,1,2,2,2,3,2,1,3,1,2,1,2
280,4,2,5,2,3,4,5,2,3,1,3,4,1,3,1,2,3,1,2,1,2
889,4,4,2,2,4,5,2,2,3,3,3,1,2,1,1,2,3,2,2,1,2
680,4,1,3,8,2,1,2,1,2,1,1,4,2,3,2,1,3,1,1,1,2
33,4,1,5,10,1,5,5,3,3,1,3,4,2,3,1,1,2,1,1,1,2
321,1,3,3,5,2,1,2,3,1,1,2,2,2,3,2,1,3,1,1,1,1
318,4,1,5,8,1,1,3,3,3,1,1,3,2,3,2,2,3,1,1,1,2
514,4,3,3,1,2,5,2,3,3,1,1,2,2,3,2,1,3,1,1,1,2
381,2,2,3,2,4,1,1,2,2,1,3,4,2,3,3,1,4,1,2,1,1
558,1,3,2,4,3,1,4,2,3,1,3,3,2,1,2,1,3,1,1,1,1
334,1,3,1,4,4,1,5,2,3,1,3,4,1,1,1,2,3,2,1,1,1
917,1,1,3,1,4,1,5,1,3,1,3,4,2,1,2,1,4,1,2,1,1
581,2,1,5,1,3,1,2,1,3,1,2,1,2,1,2,2,2,2,1,1,2
875,2,1,5,1,1,4,3,3,2,1,3,3,2,3,2,2,3,1,1,1,2
165,4,1,3,4,3,3,3,1,3,1,1,3,2,3,2,1,3,1,2,1,2
84,1,1,3,5,2,1,5,2,3,1,3,1,2,3,2,1,2,1,1,1,2
173,2,1,3,5,2,1,3,3,3,3,1,1,2,3,2,1,3,1,1,2,2
582,4,1,3,4,2,1,3,3,2,1,1,1,2,3,1,1,3,1,1,1,2
795,4,1,3,4,2,2,2,1,2,1,3,2,1,3,1,1,3,1,1,1,2
151,4,1,3,5,2,1,3,1,3,1,3,2,2,3,2,1,3,1,2,2,2
311,4,3,3,4,4,2,3,3,3,1,1,3,1,2,2,1,3,1,1,1,2
274,1,4,3,7,4,1,2,1,1,1,1,4,2,3,2,1,2,1,2,1,1
810,2,1,3,10,1,1,2,2,4,1,1,1,2,3,2,1,3,1,2,1,2
704,2,4,3,10,3,1,2,3,2,1,1,2,2,3,2,1,3,2,2,1,2
247,4,1,1,1,1,2,3,3,3,1,1,4,2,1,1,1,3,1,1,2,2
16,4,3,5,5,3,5,5,3,3,1,3,2,2,3,2,2,3,1,1,1,2
852,4,2,5,5,2,1,3,3,3,1,3,4,2,3,3,2,3,1,2,1,2
8,4,1,3,5,3,4,4,1,1,1,3,1,2,3,2,1,2,1,1,1,2
181,2,4,4,10,4,1,3,1,1,1,1,1,2,2,2,2,4,1,2,1,1
876,1,2,2,5,2,1,2,2,3,2,3,4,2,1,3,1,4,1,2,1,2
676,4,3,5,4,4,1,5,3,3,1,3,3,2,3,2,1,3,1,2,1,2
7,2,4,3,2,4,1,3,1,3,1,1,3,2,3,1,1,4,1,2,1,2
497,4,3,5,4,2,1,4,3,3,1,2,2,2,3,2,2,3,1,1,1,2
983,1,4,3,2,4,1,3,1,3,1,1,2,2,3,2,1,3,2,1,1,1
296,4,1,3,2,4,5,2,1,2,1,3,3,1,3,1,1,3,1,1,1,2
711,1,1,2,8,1,1,5,3,2,1,3,4,2,3,3,1,3,1,1,1,1
200,4,1,5,8,1,3,5,3,3,1,1,3,2,3,2,2,3,1,2,1,2
950,2,2,5,10,3,1,1,2,4,1,2,3,2,3,2,3,1,2,2,1,2
595,2,1,2,1,1,2,2,1,2,1,1,2,2,2,2,1,2,1,1,1,1
137,2,1,3,5,1,3,3,3,3,1,2,1,2,3,2,1,2,1,1,1,1
322,1,3,3,2,3,1,4,1,3,1,1,4,2,3,3,1,4,1,2,1,2
487,4,3,3,1,3,1,5,3,2,2,3,4,2,3,3,1,3,1,2,1,2
803,4,1,5,5,1,5,5,3,3,1,3,3,2,3,2,2,3,1,1,1,2
150,4,1,3,5,1,2,5,1,3,1,3,4,2,1,3,1,3,2,2,1,2
277,1,1,3,4,1,5,5,1,1,1,3,2,2,3,2,1,2,1,2,1,2
563,2,4,3,1,4,5,3,1,3,1,3,4,2,3,3,1,3,1,2,1,1
594,1,3,2,3,1,5,5,3,3,1,2,3,2,2,2,1,4,1,2,1,1
596,1,3,3,1,2,1,4,3,2,1,3,3,1,3,1,2,3,1,1,1,1
78,4,4,1,2,4,5,3,1,3,1,1,2,2,3,2,1,2,2,1,1,2
856,4,1,3,9,1,5,4,3,2,1,2,2,2,3,2,1,3,1,2,1,2
415,4,4,5,2,4,1,5,1,3,1,1,2,2,3,2,2,3,2,2,1,2
409,3,1,5,1,1,3,4,3,4,1,1,1,2,3,2,3,3,1,2,1,1
859,4,1,3,1,3,2,3,1,3,3,1,1,2,3,1,1,3,2,1,2,2
769,4,1,5,5,2,1,5,1,3,1,3,1,2,3,2,2,2,1,2,1,2
99,2,3,4,2,4,5,4,2,3,1,3,2,2,1,1,2,4,2,2,1,2
306,4,4,3,2,4,5,4,1,2,1,3,2,1,2,1,1,2,1,1,1,2
965,2,4,3,5,2,5,3,3,2,1,1,3,2,3,2,1,3,1,1,1,2
542,1,4,3,4,4,5,5,3,3,1,3,2,2,3,2,1,3,1,1,1,1
869,1,1,3,4,1,1,5,3,2,1,3,2,1,3,1,1,3,1,1,1,2
526,4,2,5,8,2,2,3,3,2,1,2,3,2,3,2,1,3,1,1,1,2
312,3,3,3,4,3,1,2,1,2,1,3,3,2,3,2,1,3,1,1,1,2
707,2,1,1,4,3,1,2,3,2,1,2,2,1,3,1,2,3,1,1,1,1
331,4,2,5,8,2,2,3,3,2,1,1,1,2,3,2,2,3,1,1,1,1
843,4,3,2,10,2,1,4,3,3,1,3,3,2,1,2,1,3,1,2,1,2
405,2,3,3,5,2,1,2,1,4,1,1,2,1,3,2,1,3,1,2,1,1
449,2,2,4,7,2,4,3,2,4,1,2,2,2,2,2,2,3,1,1,1,1
690,1,2,5,4,1,1,3,1,1,1,2,2,1,3,2,2,3,1,1,1,2
900,1,2,5,1,3,1,5,1,3,3,3,2,2,1,1,1,3,1,2,1,1
475,1,2,1,4,3,1,2,1,2,1,3,2,2,3,1,1,3,1,1,1,1
918,1,3,3,4,3,2,1,1,1,1,1,2,2,3,2,1,3,1,1,1,1
846,4,2,3,1,4,5,3,1,3,1,3,3,2,3,1,2,3,1,1,1,1
748,4,3,3,2,4,5,3,1,3,1,2,3,2,3,2,1,3,1,1,1,2
988,1,3,3,2,4,1,1,3,3,1,1,4,2,3,3,1,4,1,2,1,2
416,1,1,3,1,3,1,2,3,3,1,1,1,2,3,2,1,2,2,1,1,1
469,4,3,4,2,4,1,4,2,3,1,2,3,2,3,2,2,2,1,2,1,2
570,1,3,3,4,3,1,2,3,2,1,3,1,1,3,1,1,2,1,2,1,1
913,4,1,3,10,2,4,5,1,1,1,1,1,2,3,2,1,3,1,2,1,2
26,4,1,1,5,1,1,5,3,4,1,3,3,2,3,2,1,2,1,1,1,2
891,4,2,5,5,2,1,5,3,3,1,3,3,2,3,2,2,3,1,2,1,2
436,4,1,3,7,1,3,4,1,4,1,3,1,1,3,1,1,2,1,1,1,2
764,4,3,5,1,3,2,4,3,4,1,2,2,2,3,2,2,3,1,2,1,2
323,1,2,3,4,3,4,3,3,3,1,1,3,2,3,2,1,3,1,1,1,2
944,1,2,3,4,2,1,2,3,2,3,1,2,2,3,1,1,3,1,1,1,2
148,1,4,5,4,4,1,3,2,3,3,1,2,2,3,2,2,3,1,1,1,2
926,1,2,5,4,1,1,2,3,2,1,3,2,1,3,1,1,3,1,1,1,2
262,1,2,5,1,4,1,5,1,3,1,3,4,2,3,3,3,4,1,2,1,2
219,4,1,3,1,1,1,3,1,2,1,3,3,2,3,2,1,3,1,2,1,2
395,2,4,4,8,4,2,4,1,3,1,2,4,2,3,1,1,3,1,2,1,2
308,2,1,3,4,1,1,3,2,2,1,3,1,1,3,2,1,3,1,1,1,1
345,4,2,5,5,2,1,3,3,2,1,1,3,2,3,2,1,2,1,1,1,2
399,4,3,5,5,2,4,3,3,2,1,1,1,2,3,2,2,2,1,1,1,2
919,1,3,3,4,3,1,5,3,3,1,1,2,2,3,1,1,4,1,2,1,1
329,2,1,3,5,1,1,5,3,3,1,3,3,2,3,2,1,3,2,1,1,2
455,4,3,3,2,3,1,2,3,2,1,1,4,2,3,2,1,4,1,2,1,2
693,1,1,5,1,4,5,2,1,3,1,2,1,2,3,2,2,2,2,1,1,2
96,4,1,5,8,2,5,4,3,2,1,1,3,2,3,2,1,3,1,1,1,2
468,4,4,4,10,3,1,3,1,2,1,1,3,2,3,2,2,3,1,2,1,2
962,4,2,3,1,3,5,3,2,3,1,1,4,2,3,2,1,3,1,1,1,2
373,4,4,5,1,4,5,5,1,3,1,3,4,2,1,3,1,4,1,2,1,2
717,4,2,3,5,2,1,3,3,3,1,1,4,2,3,3,1,4,1,2,1,2
328,3,4,3,5,4,1,5,3,3,1,1,3,2,3,2,1,3,1,1,1,2
907,2,4,3,8,3,5,3,1,4,1,1,3,2,3,2,1,3,1,1,1,2
964,2,1,3,7,1,1,2,2,4,1,1,2,1,3,2,1,2,1,1,1,2
600,2,1,3,5,3,1,2,1,2,3,1,1,2,3,2,1,3,1,1,1,2
58,3,2,3,1,2,1,5,2,2,1,1,3,1,3,2,1,4,1,1,1,2
544,4,1,5,1,1,1,5,3,3,1,3,1,2,3,2,2,2,1,1,1,2
459,4,2,3,5,4,1,2,2,3,1,1,3,2,3,2,1,3,1,2,1,2
123,3,1,5,1,1,1,5,3,3,1,3,4,2,3,3,2,3,1,2,1,2
79,2,4,3,4,3,1,2,1,4,1,1,2,1,3,2,1,3,1,1,1,2
261,1,3,3,5,2,1,5,3,2,1,3,3,2,3,2,1,3,1,1,1,2
492,4,1,5,5,1,2,3,1,2,1,1,2,2,3,2,2,3,1,1,1,2
981,4,4,3,10,4,1,1,2,3,1,1,3,2,1,1,1,4,1,2,1,1
245,4,3,3,10,1,1,4,3,3,1,1,1,1,3,2,1,3,1,2,1,2
281,4,1,3,4,2,1,3,3,3,1,1,1,2,3,2,1,3,1,1,1,2
49,4,1,3,5,2,2,3,3,2,2,1,1,2,3,2,1,3,1,1,1,2
176,1,1,3,4,3,1,3,1,1,1,1,3,2,3,2,1,3,1,1,1,2
232,4,1,3,5,2,2,4,2,3,1,1,4,2,3,2,1,3,1,1,1,2
190,4,3,3,10,4,4,3,1,3,1,2,2,2,3,2,3,4,1,2,1,1
966,2,4,5,5,3,3,3,3,3,1,1,2,1,3,2,2,2,1,1,1,1
12,2,1,3,5,2,1,3,1,2,1,1,3,1,3,2,1,3,1,2,1,2
559,2,2,5,4,2,1,2,1,3,1,1,1,2,3,2,2,2,1,1,1,1
945,2,4,1,1,4,3,2,1,2,1,1,3,2,3,2,2,3,1,1,1,2
32,2,2,3,1,4,2,3,1,3,1,1,3,2,3,2,2,3,1,2,1,2
901,4,3,5,1,3,5,2,1,1,1,3,1,2,3,2,2,3,1,2,1,2
237,2,3,3,10,3,2,5,3,1,1,1,3,2,1,1,2,2,1,1,1,1
337,1,2,3,6,1,5,3,3,2,1,1,3,1,3,1,1,3,1,1,1,1
564,2,3,4,10,4,5,3,3,3,1,1,2,2,1,2,2,4,1,2,1,2
160,4,3,5,5,3,2,5,2,3,1,3,1,2,3,2,1,3,2,2,1,2
682,4,2,4,5,2,1,3,3,4,1,2,1,2,1,2,2,3,1,1,1,2
56,2,1,3,5,4,5,1,1,3,1,1,4,2,3,2,1,4,1,2,1,1
240,1,3,3,1,1,5,5,3,2,1,1,3,2,1,2,1,3,1,1,1,1
393,1,1,5,5,2,1,4,1,2,1,3,3,2,3,2,1,3,1,1,1,2
271,4,1,5,4,2,3,4,2,2,1,3,3,2,3,1,1,3,1,2,1,2
357,4,4,4,5,4,1,3,3,3,1,1,3,2,3,2,2,4,1,2,1,1
914,1,3,2,10,3,1,3,3,3,1,1,2,2,3,1,1,3,1,2,1,1
454,1,3,3,1,4,1,4,1,3,2,2,2,2,3,2,1,3,1,2,1,1
583,2,4,3,7,3,1,2,3,3,1,1,4,2,3,1,1,2,1,1,1,1
429,1,2,5,7,1,1,1,1,2,1,3,4,2,3,3,3,1,2,1,1,1
66,4,1,3,5,2,1,2,1,2,1,1,3,2,1,2,1,3,1,1,1,2
359,1,4,3,4,3,1,4,3,2,1,3,1,1,3,1,1,3,1,1,1,1
46,4,4,3,5,2,3,5,3,3,1,3,3,2,3,2,1,3,1,1,1,2
259,4,1,5,5,1,2,1,3,2,1,3,1,2,3,2,3,2,1,1,1,2
441,1,1,3,4,2,1,3,1,2,2,2,2,2,3,2,1,3,1,1,1,2
590,1,1,5,5,1,1,4,3,2,1,2,1,2,3,2,4,2,1,2,1,2
64,4,3,3,5,3,1,2,3,2,1,3,2,2,3,2,1,3,1,2,1,2
252,2,4,3,1,2,1,3,3,2,3,1,4,1,1,2,1,3,1,1,1,1
432,1,1,5,4,2,1,1,3,3,1,3,4,2,3,3,3,4,1,2,1,2
458,1,1,3,6,1,1,2,3,2,1,1,1,2,3,2,1,3,1,1,1,2
202,4,4,4,10,4,1,4,2,3,1,3,3,2,3,2,2,3,1,1,1,2
772,4,3,5,2,3,1,5,1,3,1,3,3,2,3,2,1,4,1,2,1,2
760,4,2,5,1,4,5,5,1,2,1,3,3,2,3,2,1,3,1,2,1,2
882,2,4,5,1,2,5,5,3,3,1,3,1,2,3,2,2,3,1,1,1,2
136,4,4,4,2,4,4,3,1,3,1,1,3,2,3,2,2,3,1,1,1,2
298,4,2,3,4,3,1,3,2,3,1,3,1,2,3,2,1,3,1,2,1,2
101,2,4,3,5,3,1,4,3,3,1,3,3,1,3,1,1,3,1,1,1,2
599,4,3,4,10,3,1,3,1,3,1,1,4,2,3,3,1,3,1,1,1,2
175,4,4,2,2,4,5,1,3,2,1,1,1,2,1,2,1,4,1,2,1,1
986,3,4,1,10,4,1,2,1,1,1,1,2,2,3,2,2,3,1,1,1,2
602,2,3,2,8,2,1,4,3,2,1,3,4,2,1,3,1,2,1,1,1,1
220,2,1,3,5,1,1,2,3,4,3,1,1,2,1,2,1,2,1,1,1,2
742,4,3,3,5,3,5,5,3,3,1,2,2,2,3,2,1,3,1,2,1,2
226,2,4,3,5,4,4,4,1,3,2,1,4,2,1,2,2,3,1,2,1,1
625,4,2,3,5,2,5,5,3,3,1,1,3,2,3,2,1,3,1,1,1,2
457,1,1,3,2,3,1,5,2,3,1,3,4,2,3,3,1,3,1,2,1,1
932,4,1,5,1,1,1,3,2,3,1,1,1,2,3,2,2,3,1,1,1,2
567,4,3,5,5,3,4,5,1,3,1,1,3,2,3,2,1,3,1,1,1,2
217,3,4,3,5,3,1,3,1,3,1,1,1,1,3,2,1,3,1,2,1,2
560,1,3,3,2,3,5,5,3,3,1,3,4,2,1,3,1,3,2,2,1,2
29,1,4,4,10,4,1,5,2,3,1,3,4,2,3,2,2,3,1,2,1,1
283,4,2,5,4,2,5,5,3,3,1,3,2,2,3,2,1,3,1,1,1,2
10,2,1,3,1,1,1,2,2,2,1,1,3,1,3,1,1,3,1,1,1,1
382,4,3,3,1,1,5,4,3,2,1,3,2,1,3,1,1,3,1,1,1,2
506,3,2,5,2,3,3,3,1,3,1,1,3,2,3,2,1,3,1,2,1,2
356,4,1,5,5,3,5,5,1,3,2,3,1,2,3,2,1,3,1,2,1,2
976,2,1,3,5,1,1,3,1,2,3,2,1,2,3,2,1,3,1,1,1,2
494,1,1,5,1,2,1,3,2,3,1,1,1,2,3,1,2,2,2,1,2,2
724,4,4,3,1,3,1,3,2,2,1,2,1,1,3,1,1,3,1,1,1,1
624,1,2,3,5,3,1,3,3,3,1,3,4,2,3,3,2,3,1,1,1,1
287,2,4,4,3,4,2,1,1,3,1,3,4,2,3,3,1,4,1,2,1,2
463,2,1,3,9,1,5,5,3,3,1,3,2,2,3,2,2,3,1,1,1,2
403,4,2,4,1,1,1,3,3,3,1,1,3,2,3,2,2,2,1,1,1,2
540,2,1,3,5,2,1,2,1,4,1,1,1,1,3,1,1,3,1,1,1,1
771,1,4,5,8,4,1,3,2,2,1,1,4,1,3,2,2,4,1,2,1,1
910,4,4,4,5,4,1,3,3,2,1,3,1,2,3,2,2,3,1,1,1,2
657,4,4,3,5,4,5,4,3,3,1,2,3,2,2,2,1,3,1,2,1,2
643,4,3,5,5,2,1,4,3,4,3,1,3,2,3,2,2,3,1,2,1,2
2,4,1,5,8,2,1,4,1,3,1,2,1,2,3,2,1,2,2,1,1,2
818,1,4,3,3,4,1,1,1,1,2,2,3,2,3,2,1,4,1,1,1,2
706,2,4,3,1,4,2,4,2,3,1,1,2,1,3,2,1,3,1,1,1,1
488,4,1,3,1,2,2,3,2,3,1,1,1,2,3,1,1,2,1,1,2,2
991,4,2,2,5,2,2,5,3,3,1,3,3,2,1,2,1,2,2,1,1,2
186,2,1,2,2,4,1,5,1,2,1,3,4,2,1,3,1,4,2,2,1,1
249,4,2,3,5,1,1,1,2,2,2,3,1,1,3,1,1,3,1,1,1,1
1,2,4,3,5,4,1,3,1,2,1,1,1,1,3,2,1,3,1,1,1,1
446,1,4,3,1,2,1,2,3,2,1,3,3,2,3,2,1,3,1,2,1,1
758,4,3,3,1,2,1,3,1,3,3,1,1,2,3,2,1,3,1,2,1,2
139,3,1,3,5,2,1,3,1,2,1,1,3,2,3,1,1,2,1,2,1,2
319,1,2,4,4,3,1,5,1,2,1,3,2,2,3,2,2,2,1,1,1,2
823,1,1,5,1,1,1,5,3,3,1,3,1,2,3,2,2,2,1,1,1,2
827,4,2,1,10,4,1,3,1,3,1,1,3,2,2,2,2,3,2,1,1,1
284,2,3,5,1,3,2,2,3,1,1,1,3,2,3,2,1,3,1,2,1,2
144,4,3,5,4,2,1,2,3,2,1,3,2,1,3,2,1,3,1,2,1,2
164,4,4,3,1,1,3,5,3,3,1,3,2,2,3,2,1,3,1,1,1,2
716,4,4,5,5,3,5,5,2,3,1,1,3,2,3,2,2,3,2,2,1,2
120,1,3,3,5,2,1,3,2,2,1,1,1,1,3,2,2,3,1,2,1,1
72,1,1,5,3,1,1,5,2,3,1,3,4,2,1,3,2,4,2,2,1,2
130,2,4,3,1,4,5,4,1,2,1,1,3,1,3,2,1,3,1,1,1,2
138,2,2,5,5,3,5,4,3,3,3,1,1,2,1,2,3,3,1,2,1,2
996,1,4,3,2,3,1,3,3,1,1,3,2,2,3,2,1,4,1,2,1,2
569,1,4,3,5,4,1,3,2,2,1,1,3,2,3,2,1,3,1,2,1,1
146,1,1,5,1,1,1,5,1,2,1,3,4,2,3,2,2,3,1,2,1,2
180,4,4,4,10,4,1,2,1,1,1,1,3,2,3,2,2,3,1,1,1,1
957,2,1,5,5,1,1,5,1,3,1,3,1,2,3,2,3,2,1,1,1,2
34,3,1,3,4,2,1,2,3,2,1,1,2,2,1,2,1,4,1,2,1,2
998,1,4,3,5,2,1,3,3,3,1,3,4,1,3,3,1,3,1,2,1,1
644,1,2,5,5,2,1,4,3,4,1,1,2,2,3,2,2,4,1,2,1,2
993,1,4,3,4,3,1,1,3,3,1,2,2,2,3,2,1,4,1,2,1,2
390,4,2,3,1,2,1,3,1,4,1,1,2,2,3,2,1,4,1,2,1,2
844,4,2,3,4,3,1,5,3,3,1,3,2,2,1,2,3,3,2,2,1,2
193,4,1,3,5,2,1,4,1,4,1,1,1,2,3,1,1,3,1,1,1,2
192,2,4,3,10,3,1,3,3,3,1,1,3,2,3,2,1,3,2,2,1,1
721,2,1,2,8,1,4,2,3,2,1,1,2,1,1,1,1,3,2,1,1,1
170,1,2,1,1,1,1,5,3,3,1,2,3,2,3,1,2,3,2,1,1,1
937,2,1,3,5,2,1,2,3,4,1,2,3,2,3,1,1,4,1,2,1,2
845,2,3,3,4,4,5,4,1,3,1,2,3,2,3,2,1,3,1,2,1,2
276,4,2,5,5,3,1,3,1,2,1,1,3,2,3,2,2,3,1,1,1,2
887,2,4,3,10,4,1,3,1,3,1,1,3,1,3,2,1,3,1,2,1,1
776,4,4,5,1,3,1,4,3,3,1,3,3,2,3,2,2,3,1,2,1,2
709,2,1,3,5,2,1,3,1,3,1,1,1,2,3,2,1,2,2,1,1,2
112,2,2,3,1,4,1,4,2,3,1,2,1,2,3,1,1,2,1,1,1,2
80,4,3,3,5,4,5,2,1,2,1,1,3,2,3,2,2,3,1,2,1,1
71,4,1,5,5,1,5,5,3,3,1,1,2,2,3,1,2,2,1,2,1,2
61,2,2,5,5,2,5,5,3,3,3,3,1,2,3,2,2,3,1,2,1,2
718,3,3,5,5,3,5,3,2,3,1,1,3,2,3,2,2,3,1,2,1,2
623,1,1,3,4,2,1,2,3,2,1,1,3,1,3,1,1,3,1,1,1,2
489,4,1,3,1,3,1,3,1,3,3,2,2,2,3,1,1,3,1,1,1,2
529,1,1,3,1,1,1,2,2,3,1,3,1,2,3,2,1,2,2,2,1,2
341,1,3,3,4,3,1,4,1,2,1,3,3,2,3,1,1,2,1,1,1,2
678,1,3,3,5,3,1,5,3,3,1,3,1,2,1,1,1,2,1,1,1,2
934,1,1,3,5,2,1,3,3,2,1,1,3,1,1,2,1,3,1,1,1,2
258,4,2,3,2,3,2,2,1,2,1,3,3,1,3,2,1,3,1,2,1,2
241,4,1,3,5,2,1,4,2,3,1,1,2,2,3,2,1,3,2,1,1,2
956,3,4,5,5,3,5,5,3,3,1,3,2,2,2,2,2,2,1,1,1,2
863,4,4,5,4,4,4,2,3,3,1,1,1,2,2,2,2,2,2,2,1,2
688,4,1,3,5,3,2,5,2,3,2,3,3,2,3,2,1,3,1,2,1,2
655,1,2,3,1,4,1,1,1,3,1,3,4,1,3,3,1,3,1,1,1,2
369,2,2,3,4,3,1,4,1,2,1,3,1,2,3,1,1,3,1,1,1,2
606,4,3,5,10,4,1,3,2,3,1,1,1,2,3,2,1,4,1,2,1,2
632,2,2,3,5,2,5,2,3,3,1,1,2,1,3,2,1,3,1,1,1,2
31,1,3,3,4,4,1,3,1,3,1,1,3,2,2,2,1,3,1,1,1,2
791,4,3,3,2,4,5,5,2,3,1,3,3,2,3,2,1,4,2,2,1,2
45,4,1,5,1,2,1,2,3,2,1,3,3,2,3,2,2,4,1,1,1,2
125,1,1,5,1,2,1,3,3,3,1,1,2,2,3,2,2,3,1,1,1,2
738,4,1,5,1,4,1,4,1,3,1,2,4,2,3,2,2,4,2,2,1,2
987,4,2,3,5,2,2,1,1,2,1,3,1,2,3,2,1,3,1,1,1,2
850,1,3,5,1,2,1,3,3,4,3,1,2,2,1,1,2,3,1,1,2,1
548,1,1,2,5,1,1,3,3,2,1,3,1,1,1,2,1,2,1,1,1,1
228,4,1,3,5,2,1,4,3,3,1,1,3,1,3,2,1,3,1,1,1,1
260,1,1,3,4,2,1,3,1,3,1,1,1,2,3,2,1,3,1,1,1,2
811,2,1,3,5,1,1,4,2,4,3,2,1,2,1,2,1,2,1,1,1,2
817,4,1,5,5,2,1,4,1,2,1,1,3,1,3,1,2,3,1,2,1,2
799,2,1,3,1,2,5,2,3,3,1,1,1,2,3,2,1,1,1,1,1,2
191,2,4,1,10,3,2,4,3,3,1,3,4,2,3,3,1,2,2,1,1,1
747,1,1,3,1,1,1,2,2,2,1,1,1,2,3,2,1,2,1,1,1,1
959,2,3,3,4,3,2,5,3,3,1,3,4,2,3,3,1,3,1,1,1,2
575,4,2,5,4,3,1,4,1,2,2,2,3,1,1,2,2,3,1,1,1,2
194,2,4,3,5,3,2,3,3,3,3,3,2,1,3,1,1,3,1,1,1,1
885,1,1,3,8,1,1,2,3,2,1,3,2,2,3,2,1,3,1,1,1,1
361,3,1,3,5,3,5,5,1,3,1,2,3,2,3,2,1,4,1,1,1,2
543,3,2,3,4,3,1,3,1,3,1,1,1,2,3,2,1,2,2,1,1,1
825,1,3,5,1,2,1,5,3,4,1,2,3,2,3,2,2,3,1,2,1,2
870,4,4,4,4,4,3,4,1,2,1,3,3,2,3,2,2,3,1,2,1,2
619,4,1,3,1,1,1,3,3,1,1,1,1,2,3,2,1,2,1,1,1,2
484,4,1,5,1,1,3,3,3,3,1,3,1,2,3,2,1,3,1,2,1,2
420,4,2,3,1,3,4,4,1,2,1,2,3,1,3,1,1,3,1,1,1,2
997,4,1,3,5,1,1,5,3,3,1,3,3,2,3,2,1,3,1,1,1,2
915,2,4,1,3,4,1,3,1,2,1,1,2,2,1,2,1,4,1,2,2,1
578,2,4,5,1,3,1,2,3,1,1,3,3,2,3,2,2,3,1,1,1,1
627,2,1,2,1,2,2,4,1,3,1,2,4,2,3,2,1,3,1,1,1,1
609,4,2,3,2,1,5,5,3,3,1,3,4,2,1,3,1,3,2,1,1,2
534,4,3,3,5,3,5,2,3,3,1,1,3,1,3,2,2,3,1,1,1,2
613,1,3,2,2,3,1,3,1,2,3,3,3,1,1,1,1,3,1,1,2,2
555,2,1,3,5,1,1,2,1,3,1,1,3,1,2,2,1,3,1,1,1,1
741,2,1,2,5,1,1,3,3,3,1,3,1,1,2,2,1,2,1,1,1,2
586,1,1,5,1,3,1,3,1,3,1,1,1,2,3,1,2,3,2,1,1,2
669,3,4,5,5,3,1,5,3,3,1,3,2,2,3,2,1,3,1,1,1,2
952,2,3,3,2,4,3,2,2,2,1,3,3,2,3,1,1,3,1,1,1,1
576,2,1,3,5,3,1,4,1,2,1,1,1,2,3,2,1,3,1,1,1,2
225,4,4,1,7,3,1,3,3,3,1,1,3,2,3,2,2,3,1,1,1,2
946,1,3,2,4,3,3,2,3,3,1,3,4,2,3,3,1,3,2,2,1,1
254,2,1,3,4,2,5,4,1,3,1,1,3,1,3,2,1,3,1,2,1,2
614,4,2,4,4,2,1,4,3,2,1,1,1,1,3,2,1,3,1,1,1,1
834,3,2,3,5,3,1,2,1,2,1,2,1,1,3,2,1,2,1,1,1,1
894,4,2,5,5,1,5,3,3,3,1,2,2,2,3,2,2,3,1,2,1,2
881,4,3,3,2,4,5,3,1,1,1,3,4,2,3,3,1,3,1,2,1,2
777,1,2,3,5,3,1,4,3,2,3,1,1,1,3,2,1,3,1,1,1,2
710,4,2,5,5,1,3,5,3,3,1,2,2,2,1,2,2,4,1,2,1,2
92,4,1,5,5,1,5,5,3,2,1,2,2,2,1,2,1,2,2,1,1,1
445,4,1,5,8,1,5,5,3,2,1,3,2,2,3,1,2,2,1,1,1,2
285,1,4,3,1,4,1,2,1,2,1,1,1,2,3,2,1,2,1,2,1,2
467,4,4,4,5,4,5,5,2,3,1,2,3,2,1,2,2,3,2,1,1,2
566,1,1,3,1,2,1,4,1,1,1,2,3,2,3,2,1,3,1,1,1,1
97,2,2,3,10,3,2,3,3,3,1,3,3,2,3,2,1,3,1,1,1,2
107,2,1,3,1,4,1,4,1,3,1,1,3,2,3,2,1,3,1,1,1,2
793,3,3,3,4,3,1,5,2,1,1,3,4,2,3,3,1,3,1,1,1,2
60,2,1,3,10,2,1,3,1,4,1,1,1,2,1,2,1,3,1,2,1,2
256,4,3,5,5,3,1,3,3,3,1,1,1,2,3,2,2,2,1,1,1,2
59,1,4,5,4,4,1,2,3,2,2,3,4,1,3,1,2,2,1,2,1,1
113,4,4,5,1,4,1,3,3,2,1,1,1,1,2,2,2,3,1,2,1,1
299,2,3,5,4,3,4,4,2,3,1,1,3,2,3,2,2,3,1,2,1,2
955,1,3,5,5,1,4,5,3,2,1,3,2,2,3,1,2,4,1,2,1,2
499,3,1,5,1,1,2,5,1,1,1,3,3,2,3,2,2,3,2,2,1,2
115,4,4,5,5,3,5,5,3,3,1,1,1,2,3,2,1,3,1,2,1,2
684,2,4,4,10,4,2,4,1,3,1,2,2,2,3,2,2,2,2,2,1,2
268,1,2,3,1,4,1,5,1,1,1,3,2,2,3,2,1,4,1,2,2,1
989,2,3,5,5,2,1,5,3,3,1,1,2,2,3,2,2,2,1,1,1,2
539,3,2,3,4,3,1,2,1,2,1,1,2,2,2,2,1,2,1,1,1,2
516,1,1,5,1,1,1,2,1,3,1,3,1,2,3,2,1,2,2,1,2,2
350,4,1,3,6,1,1,2,1,2,1,3,1,1,3,1,1,3,1,2,1,2
674,4,3,4,10,3,3,2,3,3,1,1,1,2,1,2,1,2,2,1,1,1
94,2,1,3,1,1,4,5,3,3,1,3,1,2,3,2,1,3,1,2,1,2
641,2,2,3,7,1,1,5,3,3,1,3,3,2,3,2,2,2,1,1,1,2
628,4,4,5,4,4,3,3,3,3,1,3,1,2,3,2,2,3,1,2,1,2
461,1,2,3,1,2,1,2,1,3,1,2,1,2,3,2,1,3,1,1,1,2
783,2,1,3,1,1,2,2,3,2,1,1,2,1,1,2,1,2,1,1,1,1
379,4,1,5,1,1,2,3,3,2,1,3,3,2,3,2,2,2,1,1,1,2
351,2,1,3,4,1,1,3,1,2,1,1,3,2,3,2,1,3,1,1,2,1
603,4,4,3,4,3,1,3,3,2,1,1,3,2,3,2,1,4,1,2,1,1
485,2,1,4,1,1,1,1,3,3,1,3,2,2,3,2,1,4,1,2,1,1
48,4,1,5,1,4,1,3,1,3,1,3,2,2,3,2,2,2,1,1,1,2
961,2,3,4,1,3,1,3,1,1,1,3,2,2,3,2,2,3,1,1,1,2
941,4,1,3,1,2,1,3,2,3,1,1,1,2,3,2,1,2,2,1,2,2
692,2,3,3,5,3,2,2,1,3,1,1,3,2,3,2,1,3,1,1,1,2
522,1,4,1,4,4,1,3,2,3,1,3,4,2,3,3,2,3,2,1,1,1
938,2,4,3,8,4,1,3,3,3,1,3,4,2,3,3,1,3,1,1,1,1
696,2,1,3,5,1,1,4,3,3,3,2,1,2,3,2,2,3,1,1,2,2
83,1,3,3,3,2,1,5,3,2,3,3,1,2,3,2,1,2,1,2,1,2
740,1,3,2,1,3,2,4,1,3,1,2,3,2,1,2,1,3,1,1,1,2
233,2,2,3,5,1,1,3,3,4,3,1,1,1,3,2,1,2,1,1,1,2
131,1,4,4,8,4,1,3,3,3,1,2,2,2,2,2,1,3,1,2,1,1
801,2,2,5,5,2,1,5,2,2,3,3,1,2,1,1,2,2,1,2,1,2
42,2,2,4,7,4,1,3,1,3,1,3,1,2,3,2,1,2,2,2,1,2
893,2,4,5,2,4,1,3,2,3,1,3,3,2,3,2,2,3,1,2,1,2
689,1,1,3,1,3,4,3,1,3,1,2,2,2,3,2,1,3,2,1,1,2
451,4,1,3,5,1,1,3,2,2,1,1,1,2,3,2,1,3,1,1,1,2
971,4,3,3,1,4,1,3,1,3,1,3,2,2,3,2,1,2,2,1,1,2
75,1,1,5,2,2,1,5,3,3,1,3,4,2,3,3,2,4,1,1,1,2
942,4,3,3,4,1,5,4,3,3,1,1,3,2,2,2,1,3,1,2,1,2
824,4,2,5,4,3,1,2,2,1,1,1,3,2,3,2,2,4,1,2,1,2
705,4,2,3,1,4,3,5,1,2,1,3,4,2,3,3,1,3,1,1,1,2
835,1,1,1,1,1,1,3,3,3,1,3,3,2,1,2,2,3,1,1,1,1
