1,0.01,2,67.369,0.16061,67.38,0.16175,67.487,0.15129,56.351,0,55.577,0.010098,55.311,0.0066154
1,0.01,3,68.082,0.16917,68.353,0.16027,68.264,0.1662,58.231,0,57.004,-0.0055222,58.873,0.0065275
1,0.01,4,68.244,0.16757,68.288,0.16008,67.876,0.16107,62.087,0.0091831,59.857,0.039226,61.14,0.037942
1,0.01,5,68.6,0.16172,68.158,0.1693,67.876,0.14914,61.406,0,59.079,0.017402,61.075,0.032421
1,0.02,2,67.369,0.16061,67.38,0.16175,67.487,0.15129,56.351,0,55.577,0.010098,55.311,0.0066154
1,0.02,3,68.082,0.16917,68.353,0.16027,68.264,0.1662,60.661,0.015714,60.052,0.023836,61.075,0.021603
1,0.02,4,68.244,0.16757,68.288,0.16008,67.876,0.16107,62.087,0.0091831,59.857,0.039226,61.14,0.037942
1,0.02,5,68.6,0.16172,68.158,0.1693,67.876,0.14914,61.406,0,59.079,0.017402,61.075,0.032421
1,0.03,2,67.369,0.16061,67.38,0.16175,67.487,0.15129,56.351,0,55.577,0.010098,55.311,0.0066154
1,0.03,3,68.082,0.16917,68.353,0.16027,68.264,0.1662,61.017,0.021475,60.571,0.029241,61.334,0.033488
1,0.03,4,68.244,0.16757,68.288,0.16008,67.876,0.16107,62.087,0.0091831,59.857,0.039226,61.14,0.037942
1,0.03,5,68.6,0.16172,68.158,0.1693,67.876,0.14914,61.406,0,59.079,0.017402,61.075,0.032421
1,0.04,2,67.369,0.16061,67.38,0.16175,67.487,0.15129,56.351,0,55.577,0.010098,55.311,0.0066154
1,0.04,3,68.082,0.16917,68.353,0.16027,68.264,0.1662,61.017,0.021475,60.571,0.029241,61.334,0.033488
1,0.04,4,68.244,0.16757,68.288,0.16008,67.876,0.16107,62.087,0.0091831,59.857,0.039226,61.14,0.037942
1,0.04,5,68.6,0.16172,68.158,0.1693,67.876,0.14914,63.869,0.031907,61.154,0.052789,62.241,0.064834
1,0.05,2,67.369,0.16061,67.38,0.16175,67.487,0.15129,56.351,0,55.577,0.010098,55.311,0.0066154
1,0.05,3,68.082,0.16917,68.353,0.16027,68.264,0.1662,61.017,0.021475,60.571,0.029241,61.334,0.033488
1,0.05,4,68.244,0.16757,68.288,0.16008,67.876,0.16107,62.087,0.0091831,59.857,0.039226,61.14,0.037942
1,0.05,5,68.6,0.16172,68.158,0.1693,67.876,0.14914,63.869,0.031907,61.154,0.052789,62.241,0.064834
1,0.06,2,67.369,0.16061,67.38,0.16175,67.487,0.15129,56.351,0,55.577,0.010098,55.311,0.0066154
1,0.06,3,68.082,0.16917,68.353,0.16027,68.264,0.1662,62.735,0.055318,62.776,0.056413,63.536,0.071458
1,0.06,4,68.244,0.16757,68.288,0.16008,67.876,0.16107,62.087,0.0091831,59.857,0.039226,61.14,0.037942
1,0.06,5,68.6,0.16172,68.158,0.1693,67.876,0.14914,65.1,0.055075,62.062,0.076208,63.018,0.078652
1,0.07,2,67.369,0.16061,67.38,0.16175,67.487,0.15129,62.962,0.067608,62.581,0.083242,62.37,0.081581
1,0.07,3,68.082,0.16917,68.353,0.16027,68.264,0.1662,62.735,0.055318,62.776,0.056413,63.536,0.071458
1,0.07,4,68.244,0.16757,68.288,0.16008,67.876,0.16107,64.906,0.064318,62.451,0.09157,62.889,0.082447
1,0.07,5,68.6,0.16172,68.158,0.1693,67.876,0.14914,65.619,0.065071,62.516,0.075776,63.795,0.089485
1,0.08,2,67.369,0.16061,67.38,0.16175,67.487,0.15129,62.962,0.067608,62.581,0.083242,62.37,0.081581
1,0.08,3,68.082,0.16917,68.353,0.16027,68.264,0.1662,62.735,0.055318,62.776,0.056413,63.536,0.071458
1,0.08,4,68.244,0.16757,68.288,0.16008,67.876,0.16107,65.457,0.07606,63.424,0.10638,63.472,0.098835
1,0.08,5,68.6,0.16172,68.158,0.1693,67.876,0.14914,65.619,0.065071,62.516,0.075776,63.795,0.089485
1,0.09,2,67.369,0.16061,67.38,0.16175,67.487,0.15129,62.962,0.067608,62.581,0.083242,62.37,0.081581
1,0.09,3,68.082,0.16917,68.353,0.16027,68.264,0.1662,62.735,0.055318,62.776,0.056413,63.536,0.071458
1,0.09,4,68.244,0.16757,68.288,0.16008,67.876,0.16107,65.813,0.085587,63.684,0.11208,64.184,0.11165
1,0.09,5,68.6,0.16172,68.158,0.1693,67.876,0.14914,65.619,0.065071,62.516,0.075776,63.795,0.089485
1,0.1,2,67.369,0.16061,67.38,0.16175,67.487,0.15129,62.962,0.067608,62.581,0.083242,62.37,0.081581
1,0.1,3,68.082,0.16917,68.353,0.16027,68.264,0.1662,62.735,0.055318,62.776,0.056413,63.536,0.071458
1,0.1,4,68.244,0.16757,68.288,0.16008,67.876,0.16107,65.813,0.085587,63.684,0.11208,64.184,0.11165
1,0.1,5,68.6,0.16172,68.158,0.1693,67.876,0.14914,65.619,0.065071,62.516,0.075776,63.795,0.089485
1,0.11,2,67.369,0.16061,67.38,0.16175,67.487,0.15129,62.962,0.067608,62.581,0.083242,62.37,0.081581
1,0.11,3,68.082,0.16917,68.353,0.16027,68.264,0.1662,62.735,0.055318,62.776,0.056413,63.536,0.071458
1,0.11,4,68.244,0.16757,68.288,0.16008,67.876,0.16107,65.813,0.085587,63.684,0.11208,64.184,0.11165
1,0.11,5,68.6,0.16172,68.158,0.1693,67.876,0.14914,67.304,0.10576,65.694,0.12298,66.192,0.11101
1,0.12,2,67.369,0.16061,67.38,0.16175,67.487,0.15129,62.962,0.067608,62.581,0.083242,62.37,0.081581
1,0.12,3,68.082,0.16917,68.353,0.16027,68.264,0.1662,65.878,0.11735,65.888,0.11717,65.738,0.12426
1,0.12,4,68.244,0.16757,68.288,0.16008,67.876,0.16107,65.813,0.085587,63.684,0.11208,64.184,0.11165
1,0.12,5,68.6,0.16172,68.158,0.1693,67.876,0.14914,67.66,0.1146,66.213,0.13994,66.775,0.12311
1,0.13,2,67.369,0.16061,67.38,0.16175,67.487,0.15129,65.878,0.12249,65.435,0.12646,65.479,0.11298
1,0.13,3,68.082,0.16917,68.353,0.16027,68.264,0.1662,65.878,0.11735,65.888,0.11717,65.738,0.12426
1,0.13,4,68.244,0.16757,68.288,0.16008,67.876,0.16107,65.813,0.085587,63.684,0.11208,64.184,0.11165
1,0.13,5,68.6,0.16172,68.158,0.1693,67.876,0.14914,68.017,0.12546,66.861,0.15308,67.487,0.14251
1,0.14,2,67.369,0.16061,67.38,0.16175,67.487,0.15129,65.878,0.12249,65.435,0.12646,65.479,0.11298
1,0.14,3,68.082,0.16917,68.353,0.16027,68.264,0.1662,65.878,0.11735,65.888,0.11717,65.738,0.12426
1,0.14,4,68.244,0.16757,68.288,0.16008,67.876,0.16107,67.531,0.13331,66.796,0.15277,67.034,0.13837
1,0.14,5,68.6,0.16172,68.158,0.1693,67.876,0.14914,68.341,0.1388,67.899,0.16494,67.681,0.14765
1,0.15,2,67.369,0.16061,67.38,0.16175,67.487,0.15129,65.878,0.12249,65.435,0.12646,65.479,0.11298
1,0.15,3,68.082,0.16917,68.353,0.16027,68.264,0.1662,65.878,0.11735,65.888,0.11717,65.738,0.12426
1,0.15,4,68.244,0.16757,68.288,0.16008,67.876,0.16107,67.79,0.14385,67.445,0.15222,67.422,0.15122
1,0.15,5,68.6,0.16172,68.158,0.1693,67.876,0.14914,68.341,0.1388,67.899,0.16494,67.681,0.14765
1,0.16,2,67.369,0.16061,67.38,0.16175,67.487,0.15129,65.878,0.12249,65.435,0.12646,65.479,0.11298
1,0.16,3,68.082,0.16917,68.353,0.16027,68.264,0.1662,65.878,0.11735,65.888,0.11717,65.738,0.12426
1,0.16,4,68.244,0.16757,68.288,0.16008,67.876,0.16107,67.79,0.14385,67.445,0.15222,67.422,0.15122
1,0.16,5,68.6,0.16172,68.158,0.1693,67.876,0.14914,68.6,0.15936,68.223,0.16936,68.005,0.14822
1,0.17,2,67.369,0.16061,67.38,0.16175,67.487,0.15129,67.369,0.16061,67.38,0.16175,67.487,0.15129
1,0.17,3,68.082,0.16917,68.353,0.16027,68.264,0.1662,68.082,0.16917,68.353,0.16027,68.264,0.1662
1,0.17,4,68.244,0.16757,68.288,0.16008,67.876,0.16107,68.244,0.16757,68.288,0.16008,67.876,0.16107
1,0.17,5,68.6,0.16172,68.158,0.1693,67.876,0.14914,68.6,0.16172,68.158,0.1693,67.876,0.14914
1,0.18,2,67.369,0.16061,67.38,0.16175,67.487,0.15129,67.369,0.16061,67.38,0.16175,67.487,0.15129
1,0.18,3,68.082,0.16917,68.353,0.16027,68.264,0.1662,68.082,0.16917,68.353,0.16027,68.264,0.1662
1,0.18,4,68.244,0.16757,68.288,0.16008,67.876,0.16107,68.244,0.16757,68.288,0.16008,67.876,0.16107
1,0.18,5,68.6,0.16172,68.158,0.1693,67.876,0.14914,68.6,0.16172,68.158,0.1693,67.876,0.14914
1,0.19,2,67.369,0.16061,67.38,0.16175,67.487,0.15129,67.369,0.16061,67.38,0.16175,67.487,0.15129
1,0.19,3,68.082,0.16917,68.353,0.16027,68.264,0.1662,68.082,0.16917,68.353,0.16027,68.264,0.1662
1,0.19,4,68.244,0.16757,68.288,0.16008,67.876,0.16107,68.244,0.16757,68.288,0.16008,67.876,0.16107
1,0.19,5,68.6,0.16172,68.158,0.1693,67.876,0.14914,68.6,0.16172,68.158,0.1693,67.876,0.14914
1,0.2,2,67.369,0.16061,67.38,0.16175,67.487,0.15129,67.369,0.16061,67.38,0.16175,67.487,0.15129
1,0.2,3,68.082,0.16917,68.353,0.16027,68.264,0.1662,68.082,0.16917,68.353,0.16027,68.264,0.1662
1,0.2,4,68.244,0.16757,68.288,0.16008,67.876,0.16107,68.244,0.16757,68.288,0.16008,67.876,0.16107
1,0.2,5,68.6,0.16172,68.158,0.1693,67.876,0.14914,68.6,0.16172,68.158,0.1693,67.876,0.14914
1,0.21,2,67.369,0.16061,67.38,0.16175,67.487,0.15129,67.369,0.16061,67.38,0.16175,67.487,0.15129
1,0.21,3,68.082,0.16917,68.353,0.16027,68.264,0.1662,68.082,0.16917,68.353,0.16027,68.264,0.1662
1,0.21,4,68.244,0.16757,68.288,0.16008,67.876,0.16107,68.244,0.16757,68.288,0.16008,67.876,0.16107
1,0.21,5,68.6,0.16172,68.158,0.1693,67.876,0.14914,68.6,0.16172,68.158,0.1693,67.876,0.14914
1,0.22,2,67.369,0.16061,67.38,0.16175,67.487,0.15129,67.369,0.16061,67.38,0.16175,67.487,0.15129
1,0.22,3,68.082,0.16917,68.353,0.16027,68.264,0.1662,68.082,0.16917,68.353,0.16027,68.264,0.1662
1,0.22,4,68.244,0.16757,68.288,0.16008,67.876,0.16107,68.244,0.16757,68.288,0.16008,67.876,0.16107
1,0.22,5,68.6,0.16172,68.158,0.1693,67.876,0.14914,68.6,0.16172,68.158,0.1693,67.876,0.14914
1,0.23,2,67.369,0.16061,67.38,0.16175,67.487,0.15129,67.369,0.16061,67.38,0.16175,67.487,0.15129
1,0.23,3,68.082,0.16917,68.353,0.16027,68.264,0.1662,68.082,0.16917,68.353,0.16027,68.264,0.1662
1,0.23,4,68.244,0.16757,68.288,0.16008,67.876,0.16107,68.244,0.16757,68.288,0.16008,67.876,0.16107
1,0.23,5,68.6,0.16172,68.158,0.1693,67.876,0.14914,68.6,0.16172,68.158,0.1693,67.876,0.14914
1,0.24,2,67.369,0.16061,67.38,0.16175,67.487,0.15129,67.369,0.16061,67.38,0.16175,67.487,0.15129
1,0.24,3,68.082,0.16917,68.353,0.16027,68.264,0.1662,68.082,0.16917,68.353,0.16027,68.264,0.1662
1,0.24,4,68.244,0.16757,68.288,0.16008,67.876,0.16107,68.244,0.16757,68.288,0.16008,67.876,0.16107
1,0.24,5,68.6,0.16172,68.158,0.1693,67.876,0.14914,68.6,0.16172,68.158,0.1693,67.876,0.14914
1,0.25,2,67.369,0.16061,67.38,0.16175,67.487,0.15129,67.369,0.16061,67.38,0.16175,67.487,0.15129
1,0.25,3,68.082,0.16917,68.353,0.16027,68.264,0.1662,68.082,0.16917,68.353,0.16027,68.264,0.1662
1,0.25,4,68.244,0.16757,68.288,0.16008,67.876,0.16107,68.244,0.16757,68.288,0.16008,67.876,0.16107
1,0.25,5,68.6,0.16172,68.158,0.1693,67.876,0.14914,68.6,0.16172,68.158,0.1693,67.876,0.14914
1,0.26,2,67.369,0.16061,67.38,0.16175,67.487,0.15129,67.369,0.16061,67.38,0.16175,67.487,0.15129
1,0.26,3,68.082,0.16917,68.353,0.16027,68.264,0.1662,68.082,0.16917,68.353,0.16027,68.264,0.1662
1,0.26,4,68.244,0.16757,68.288,0.16008,67.876,0.16107,68.244,0.16757,68.288,0.16008,67.876,0.16107
1,0.26,5,68.6,0.16172,68.158,0.1693,67.876,0.14914,68.6,0.16172,68.158,0.1693,67.876,0.14914
1,0.27,2,67.369,0.16061,67.38,0.16175,67.487,0.15129,67.369,0.16061,67.38,0.16175,67.487,0.15129
1,0.27,3,68.082,0.16917,68.353,0.16027,68.264,0.1662,68.082,0.16917,68.353,0.16027,68.264,0.1662
1,0.27,4,68.244,0.16757,68.288,0.16008,67.876,0.16107,68.244,0.16757,68.288,0.16008,67.876,0.16107
1,0.27,5,68.6,0.16172,68.158,0.1693,67.876,0.14914,68.6,0.16172,68.158,0.1693,67.876,0.14914
1,0.28,2,67.369,0.16061,67.38,0.16175,67.487,0.15129,67.369,0.16061,67.38,0.16175,67.487,0.15129
1,0.28,3,68.082,0.16917,68.353,0.16027,68.264,0.1662,68.082,0.16917,68.353,0.16027,68.264,0.1662
1,0.28,4,68.244,0.16757,68.288,0.16008,67.876,0.16107,68.244,0.16757,68.288,0.16008,67.876,0.16107
1,0.28,5,68.6,0.16172,68.158,0.1693,67.876,0.14914,68.6,0.16172,68.158,0.1693,67.876,0.14914
1,0.29,2,67.369,0.16061,67.38,0.16175,67.487,0.15129,67.369,0.16061,67.38,0.16175,67.487,0.15129
1,0.29,3,68.082,0.16917,68.353,0.16027,68.264,0.1662,68.082,0.16917,68.353,0.16027,68.264,0.1662
1,0.29,4,68.244,0.16757,68.288,0.16008,67.876,0.16107,68.244,0.16757,68.288,0.16008,67.876,0.16107
1,0.29,5,68.6,0.16172,68.158,0.1693,67.876,0.14914,68.6,0.16172,68.158,0.1693,67.876,0.14914
1,0.3,2,67.369,0.16061,67.38,0.16175,67.487,0.15129,67.369,0.16061,67.38,0.16175,67.487,0.15129
1,0.3,3,68.082,0.16917,68.353,0.16027,68.264,0.1662,68.082,0.16917,68.353,0.16027,68.264,0.1662
1,0.3,4,68.244,0.16757,68.288,0.16008,67.876,0.16107,68.244,0.16757,68.288,0.16008,67.876,0.16107
1,0.3,5,68.6,0.16172,68.158,0.1693,67.876,0.14914,68.6,0.16172,68.158,0.1693,67.876,0.14914
1,0.31,2,67.369,0.16061,67.38,0.16175,67.487,0.15129,67.369,0.16061,67.38,0.16175,67.487,0.15129
1,0.31,3,68.082,0.16917,68.353,0.16027,68.264,0.1662,68.082,0.16917,68.353,0.16027,68.264,0.1662
1,0.31,4,68.244,0.16757,68.288,0.16008,67.876,0.16107,68.244,0.16757,68.288,0.16008,67.876,0.16107
1,0.31,5,68.6,0.16172,68.158,0.1693,67.876,0.14914,68.6,0.16172,68.158,0.1693,67.876,0.14914
1,0.32,2,67.369,0.16061,67.38,0.16175,67.487,0.15129,67.369,0.16061,67.38,0.16175,67.487,0.15129
1,0.32,3,68.082,0.16917,68.353,0.16027,68.264,0.1662,68.082,0.16917,68.353,0.16027,68.264,0.1662
1,0.32,4,68.244,0.16757,68.288,0.16008,67.876,0.16107,68.244,0.16757,68.288,0.16008,67.876,0.16107
1,0.32,5,68.6,0.16172,68.158,0.1693,67.876,0.14914,68.6,0.16172,68.158,0.1693,67.876,0.14914
1,0.33,2,67.369,0.16061,67.38,0.16175,67.487,0.15129,67.369,0.16061,67.38,0.16175,67.487,0.15129
1,0.33,3,68.082,0.16917,68.353,0.16027,68.264,0.1662,68.082,0.16917,68.353,0.16027,68.264,0.1662
1,0.33,4,68.244,0.16757,68.288,0.16008,67.876,0.16107,68.244,0.16757,68.288,0.16008,67.876,0.16107
1,0.33,5,68.6,0.16172,68.158,0.1693,67.876,0.14914,68.6,0.16172,68.158,0.1693,67.876,0.14914
1,0.34,2,67.369,0.16061,67.38,0.16175,67.487,0.15129,67.369,0.16061,67.38,0.16175,67.487,0.15129
1,0.34,3,68.082,0.16917,68.353,0.16027,68.264,0.1662,68.082,0.16917,68.353,0.16027,68.264,0.1662
1,0.34,4,68.244,0.16757,68.288,0.16008,67.876,0.16107,68.244,0.16757,68.288,0.16008,67.876,0.16107
1,0.34,5,68.6,0.16172,68.158,0.1693,67.876,0.14914,68.6,0.16172,68.158,0.1693,67.876,0.14914
1,0.35,2,67.369,0.16061,67.38,0.16175,67.487,0.15129,67.369,0.16061,67.38,0.16175,67.487,0.15129
1,0.35,3,68.082,0.16917,68.353,0.16027,68.264,0.1662,68.082,0.16917,68.353,0.16027,68.264,0.1662
1,0.35,4,68.244,0.16757,68.288,0.16008,67.876,0.16107,68.244,0.16757,68.288,0.16008,67.876,0.16107
1,0.35,5,68.6,0.16172,68.158,0.1693,67.876,0.14914,68.6,0.16172,68.158,0.1693,67.876,0.14914
1,0.36,2,67.369,0.16061,67.38,0.16175,67.487,0.15129,67.369,0.16061,67.38,0.16175,67.487,0.15129
1,0.36,3,68.082,0.16917,68.353,0.16027,68.264,0.1662,68.082,0.16917,68.353,0.16027,68.264,0.1662
1,0.36,4,68.244,0.16757,68.288,0.16008,67.876,0.16107,68.244,0.16757,68.288,0.16008,67.876,0.16107
1,0.36,5,68.6,0.16172,68.158,0.1693,67.876,0.14914,68.6,0.16172,68.158,0.1693,67.876,0.14914
1,0.37,2,67.369,0.16061,67.38,0.16175,67.487,0.15129,67.369,0.16061,67.38,0.16175,67.487,0.15129
1,0.37,3,68.082,0.16917,68.353,0.16027,68.264,0.1662,68.082,0.16917,68.353,0.16027,68.264,0.1662
1,0.37,4,68.244,0.16757,68.288,0.16008,67.876,0.16107,68.244,0.16757,68.288,0.16008,67.876,0.16107
1,0.37,5,68.6,0.16172,68.158,0.1693,67.876,0.14914,68.6,0.16172,68.158,0.1693,67.876,0.14914
1,0.38,2,67.369,0.16061,67.38,0.16175,67.487,0.15129,67.369,0.16061,67.38,0.16175,67.487,0.15129
1,0.38,3,68.082,0.16917,68.353,0.16027,68.264,0.1662,68.082,0.16917,68.353,0.16027,68.264,0.1662
1,0.38,4,68.244,0.16757,68.288,0.16008,67.876,0.16107,68.244,0.16757,68.288,0.16008,67.876,0.16107
1,0.38,5,68.6,0.16172,68.158,0.1693,67.876,0.14914,68.6,0.16172,68.158,0.1693,67.876,0.14914
1,0.39,2,67.369,0.16061,67.38,0.16175,67.487,0.15129,67.369,0.16061,67.38,0.16175,67.487,0.15129
1,0.39,3,68.082,0.16917,68.353,0.16027,68.264,0.1662,68.082,0.16917,68.353,0.16027,68.264,0.1662
1,0.39,4,68.244,0.16757,68.288,0.16008,67.876,0.16107,68.244,0.16757,68.288,0.16008,67.876,0.16107
1,0.39,5,68.6,0.16172,68.158,0.1693,67.876,0.14914,68.6,0.16172,68.158,0.1693,67.876,0.14914
1,0.4,2,67.369,0.16061,67.38,0.16175,67.487,0.15129,67.369,0.16061,67.38,0.16175,67.487,0.15129
1,0.4,3,68.082,0.16917,68.353,0.16027,68.264,0.1662,68.082,0.16917,68.353,0.16027,68.264,0.1662
1,0.4,4,68.244,0.16757,68.288,0.16008,67.876,0.16107,68.244,0.16757,68.288,0.16008,67.876,0.16107
1,0.4,5,68.6,0.16172,68.158,0.1693,67.876,0.14914,68.6,0.16172,68.158,0.1693,67.876,0.14914
1,0.41,2,67.369,0.16061,67.38,0.16175,67.487,0.15129,67.369,0.16061,67.38,0.16175,67.487,0.15129
1,0.41,3,68.082,0.16917,68.353,0.16027,68.264,0.1662,68.082,0.16917,68.353,0.16027,68.264,0.1662
1,0.41,4,68.244,0.16757,68.288,0.16008,67.876,0.16107,68.244,0.16757,68.288,0.16008,67.876,0.16107
1,0.41,5,68.6,0.16172,68.158,0.1693,67.876,0.14914,68.6,0.16172,68.158,0.1693,67.876,0.14914
1,0.42,2,67.369,0.16061,67.38,0.16175,67.487,0.15129,67.369,0.16061,67.38,0.16175,67.487,0.15129
1,0.42,3,68.082,0.16917,68.353,0.16027,68.264,0.1662,68.082,0.16917,68.353,0.16027,68.264,0.1662
1,0.42,4,68.244,0.16757,68.288,0.16008,67.876,0.16107,68.244,0.16757,68.288,0.16008,67.876,0.16107
1,0.42,5,68.6,0.16172,68.158,0.1693,67.876,0.14914,68.6,0.16172,68.158,0.1693,67.876,0.14914
1,0.43,2,67.369,0.16061,67.38,0.16175,67.487,0.15129,67.369,0.16061,67.38,0.16175,67.487,0.15129
1,0.43,3,68.082,0.16917,68.353,0.16027,68.264,0.1662,68.082,0.16917,68.353,0.16027,68.264,0.1662
1,0.43,4,68.244,0.16757,68.288,0.16008,67.876,0.16107,68.244,0.16757,68.288,0.16008,67.876,0.16107
1,0.43,5,68.6,0.16172,68.158,0.1693,67.876,0.14914,68.6,0.16172,68.158,0.1693,67.876,0.14914
1,0.44,2,67.369,0.16061,67.38,0.16175,67.487,0.15129,67.369,0.16061,67.38,0.16175,67.487,0.15129
1,0.44,3,68.082,0.16917,68.353,0.16027,68.264,0.1662,68.082,0.16917,68.353,0.16027,68.264,0.1662
1,0.44,4,68.244,0.16757,68.288,0.16008,67.876,0.16107,68.244,0.16757,68.288,0.16008,67.876,0.16107
1,0.44,5,68.6,0.16172,68.158,0.1693,67.876,0.14914,68.6,0.16172,68.158,0.1693,67.876,0.14914
1,0.45,2,67.369,0.16061,67.38,0.16175,67.487,0.15129,67.369,0.16061,67.38,0.16175,67.487,0.15129
1,0.45,3,68.082,0.16917,68.353,0.16027,68.264,0.1662,68.082,0.16917,68.353,0.16027,68.264,0.1662
1,0.45,4,68.244,0.16757,68.288,0.16008,67.876,0.16107,68.244,0.16757,68.288,0.16008,67.876,0.16107
1,0.45,5,68.6,0.16172,68.158,0.1693,67.876,0.14914,68.6,0.16172,68.158,0.1693,67.876,0.14914
1,0.46,2,67.369,0.16061,67.38,0.16175,67.487,0.15129,67.369,0.16061,67.38,0.16175,67.487,0.15129
1,0.46,3,68.082,0.16917,68.353,0.16027,68.264,0.1662,68.082,0.16917,68.353,0.16027,68.264,0.1662
1,0.46,4,68.244,0.16757,68.288,0.16008,67.876,0.16107,68.244,0.16757,68.288,0.16008,67.876,0.16107
1,0.46,5,68.6,0.16172,68.158,0.1693,67.876,0.14914,68.6,0.16172,68.158,0.1693,67.876,0.14914
1,0.47,2,67.369,0.16061,67.38,0.16175,67.487,0.15129,67.369,0.16061,67.38,0.16175,67.487,0.15129
1,0.47,3,68.082,0.16917,68.353,0.16027,68.264,0.1662,68.082,0.16917,68.353,0.16027,68.264,0.1662
1,0.47,4,68.244,0.16757,68.288,0.16008,67.876,0.16107,68.244,0.16757,68.288,0.16008,67.876,0.16107
1,0.47,5,68.6,0.16172,68.158,0.1693,67.876,0.14914,68.6,0.16172,68.158,0.1693,67.876,0.14914
1,0.48,2,67.369,0.16061,67.38,0.16175,67.487,0.15129,67.369,0.16061,67.38,0.16175,67.487,0.15129
1,0.48,3,68.082,0.16917,68.353,0.16027,68.264,0.1662,68.082,0.16917,68.353,0.16027,68.264,0.1662
1,0.48,4,68.244,0.16757,68.288,0.16008,67.876,0.16107,68.244,0.16757,68.288,0.16008,67.876,0.16107
1,0.48,5,68.6,0.16172,68.158,0.1693,67.876,0.14914,68.6,0.16172,68.158,0.1693,67.876,0.14914
1,0.49,2,67.369,0.16061,67.38,0.16175,67.487,0.15129,67.369,0.16061,67.38,0.16175,67.487,0.15129
1,0.49,3,68.082,0.16917,68.353,0.16027,68.264,0.1662,68.082,0.16917,68.353,0.16027,68.264,0.1662
1,0.49,4,68.244,0.16757,68.288,0.16008,67.876,0.16107,68.244,0.16757,68.288,0.16008,67.876,0.16107
1,0.49,5,68.6,0.16172,68.158,0.1693,67.876,0.14914,68.6,0.16172,68.158,0.1693,67.876,0.14914
1,0.5,2,67.369,0.16061,67.38,0.16175,67.487,0.15129,67.369,0.16061,67.38,0.16175,67.487,0.15129
1,0.5,3,68.082,0.16917,68.353,0.16027,68.264,0.1662,68.082,0.16917,68.353,0.16027,68.264,0.1662
1,0.5,4,68.244,0.16757,68.288,0.16008,67.876,0.16107,68.244,0.16757,68.288,0.16008,67.876,0.16107
1,0.5,5,68.6,0.16172,68.158,0.1693,67.876,0.14914,68.6,0.16172,68.158,0.1693,67.876,0.14914
1,0.51,2,67.369,0.16061,67.38,0.16175,67.487,0.15129,67.369,0.16061,67.38,0.16175,67.487,0.15129
1,0.51,3,68.082,0.16917,68.353,0.16027,68.264,0.1662,68.082,0.16917,68.353,0.16027,68.264,0.1662
1,0.51,4,68.244,0.16757,68.288,0.16008,67.876,0.16107,68.244,0.16757,68.288,0.16008,67.876,0.16107
1,0.51,5,68.6,0.16172,68.158,0.1693,67.876,0.14914,68.6,0.16172,68.158,0.1693,67.876,0.14914
1,0.52,2,67.369,0.16061,67.38,0.16175,67.487,0.15129,67.369,0.16061,67.38,0.16175,67.487,0.15129
1,0.52,3,68.082,0.16917,68.353,0.16027,68.264,0.1662,68.082,0.16917,68.353,0.16027,68.264,0.1662
1,0.52,4,68.244,0.16757,68.288,0.16008,67.876,0.16107,68.244,0.16757,68.288,0.16008,67.876,0.16107
1,0.52,5,68.6,0.16172,68.158,0.1693,67.876,0.14914,68.6,0.16172,68.158,0.1693,67.876,0.14914
1,0.53,2,67.369,0.16061,67.38,0.16175,67.487,0.15129,67.369,0.16061,67.38,0.16175,67.487,0.15129
1,0.53,3,68.082,0.16917,68.353,0.16027,68.264,0.1662,68.082,0.16917,68.353,0.16027,68.264,0.1662
1,0.53,4,68.244,0.16757,68.288,0.16008,67.876,0.16107,68.244,0.16757,68.288,0.16008,67.876,0.16107
1,0.53,5,68.6,0.16172,68.158,0.1693,67.876,0.14914,68.6,0.16172,68.158,0.1693,67.876,0.14914
1,0.54,2,67.369,0.16061,67.38,0.16175,67.487,0.15129,67.369,0.16061,67.38,0.16175,67.487,0.15129
1,0.54,3,68.082,0.16917,68.353,0.16027,68.264,0.1662,68.082,0.16917,68.353,0.16027,68.264,0.1662
1,0.54,4,68.244,0.16757,68.288,0.16008,67.876,0.16107,68.244,0.16757,68.288,0.16008,67.876,0.16107
1,0.54,5,68.6,0.16172,68.158,0.1693,67.876,0.14914,68.6,0.16172,68.158,0.1693,67.876,0.14914
1,0.55,2,67.369,0.16061,67.38,0.16175,67.487,0.15129,67.369,0.16061,67.38,0.16175,67.487,0.15129
1,0.55,3,68.082,0.16917,68.353,0.16027,68.264,0.1662,68.082,0.16917,68.353,0.16027,68.264,0.1662
1,0.55,4,68.244,0.16757,68.288,0.16008,67.876,0.16107,68.244,0.16757,68.288,0.16008,67.876,0.16107
1,0.55,5,68.6,0.16172,68.158,0.1693,67.876,0.14914,68.6,0.16172,68.158,0.1693,67.876,0.14914
2,0.01,2,67.012,0.14741,65.953,0.13089,66.645,0.15231,55.768,0,55.447,-0.0047691,54.08,0.00083708
2,0.01,3,67.596,0.18594,66.472,0.16704,68.653,0.21372,55.865,0,54.604,0.0033045,54.534,-0.016107
2,0.01,4,68.665,0.15972,67.38,0.16032,68.199,0.17023,62.022,0.0079945,57.912,-0.0026342,58.873,0.015722
2,0.02,2,67.012,0.14741,65.953,0.13089,66.645,0.15231,55.768,0,55.447,-0.0047691,54.08,0.00083708
2,0.02,3,67.596,0.18594,66.472,0.16704,68.653,0.21372,55.865,0,54.604,0.0033045,54.534,-0.016107
2,0.02,4,68.665,0.15972,67.38,0.16032,68.199,0.17023,62.022,0.0079945,57.912,-0.0026342,58.873,0.015722
2,0.03,2,67.012,0.14741,65.953,0.13089,66.645,0.15231,55.768,0,55.447,-0.0047691,54.08,0.00083708
2,0.03,3,67.596,0.18594,66.472,0.16704,68.653,0.21372,62.184,0.027703,59.403,0.077,59.132,0.04924
2,0.03,4,68.665,0.15972,67.38,0.16032,68.199,0.17023,63.221,0.027032,59.403,0.035658,60.427,0.029955
2,0.04,2,67.012,0.14741,65.953,0.13089,66.645,0.15231,55.768,0,55.447,-0.0047691,54.08,0.00083708
2,0.04,3,67.596,0.18594,66.472,0.16704,68.653,0.21372,62.184,0.027703,59.403,0.077,59.132,0.04924
2,0.04,4,68.665,0.15972,67.38,0.16032,68.199,0.17023,63.221,0.027032,59.403,0.035658,60.427,0.029955
2,0.05,2,67.012,0.14741,65.953,0.13089,66.645,0.15231,55.768,0,55.447,-0.0047691,54.08,0.00083708
2,0.05,3,67.596,0.18594,66.472,0.16704,68.653,0.21372,62.184,0.027703,59.403,0.077,59.132,0.04924
2,0.05,4,68.665,0.15972,67.38,0.16032,68.199,0.17023,63.221,0.027032,59.403,0.035658,60.427,0.029955
2,0.06,2,67.012,0.14741,65.953,0.13089,66.645,0.15231,55.768,0,55.447,-0.0047691,54.08,0.00083708
2,0.06,3,67.596,0.18594,66.472,0.16704,68.653,0.21372,62.184,0.027703,59.403,0.077,59.132,0.04924
2,0.06,4,68.665,0.15972,67.38,0.16032,68.199,0.17023,63.221,0.027032,59.403,0.035658,60.427,0.029955
2,0.07,2,67.012,0.14741,65.953,0.13089,66.645,0.15231,62.443,0.063424,62.062,0.087546,61.399,0.068213
2,0.07,3,67.596,0.18594,66.472,0.16704,68.653,0.21372,64.55,0.063454,61.673,0.092165,62.241,0.082238
2,0.07,4,68.665,0.15972,67.38,0.16032,68.199,0.17023,65.457,0.0678,62.127,0.11977,63.212,0.071441
2,0.08,2,67.012,0.14741,65.953,0.13089,66.645,0.15231,63.545,0.0771,62.387,0.10279,61.982,0.085343
2,0.08,3,67.596,0.18594,66.472,0.16704,68.653,0.21372,64.55,0.063454,61.673,0.092165,62.241,0.082238
2,0.08,4,68.665,0.15972,67.38,0.16032,68.199,0.17023,66.073,0.079856,62.257,0.11338,63.731,0.073907
2,0.09,2,67.012,0.14741,65.953,0.13089,66.645,0.15231,63.545,0.0771,62.387,0.10279,61.982,0.085343
2,0.09,3,67.596,0.18594,66.472,0.16704,68.653,0.21372,65.23,0.080508,62.127,0.087428,62.953,0.091173
2,0.09,4,68.665,0.15972,67.38,0.16032,68.199,0.17023,66.073,0.079856,62.257,0.11338,63.731,0.073907
2,0.1,2,67.012,0.14741,65.953,0.13089,66.645,0.15231,63.545,0.0771,62.387,0.10279,61.982,0.085343
2,0.1,3,67.596,0.18594,66.472,0.16704,68.653,0.21372,65.23,0.080508,62.127,0.087428,62.953,0.091173
2,0.1,4,68.665,0.15972,67.38,0.16032,68.199,0.17023,66.073,0.079856,62.257,0.11338,63.731,0.073907
2,0.11,2,67.012,0.14741,65.953,0.13089,66.645,0.15231,63.545,0.0771,62.387,0.10279,61.982,0.085343
2,0.11,3,67.596,0.18594,66.472,0.16704,68.653,0.21372,65.23,0.080508,62.127,0.087428,62.953,0.091173
2,0.11,4,68.665,0.15972,67.38,0.16032,68.199,0.17023,66.073,0.079856,62.257,0.11338,63.731,0.073907
2,0.12,2,67.012,0.14741,65.953,0.13089,66.645,0.15231,63.545,0.0771,62.387,0.10279,61.982,0.085343
2,0.12,3,67.596,0.18594,66.472,0.16704,68.653,0.21372,65.23,0.080508,62.127,0.087428,62.953,0.091173
2,0.12,4,68.665,0.15972,67.38,0.16032,68.199,0.17023,66.073,0.079856,62.257,0.11338,63.731,0.073907
2,0.13,2,67.012,0.14741,65.953,0.13089,66.645,0.15231,66.17,0.12993,65.37,0.13286,65.544,0.13396
2,0.13,3,67.596,0.18594,66.472,0.16704,68.653,0.21372,65.23,0.080508,62.127,0.087428,62.953,0.091173
2,0.13,4,68.665,0.15972,67.38,0.16032,68.199,0.17023,68.017,0.12847,64.786,0.14166,66.58,0.1208
2,0.14,2,67.012,0.14741,65.953,0.13089,66.645,0.15231,66.17,0.12993,65.37,0.13286,65.544,0.13396
2,0.14,3,67.596,0.18594,66.472,0.16704,68.653,0.21372,66.915,0.13425,64.656,0.11129,65.674,0.12975
2,0.14,4,68.665,0.15972,67.38,0.16032,68.199,0.17023,68.082,0.13067,65.629,0.14349,66.645,0.13142
2,0.15,2,67.012,0.14741,65.953,0.13089,66.645,0.15231,67.012,0.14741,65.953,0.13089,66.645,0.15231
2,0.15,3,67.596,0.18594,66.472,0.16704,68.653,0.21372,67.272,0.14881,65.888,0.1197,66.839,0.15562
2,0.15,4,68.665,0.15972,67.38,0.16032,68.199,0.17023,68.308,0.14003,66.018,0.14798,67.422,0.13874
2,0.16,2,67.012,0.14741,65.953,0.13089,66.645,0.15231,67.012,0.14741,65.953,0.13089,66.645,0.15231
2,0.16,3,67.596,0.18594,66.472,0.16704,68.653,0.21372,67.272,0.14881,65.888,0.1197,66.839,0.15562
2,0.16,4,68.665,0.15972,67.38,0.16032,68.199,0.17023,68.665,0.15972,67.38,0.16032,68.199,0.17023
2,0.17,2,67.012,0.14741,65.953,0.13089,66.645,0.15231,67.012,0.14741,65.953,0.13089,66.645,0.15231
2,0.17,3,67.596,0.18594,66.472,0.16704,68.653,0.21372,67.272,0.14881,65.888,0.1197,66.839,0.15562
2,0.17,4,68.665,0.15972,67.38,0.16032,68.199,0.17023,68.665,0.15972,67.38,0.16032,68.199,0.17023
2,0.18,2,67.012,0.14741,65.953,0.13089,66.645,0.15231,67.012,0.14741,65.953,0.13089,66.645,0.15231
2,0.18,3,67.596,0.18594,66.472,0.16704,68.653,0.21372,67.272,0.14881,65.888,0.1197,66.839,0.15562
2,0.18,4,68.665,0.15972,67.38,0.16032,68.199,0.17023,68.665,0.15972,67.38,0.16032,68.199,0.17023
2,0.19,2,67.012,0.14741,65.953,0.13089,66.645,0.15231,67.012,0.14741,65.953,0.13089,66.645,0.15231
2,0.19,3,67.596,0.18594,66.472,0.16704,68.653,0.21372,67.596,0.18594,66.472,0.16704,68.653,0.21372
2,0.19,4,68.665,0.15972,67.38,0.16032,68.199,0.17023,68.665,0.15972,67.38,0.16032,68.199,0.17023
2,0.2,2,67.012,0.14741,65.953,0.13089,66.645,0.15231,67.012,0.14741,65.953,0.13089,66.645,0.15231
2,0.2,3,67.596,0.18594,66.472,0.16704,68.653,0.21372,67.596,0.18594,66.472,0.16704,68.653,0.21372
2,0.2,4,68.665,0.15972,67.38,0.16032,68.199,0.17023,68.665,0.15972,67.38,0.16032,68.199,0.17023
2,0.21,2,67.012,0.14741,65.953,0.13089,66.645,0.15231,67.012,0.14741,65.953,0.13089,66.645,0.15231
2,0.21,3,67.596,0.18594,66.472,0.16704,68.653,0.21372,67.596,0.18594,66.472,0.16704,68.653,0.21372
2,0.21,4,68.665,0.15972,67.38,0.16032,68.199,0.17023,68.665,0.15972,67.38,0.16032,68.199,0.17023
2,0.22,2,67.012,0.14741,65.953,0.13089,66.645,0.15231,67.012,0.14741,65.953,0.13089,66.645,0.15231
2,0.22,3,67.596,0.18594,66.472,0.16704,68.653,0.21372,67.596,0.18594,66.472,0.16704,68.653,0.21372
2,0.22,4,68.665,0.15972,67.38,0.16032,68.199,0.17023,68.665,0.15972,67.38,0.16032,68.199,0.17023
2,0.23,2,67.012,0.14741,65.953,0.13089,66.645,0.15231,67.012,0.14741,65.953,0.13089,66.645,0.15231
2,0.23,3,67.596,0.18594,66.472,0.16704,68.653,0.21372,67.596,0.18594,66.472,0.16704,68.653,0.21372
2,0.23,4,68.665,0.15972,67.38,0.16032,68.199,0.17023,68.665,0.15972,67.38,0.16032,68.199,0.17023
2,0.24,2,67.012,0.14741,65.953,0.13089,66.645,0.15231,67.012,0.14741,65.953,0.13089,66.645,0.15231
2,0.24,3,67.596,0.18594,66.472,0.16704,68.653,0.21372,67.596,0.18594,66.472,0.16704,68.653,0.21372
2,0.24,4,68.665,0.15972,67.38,0.16032,68.199,0.17023,68.665,0.15972,67.38,0.16032,68.199,0.17023
2,0.25,2,67.012,0.14741,65.953,0.13089,66.645,0.15231,67.012,0.14741,65.953,0.13089,66.645,0.15231
2,0.25,3,67.596,0.18594,66.472,0.16704,68.653,0.21372,67.596,0.18594,66.472,0.16704,68.653,0.21372
2,0.25,4,68.665,0.15972,67.38,0.16032,68.199,0.17023,68.665,0.15972,67.38,0.16032,68.199,0.17023
2,0.26,2,67.012,0.14741,65.953,0.13089,66.645,0.15231,67.012,0.14741,65.953,0.13089,66.645,0.15231
2,0.26,3,67.596,0.18594,66.472,0.16704,68.653,0.21372,67.596,0.18594,66.472,0.16704,68.653,0.21372
2,0.26,4,68.665,0.15972,67.38,0.16032,68.199,0.17023,68.665,0.15972,67.38,0.16032,68.199,0.17023
2,0.27,2,67.012,0.14741,65.953,0.13089,66.645,0.15231,67.012,0.14741,65.953,0.13089,66.645,0.15231
2,0.27,3,67.596,0.18594,66.472,0.16704,68.653,0.21372,67.596,0.18594,66.472,0.16704,68.653,0.21372
2,0.27,4,68.665,0.15972,67.38,0.16032,68.199,0.17023,68.665,0.15972,67.38,0.16032,68.199,0.17023
2,0.28,2,67.012,0.14741,65.953,0.13089,66.645,0.15231,67.012,0.14741,65.953,0.13089,66.645,0.15231
2,0.28,3,67.596,0.18594,66.472,0.16704,68.653,0.21372,67.596,0.18594,66.472,0.16704,68.653,0.21372
2,0.28,4,68.665,0.15972,67.38,0.16032,68.199,0.17023,68.665,0.15972,67.38,0.16032,68.199,0.17023
2,0.29,2,67.012,0.14741,65.953,0.13089,66.645,0.15231,67.012,0.14741,65.953,0.13089,66.645,0.15231
2,0.29,3,67.596,0.18594,66.472,0.16704,68.653,0.21372,67.596,0.18594,66.472,0.16704,68.653,0.21372
2,0.29,4,68.665,0.15972,67.38,0.16032,68.199,0.17023,68.665,0.15972,67.38,0.16032,68.199,0.17023
2,0.3,2,67.012,0.14741,65.953,0.13089,66.645,0.15231,67.012,0.14741,65.953,0.13089,66.645,0.15231
2,0.3,3,67.596,0.18594,66.472,0.16704,68.653,0.21372,67.596,0.18594,66.472,0.16704,68.653,0.21372
2,0.3,4,68.665,0.15972,67.38,0.16032,68.199,0.17023,68.665,0.15972,67.38,0.16032,68.199,0.17023
2,0.31,2,67.012,0.14741,65.953,0.13089,66.645,0.15231,67.012,0.14741,65.953,0.13089,66.645,0.15231
2,0.31,3,67.596,0.18594,66.472,0.16704,68.653,0.21372,67.596,0.18594,66.472,0.16704,68.653,0.21372
2,0.31,4,68.665,0.15972,67.38,0.16032,68.199,0.17023,68.665,0.15972,67.38,0.16032,68.199,0.17023
2,0.32,2,67.012,0.14741,65.953,0.13089,66.645,0.15231,67.012,0.14741,65.953,0.13089,66.645,0.15231
2,0.32,3,67.596,0.18594,66.472,0.16704,68.653,0.21372,67.596,0.18594,66.472,0.16704,68.653,0.21372
2,0.32,4,68.665,0.15972,67.38,0.16032,68.199,0.17023,68.665,0.15972,67.38,0.16032,68.199,0.17023
2,0.33,2,67.012,0.14741,65.953,0.13089,66.645,0.15231,67.012,0.14741,65.953,0.13089,66.645,0.15231
2,0.33,3,67.596,0.18594,66.472,0.16704,68.653,0.21372,67.596,0.18594,66.472,0.16704,68.653,0.21372
2,0.33,4,68.665,0.15972,67.38,0.16032,68.199,0.17023,68.665,0.15972,67.38,0.16032,68.199,0.17023
2,0.34,2,67.012,0.14741,65.953,0.13089,66.645,0.15231,67.012,0.14741,65.953,0.13089,66.645,0.15231
2,0.34,3,67.596,0.18594,66.472,0.16704,68.653,0.21372,67.596,0.18594,66.472,0.16704,68.653,0.21372
2,0.34,4,68.665,0.15972,67.38,0.16032,68.199,0.17023,68.665,0.15972,67.38,0.16032,68.199,0.17023
2,0.35,2,67.012,0.14741,65.953,0.13089,66.645,0.15231,67.012,0.14741,65.953,0.13089,66.645,0.15231
2,0.35,3,67.596,0.18594,66.472,0.16704,68.653,0.21372,67.596,0.18594,66.472,0.16704,68.653,0.21372
2,0.35,4,68.665,0.15972,67.38,0.16032,68.199,0.17023,68.665,0.15972,67.38,0.16032,68.199,0.17023
2,0.36,2,67.012,0.14741,65.953,0.13089,66.645,0.15231,67.012,0.14741,65.953,0.13089,66.645,0.15231
2,0.36,3,67.596,0.18594,66.472,0.16704,68.653,0.21372,67.596,0.18594,66.472,0.16704,68.653,0.21372
2,0.36,4,68.665,0.15972,67.38,0.16032,68.199,0.17023,68.665,0.15972,67.38,0.16032,68.199,0.17023
2,0.37,2,67.012,0.14741,65.953,0.13089,66.645,0.15231,67.012,0.14741,65.953,0.13089,66.645,0.15231
2,0.37,3,67.596,0.18594,66.472,0.16704,68.653,0.21372,67.596,0.18594,66.472,0.16704,68.653,0.21372
2,0.37,4,68.665,0.15972,67.38,0.16032,68.199,0.17023,68.665,0.15972,67.38,0.16032,68.199,0.17023
2,0.38,2,67.012,0.14741,65.953,0.13089,66.645,0.15231,67.012,0.14741,65.953,0.13089,66.645,0.15231
2,0.38,3,67.596,0.18594,66.472,0.16704,68.653,0.21372,67.596,0.18594,66.472,0.16704,68.653,0.21372
2,0.38,4,68.665,0.15972,67.38,0.16032,68.199,0.17023,68.665,0.15972,67.38,0.16032,68.199,0.17023
2,0.39,2,67.012,0.14741,65.953,0.13089,66.645,0.15231,67.012,0.14741,65.953,0.13089,66.645,0.15231
2,0.39,3,67.596,0.18594,66.472,0.16704,68.653,0.21372,67.596,0.18594,66.472,0.16704,68.653,0.21372
2,0.39,4,68.665,0.15972,67.38,0.16032,68.199,0.17023,68.665,0.15972,67.38,0.16032,68.199,0.17023
2,0.4,2,67.012,0.14741,65.953,0.13089,66.645,0.15231,67.012,0.14741,65.953,0.13089,66.645,0.15231
2,0.4,3,67.596,0.18594,66.472,0.16704,68.653,0.21372,67.596,0.18594,66.472,0.16704,68.653,0.21372
2,0.4,4,68.665,0.15972,67.38,0.16032,68.199,0.17023,68.665,0.15972,67.38,0.16032,68.199,0.17023
2,0.41,2,67.012,0.14741,65.953,0.13089,66.645,0.15231,67.012,0.14741,65.953,0.13089,66.645,0.15231
2,0.41,3,67.596,0.18594,66.472,0.16704,68.653,0.21372,67.596,0.18594,66.472,0.16704,68.653,0.21372
2,0.41,4,68.665,0.15972,67.38,0.16032,68.199,0.17023,68.665,0.15972,67.38,0.16032,68.199,0.17023
2,0.42,2,67.012,0.14741,65.953,0.13089,66.645,0.15231,67.012,0.14741,65.953,0.13089,66.645,0.15231
2,0.42,3,67.596,0.18594,66.472,0.16704,68.653,0.21372,67.596,0.18594,66.472,0.16704,68.653,0.21372
2,0.42,4,68.665,0.15972,67.38,0.16032,68.199,0.17023,68.665,0.15972,67.38,0.16032,68.199,0.17023
2,0.43,2,67.012,0.14741,65.953,0.13089,66.645,0.15231,67.012,0.14741,65.953,0.13089,66.645,0.15231
2,0.43,3,67.596,0.18594,66.472,0.16704,68.653,0.21372,67.596,0.18594,66.472,0.16704,68.653,0.21372
2,0.43,4,68.665,0.15972,67.38,0.16032,68.199,0.17023,68.665,0.15972,67.38,0.16032,68.199,0.17023
2,0.44,2,67.012,0.14741,65.953,0.13089,66.645,0.15231,67.012,0.14741,65.953,0.13089,66.645,0.15231
2,0.44,3,67.596,0.18594,66.472,0.16704,68.653,0.21372,67.596,0.18594,66.472,0.16704,68.653,0.21372
2,0.44,4,68.665,0.15972,67.38,0.16032,68.199,0.17023,68.665,0.15972,67.38,0.16032,68.199,0.17023
2,0.45,2,67.012,0.14741,65.953,0.13089,66.645,0.15231,67.012,0.14741,65.953,0.13089,66.645,0.15231
2,0.45,3,67.596,0.18594,66.472,0.16704,68.653,0.21372,67.596,0.18594,66.472,0.16704,68.653,0.21372
2,0.45,4,68.665,0.15972,67.38,0.16032,68.199,0.17023,68.665,0.15972,67.38,0.16032,68.199,0.17023
2,0.46,2,67.012,0.14741,65.953,0.13089,66.645,0.15231,67.012,0.14741,65.953,0.13089,66.645,0.15231
2,0.46,3,67.596,0.18594,66.472,0.16704,68.653,0.21372,67.596,0.18594,66.472,0.16704,68.653,0.21372
2,0.46,4,68.665,0.15972,67.38,0.16032,68.199,0.17023,68.665,0.15972,67.38,0.16032,68.199,0.17023
2,0.47,2,67.012,0.14741,65.953,0.13089,66.645,0.15231,67.012,0.14741,65.953,0.13089,66.645,0.15231
2,0.47,3,67.596,0.18594,66.472,0.16704,68.653,0.21372,67.596,0.18594,66.472,0.16704,68.653,0.21372
2,0.47,4,68.665,0.15972,67.38,0.16032,68.199,0.17023,68.665,0.15972,67.38,0.16032,68.199,0.17023
2,0.48,2,67.012,0.14741,65.953,0.13089,66.645,0.15231,67.012,0.14741,65.953,0.13089,66.645,0.15231
2,0.48,3,67.596,0.18594,66.472,0.16704,68.653,0.21372,67.596,0.18594,66.472,0.16704,68.653,0.21372
2,0.48,4,68.665,0.15972,67.38,0.16032,68.199,0.17023,68.665,0.15972,67.38,0.16032,68.199,0.17023
2,0.49,2,67.012,0.14741,65.953,0.13089,66.645,0.15231,67.012,0.14741,65.953,0.13089,66.645,0.15231
2,0.49,3,67.596,0.18594,66.472,0.16704,68.653,0.21372,67.596,0.18594,66.472,0.16704,68.653,0.21372
2,0.49,4,68.665,0.15972,67.38,0.16032,68.199,0.17023,68.665,0.15972,67.38,0.16032,68.199,0.17023
2,0.5,2,67.012,0.14741,65.953,0.13089,66.645,0.15231,67.012,0.14741,65.953,0.13089,66.645,0.15231
2,0.5,3,67.596,0.18594,66.472,0.16704,68.653,0.21372,67.596,0.18594,66.472,0.16704,68.653,0.21372
2,0.5,4,68.665,0.15972,67.38,0.16032,68.199,0.17023,68.665,0.15972,67.38,0.16032,68.199,0.17023
2,0.51,2,67.012,0.14741,65.953,0.13089,66.645,0.15231,67.012,0.14741,65.953,0.13089,66.645,0.15231
2,0.51,3,67.596,0.18594,66.472,0.16704,68.653,0.21372,67.596,0.18594,66.472,0.16704,68.653,0.21372
2,0.51,4,68.665,0.15972,67.38,0.16032,68.199,0.17023,68.665,0.15972,67.38,0.16032,68.199,0.17023
2,0.52,2,67.012,0.14741,65.953,0.13089,66.645,0.15231,67.012,0.14741,65.953,0.13089,66.645,0.15231
2,0.52,3,67.596,0.18594,66.472,0.16704,68.653,0.21372,67.596,0.18594,66.472,0.16704,68.653,0.21372
2,0.52,4,68.665,0.15972,67.38,0.16032,68.199,0.17023,68.665,0.15972,67.38,0.16032,68.199,0.17023
2,0.53,2,67.012,0.14741,65.953,0.13089,66.645,0.15231,67.012,0.14741,65.953,0.13089,66.645,0.15231
2,0.53,3,67.596,0.18594,66.472,0.16704,68.653,0.21372,67.596,0.18594,66.472,0.16704,68.653,0.21372
2,0.53,4,68.665,0.15972,67.38,0.16032,68.199,0.17023,68.665,0.15972,67.38,0.16032,68.199,0.17023
2,0.54,2,67.012,0.14741,65.953,0.13089,66.645,0.15231,67.012,0.14741,65.953,0.13089,66.645,0.15231
2,0.54,3,67.596,0.18594,66.472,0.16704,68.653,0.21372,67.596,0.18594,66.472,0.16704,68.653,0.21372
2,0.54,4,68.665,0.15972,67.38,0.16032,68.199,0.17023,68.665,0.15972,67.38,0.16032,68.199,0.17023
2,0.55,2,67.012,0.14741,65.953,0.13089,66.645,0.15231,67.012,0.14741,65.953,0.13089,66.645,0.15231
2,0.55,3,67.596,0.18594,66.472,0.16704,68.653,0.21372,67.596,0.18594,66.472,0.16704,68.653,0.21372
2,0.55,4,68.665,0.15972,67.38,0.16032,68.199,0.17023,68.665,0.15972,67.38,0.16032,68.199,0.17023
3,0.01,2,67.92,0.15136,67.445,0.16408,66.192,0.15792,57.55,0,57.912,-0.0063087,58.614,0.0087891
3,0.01,3,68.049,0.15211,67.964,0.16555,66.516,0.16004,57.55,0,57.912,-0.0063087,58.614,0.0087891
3,0.01,4,68.503,0.16353,68.418,0.18786,66.969,0.17498,60.564,0.0040731,59.468,0.034663,61.01,0.031748
1,0.01,5,68.989,0.1553,67.964,0.1639,67.163,0.17701,60.564,0,58.431,0.016042,59.909,0.054639
3,0.02,2,67.92,0.15136,67.445,0.16408,66.192,0.15792,57.55,0,57.912,-0.0063087,58.614,0.0087891
3,0.02,3,68.049,0.15211,67.964,0.16555,66.516,0.16004,57.55,0,57.912,-0.0063087,58.614,0.0087891
3,0.02,4,68.503,0.16353,68.418,0.18786,66.969,0.17498,60.564,0.0040731,59.468,0.034663,61.01,0.031748
1,0.02,5,68.989,0.1553,67.964,0.1639,67.163,0.17701,60.564,0,58.431,0.016042,59.909,0.054639
3,0.03,2,67.92,0.15136,67.445,0.16408,66.192,0.15792,57.55,0,57.912,-0.0063087,58.614,0.0087891
3,0.03,3,68.049,0.15211,67.964,0.16555,66.516,0.16004,57.55,0,57.912,-0.0063087,58.614,0.0087891
3,0.03,4,68.503,0.16353,68.418,0.18786,66.969,0.17498,60.564,0.0040731,59.468,0.034663,61.01,0.031748
1,0.03,5,68.989,0.1553,67.964,0.1639,67.163,0.17701,63.61,0.024923,60.96,0.046884,62.047,0.089088
3,0.04,2,67.92,0.15136,67.445,0.16408,66.192,0.15792,57.55,0,57.912,-0.0063087,58.614,0.0087891
3,0.04,3,68.049,0.15211,67.964,0.16555,66.516,0.16004,57.55,0,57.912,-0.0063087,58.614,0.0087891
3,0.04,4,68.503,0.16353,68.418,0.18786,66.969,0.17498,60.564,0.0040731,59.468,0.034663,61.01,0.031748
1,0.04,5,68.989,0.1553,67.964,0.1639,67.163,0.17701,63.61,0.024923,60.96,0.046884,62.047,0.089088
3,0.05,2,67.92,0.15136,67.445,0.16408,66.192,0.15792,57.55,0,57.912,-0.0063087,58.614,0.0087891
3,0.05,3,68.049,0.15211,67.964,0.16555,66.516,0.16004,57.55,0,57.912,-0.0063087,58.614,0.0087891
3,0.05,4,68.503,0.16353,68.418,0.18786,66.969,0.17498,63.513,0.048789,61.868,0.063864,63.472,0.075755
1,0.05,5,68.989,0.1553,67.964,0.1639,67.163,0.17701,63.61,0.024923,60.96,0.046884,62.047,0.089088
3,0.06,2,67.92,0.15136,67.445,0.16408,66.192,0.15792,57.55,0,57.912,-0.0063087,58.614,0.0087891
3,0.06,3,68.049,0.15211,67.964,0.16555,66.516,0.16004,57.55,0,57.912,-0.0063087,58.614,0.0087891
3,0.06,4,68.503,0.16353,68.418,0.18786,66.969,0.17498,63.513,0.048789,61.868,0.063864,63.472,0.075755
1,0.06,5,68.989,0.1553,67.964,0.1639,67.163,0.17701,63.61,0.024923,60.96,0.046884,62.047,0.089088
3,0.07,2,67.92,0.15136,67.445,0.16408,66.192,0.15792,57.55,0,57.912,-0.0063087,58.614,0.0087891
3,0.07,3,68.049,0.15211,67.964,0.16555,66.516,0.16004,63.675,0.067748,63.294,0.081608,62.953,0.067646
3,0.07,4,68.503,0.16353,68.418,0.18786,66.969,0.17498,64.128,0.060155,62.127,0.07627,63.666,0.078238
1,0.07,5,68.989,0.1553,67.964,0.1639,67.163,0.17701,65.911,0.062467,62.905,0.082102,63.666,0.1086
3,0.08,2,67.92,0.15136,67.445,0.16408,66.192,0.15792,57.55,0,57.912,-0.0063087,58.614,0.0087891
3,0.08,3,68.049,0.15211,67.964,0.16555,66.516,0.16004,63.675,0.067748,63.294,0.081608,62.953,0.067646
3,0.08,4,68.503,0.16353,68.418,0.18786,66.969,0.17498,64.128,0.060155,62.127,0.07627,63.666,0.078238
1,0.08,5,68.989,0.1553,67.964,0.1639,67.163,0.17701,66.818,0.078149,64.397,0.10386,64.702,0.13001
3,0.09,2,67.92,0.15136,67.445,0.16408,66.192,0.15792,57.55,0,57.912,-0.0063087,58.614,0.0087891
3,0.09,3,68.049,0.15211,67.964,0.16555,66.516,0.16004,63.675,0.067748,63.294,0.081608,62.953,0.067646
3,0.09,4,68.503,0.16353,68.418,0.18786,66.969,0.17498,64.128,0.060155,62.127,0.07627,63.666,0.078238
1,0.09,5,68.989,0.1553,67.964,0.1639,67.163,0.17701,67.207,0.085698,64.397,0.10374,65.091,0.13549
3,0.1,2,67.92,0.15136,67.445,0.16408,66.192,0.15792,57.55,0,57.912,-0.0063087,58.614,0.0087891
3,0.1,3,68.049,0.15211,67.964,0.16555,66.516,0.16004,65.522,0.098181,66.083,0.12261,64.313,0.098594
3,0.1,4,68.503,0.16353,68.418,0.18786,66.969,0.17498,65.943,0.094702,63.684,0.10797,64.702,0.10032
1,0.1,5,68.989,0.1553,67.964,0.1639,67.163,0.17701,67.207,0.085698,64.397,0.10374,65.091,0.13549
3,0.11,2,67.92,0.15136,67.445,0.16408,66.192,0.15792,57.55,0,57.912,-0.0063087,58.614,0.0087891
3,0.11,3,68.049,0.15211,67.964,0.16555,66.516,0.16004,65.522,0.098181,66.083,0.12261,64.313,0.098594
3,0.11,4,68.503,0.16353,68.418,0.18786,66.969,0.17498,66.364,0.10293,65.11,0.12346,65.026,0.11795
1,0.11,5,68.989,0.1553,67.964,0.1639,67.163,0.17701,68.049,0.10481,65.175,0.12759,65.738,0.15361
3,0.12,2,67.92,0.15136,67.445,0.16408,66.192,0.15792,66.137,0.11616,65.24,0.11988,65.026,0.12269
3,0.12,3,68.049,0.15211,67.964,0.16555,66.516,0.16004,65.522,0.098181,66.083,0.12261,64.313,0.098594
3,0.12,4,68.503,0.16353,68.418,0.18786,66.969,0.17498,66.364,0.10293,65.11,0.12346,65.026,0.11795
1,0.12,5,68.989,0.1553,67.964,0.1639,67.163,0.17701,68.341,0.11427,66.018,0.13576,66.256,0.15873
3,0.13,2,67.92,0.15136,67.445,0.16408,66.192,0.15792,66.137,0.11616,65.24,0.11988,65.026,0.12269
3,0.13,3,68.049,0.15211,67.964,0.16555,66.516,0.16004,65.522,0.098181,66.083,0.12261,64.313,0.098594
3,0.13,4,68.503,0.16353,68.418,0.18786,66.969,0.17498,67.563,0.12807,67.445,0.15339,66.58,0.14448
1,0.13,5,68.989,0.1553,67.964,0.1639,67.163,0.17701,68.341,0.11427,66.018,0.13576,66.256,0.15873
3,0.14,2,67.92,0.15136,67.445,0.16408,66.192,0.15792,66.137,0.11616,65.24,0.11988,65.026,0.12269
3,0.14,3,68.049,0.15211,67.964,0.16555,66.516,0.16004,65.522,0.098181,66.083,0.12261,64.313,0.098594
3,0.14,4,68.503,0.16353,68.418,0.18786,66.969,0.17498,67.822,0.1337,67.639,0.16237,66.839,0.14567
1,0.14,5,68.989,0.1553,67.964,0.1639,67.163,0.17701,68.665,0.13219,66.732,0.14412,66.645,0.16696
3,0.15,2,67.92,0.15136,67.445,0.16408,66.192,0.15792,66.137,0.11616,65.24,0.11988,65.026,0.12269
3,0.15,3,68.049,0.15211,67.964,0.16555,66.516,0.16004,67.984,0.14659,68.029,0.16088,66.386,0.15364
3,0.15,4,68.503,0.16353,68.418,0.18786,66.969,0.17498,67.822,0.1337,67.639,0.16237,66.839,0.14567
1,0.15,5,68.989,0.1553,67.964,0.1639,67.163,0.17701,68.957,0.14931,67.769,0.15794,66.904,0.17688
3,0.16,2,67.92,0.15136,67.445,0.16408,66.192,0.15792,67.92,0.15136,67.445,0.16408,66.192,0.15792
3,0.16,3,68.049,0.15211,67.964,0.16555,66.516,0.16004,68.049,0.15211,67.964,0.16555,66.516,0.16004
3,0.16,4,68.503,0.16353,68.418,0.18786,66.969,0.17498,68.503,0.15847,68.482,0.18319,66.969,0.16949
1,0.16,5,68.989,0.1553,67.964,0.1639,67.163,0.17701,68.989,0.1553,67.964,0.1639,67.163,0.17701
3,0.17,2,67.92,0.15136,67.445,0.16408,66.192,0.15792,67.92,0.15136,67.445,0.16408,66.192,0.15792
3,0.17,3,68.049,0.15211,67.964,0.16555,66.516,0.16004,68.049,0.15211,67.964,0.16555,66.516,0.16004
3,0.17,4,68.503,0.16353,68.418,0.18786,66.969,0.17498,68.503,0.16353,68.418,0.18786,66.969,0.17498
1,0.17,5,68.989,0.1553,67.964,0.1639,67.163,0.17701,68.989,0.1553,67.964,0.1639,67.163,0.17701
3,0.18,2,67.92,0.15136,67.445,0.16408,66.192,0.15792,67.92,0.15136,67.445,0.16408,66.192,0.15792
3,0.18,3,68.049,0.15211,67.964,0.16555,66.516,0.16004,68.049,0.15211,67.964,0.16555,66.516,0.16004
3,0.18,4,68.503,0.16353,68.418,0.18786,66.969,0.17498,68.503,0.16353,68.418,0.18786,66.969,0.17498
1,0.18,5,68.989,0.1553,67.964,0.1639,67.163,0.17701,68.989,0.1553,67.964,0.1639,67.163,0.17701
3,0.19,2,67.92,0.15136,67.445,0.16408,66.192,0.15792,67.92,0.15136,67.445,0.16408,66.192,0.15792
3,0.19,3,68.049,0.15211,67.964,0.16555,66.516,0.16004,68.049,0.15211,67.964,0.16555,66.516,0.16004
3,0.19,4,68.503,0.16353,68.418,0.18786,66.969,0.17498,68.503,0.16353,68.418,0.18786,66.969,0.17498
1,0.19,5,68.989,0.1553,67.964,0.1639,67.163,0.17701,68.989,0.1553,67.964,0.1639,67.163,0.17701
3,0.2,2,67.92,0.15136,67.445,0.16408,66.192,0.15792,67.92,0.15136,67.445,0.16408,66.192,0.15792
3,0.2,3,68.049,0.15211,67.964,0.16555,66.516,0.16004,68.049,0.15211,67.964,0.16555,66.516,0.16004
3,0.2,4,68.503,0.16353,68.418,0.18786,66.969,0.17498,68.503,0.16353,68.418,0.18786,66.969,0.17498
1,0.2,5,68.989,0.1553,67.964,0.1639,67.163,0.17701,68.989,0.1553,67.964,0.1639,67.163,0.17701
3,0.21,2,67.92,0.15136,67.445,0.16408,66.192,0.15792,67.92,0.15136,67.445,0.16408,66.192,0.15792
3,0.21,3,68.049,0.15211,67.964,0.16555,66.516,0.16004,68.049,0.15211,67.964,0.16555,66.516,0.16004
3,0.21,4,68.503,0.16353,68.418,0.18786,66.969,0.17498,68.503,0.16353,68.418,0.18786,66.969,0.17498
1,0.21,5,68.989,0.1553,67.964,0.1639,67.163,0.17701,68.989,0.1553,67.964,0.1639,67.163,0.17701
3,0.22,2,67.92,0.15136,67.445,0.16408,66.192,0.15792,67.92,0.15136,67.445,0.16408,66.192,0.15792
3,0.22,3,68.049,0.15211,67.964,0.16555,66.516,0.16004,68.049,0.15211,67.964,0.16555,66.516,0.16004
3,0.22,4,68.503,0.16353,68.418,0.18786,66.969,0.17498,68.503,0.16353,68.418,0.18786,66.969,0.17498
1,0.22,5,68.989,0.1553,67.964,0.1639,67.163,0.17701,68.989,0.1553,67.964,0.1639,67.163,0.17701
3,0.23,2,67.92,0.15136,67.445,0.16408,66.192,0.15792,67.92,0.15136,67.445,0.16408,66.192,0.15792
3,0.23,3,68.049,0.15211,67.964,0.16555,66.516,0.16004,68.049,0.15211,67.964,0.16555,66.516,0.16004
3,0.23,4,68.503,0.16353,68.418,0.18786,66.969,0.17498,68.503,0.16353,68.418,0.18786,66.969,0.17498
1,0.23,5,68.989,0.1553,67.964,0.1639,67.163,0.17701,68.989,0.1553,67.964,0.1639,67.163,0.17701
3,0.24,2,67.92,0.15136,67.445,0.16408,66.192,0.15792,67.92,0.15136,67.445,0.16408,66.192,0.15792
3,0.24,3,68.049,0.15211,67.964,0.16555,66.516,0.16004,68.049,0.15211,67.964,0.16555,66.516,0.16004
3,0.24,4,68.503,0.16353,68.418,0.18786,66.969,0.17498,68.503,0.16353,68.418,0.18786,66.969,0.17498
1,0.24,5,68.989,0.1553,67.964,0.1639,67.163,0.17701,68.989,0.1553,67.964,0.1639,67.163,0.17701
3,0.25,2,67.92,0.15136,67.445,0.16408,66.192,0.15792,67.92,0.15136,67.445,0.16408,66.192,0.15792
3,0.25,3,68.049,0.15211,67.964,0.16555,66.516,0.16004,68.049,0.15211,67.964,0.16555,66.516,0.16004
3,0.25,4,68.503,0.16353,68.418,0.18786,66.969,0.17498,68.503,0.16353,68.418,0.18786,66.969,0.17498
1,0.25,5,68.989,0.1553,67.964,0.1639,67.163,0.17701,68.989,0.1553,67.964,0.1639,67.163,0.17701
3,0.26,2,67.92,0.15136,67.445,0.16408,66.192,0.15792,67.92,0.15136,67.445,0.16408,66.192,0.15792
3,0.26,3,68.049,0.15211,67.964,0.16555,66.516,0.16004,68.049,0.15211,67.964,0.16555,66.516,0.16004
3,0.26,4,68.503,0.16353,68.418,0.18786,66.969,0.17498,68.503,0.16353,68.418,0.18786,66.969,0.17498
1,0.26,5,68.989,0.1553,67.964,0.1639,67.163,0.17701,68.989,0.1553,67.964,0.1639,67.163,0.17701
3,0.27,2,67.92,0.15136,67.445,0.16408,66.192,0.15792,67.92,0.15136,67.445,0.16408,66.192,0.15792
3,0.27,3,68.049,0.15211,67.964,0.16555,66.516,0.16004,68.049,0.15211,67.964,0.16555,66.516,0.16004
3,0.27,4,68.503,0.16353,68.418,0.18786,66.969,0.17498,68.503,0.16353,68.418,0.18786,66.969,0.17498
1,0.27,5,68.989,0.1553,67.964,0.1639,67.163,0.17701,68.989,0.1553,67.964,0.1639,67.163,0.17701
3,0.28,2,67.92,0.15136,67.445,0.16408,66.192,0.15792,67.92,0.15136,67.445,0.16408,66.192,0.15792
3,0.28,3,68.049,0.15211,67.964,0.16555,66.516,0.16004,68.049,0.15211,67.964,0.16555,66.516,0.16004
3,0.28,4,68.503,0.16353,68.418,0.18786,66.969,0.17498,68.503,0.16353,68.418,0.18786,66.969,0.17498
1,0.28,5,68.989,0.1553,67.964,0.1639,67.163,0.17701,68.989,0.1553,67.964,0.1639,67.163,0.17701
3,0.29,2,67.92,0.15136,67.445,0.16408,66.192,0.15792,67.92,0.15136,67.445,0.16408,66.192,0.15792
3,0.29,3,68.049,0.15211,67.964,0.16555,66.516,0.16004,68.049,0.15211,67.964,0.16555,66.516,0.16004
3,0.29,4,68.503,0.16353,68.418,0.18786,66.969,0.17498,68.503,0.16353,68.418,0.18786,66.969,0.17498
1,0.29,5,68.989,0.1553,67.964,0.1639,67.163,0.17701,68.989,0.1553,67.964,0.1639,67.163,0.17701
3,0.3,2,67.92,0.15136,67.445,0.16408,66.192,0.15792,67.92,0.15136,67.445,0.16408,66.192,0.15792
3,0.3,3,68.049,0.15211,67.964,0.16555,66.516,0.16004,68.049,0.15211,67.964,0.16555,66.516,0.16004
3,0.3,4,68.503,0.16353,68.418,0.18786,66.969,0.17498,68.503,0.16353,68.418,0.18786,66.969,0.17498
1,0.3,5,68.989,0.1553,67.964,0.1639,67.163,0.17701,68.989,0.1553,67.964,0.1639,67.163,0.17701
3,0.31,2,67.92,0.15136,67.445,0.16408,66.192,0.15792,67.92,0.15136,67.445,0.16408,66.192,0.15792
3,0.31,3,68.049,0.15211,67.964,0.16555,66.516,0.16004,68.049,0.15211,67.964,0.16555,66.516,0.16004
3,0.31,4,68.503,0.16353,68.418,0.18786,66.969,0.17498,68.503,0.16353,68.418,0.18786,66.969,0.17498
1,0.31,5,68.989,0.1553,67.964,0.1639,67.163,0.17701,68.989,0.1553,67.964,0.1639,67.163,0.17701
3,0.32,2,67.92,0.15136,67.445,0.16408,66.192,0.15792,67.92,0.15136,67.445,0.16408,66.192,0.15792
3,0.32,3,68.049,0.15211,67.964,0.16555,66.516,0.16004,68.049,0.15211,67.964,0.16555,66.516,0.16004
3,0.32,4,68.503,0.16353,68.418,0.18786,66.969,0.17498,68.503,0.16353,68.418,0.18786,66.969,0.17498
1,0.32,5,68.989,0.1553,67.964,0.1639,67.163,0.17701,68.989,0.1553,67.964,0.1639,67.163,0.17701
3,0.33,2,67.92,0.15136,67.445,0.16408,66.192,0.15792,67.92,0.15136,67.445,0.16408,66.192,0.15792
3,0.33,3,68.049,0.15211,67.964,0.16555,66.516,0.16004,68.049,0.15211,67.964,0.16555,66.516,0.16004
3,0.33,4,68.503,0.16353,68.418,0.18786,66.969,0.17498,68.503,0.16353,68.418,0.18786,66.969,0.17498
1,0.33,5,68.989,0.1553,67.964,0.1639,67.163,0.17701,68.989,0.1553,67.964,0.1639,67.163,0.17701
3,0.34,2,67.92,0.15136,67.445,0.16408,66.192,0.15792,67.92,0.15136,67.445,0.16408,66.192,0.15792
3,0.34,3,68.049,0.15211,67.964,0.16555,66.516,0.16004,68.049,0.15211,67.964,0.16555,66.516,0.16004
3,0.34,4,68.503,0.16353,68.418,0.18786,66.969,0.17498,68.503,0.16353,68.418,0.18786,66.969,0.17498
1,0.34,5,68.989,0.1553,67.964,0.1639,67.163,0.17701,68.989,0.1553,67.964,0.1639,67.163,0.17701
3,0.35,2,67.92,0.15136,67.445,0.16408,66.192,0.15792,67.92,0.15136,67.445,0.16408,66.192,0.15792
3,0.35,3,68.049,0.15211,67.964,0.16555,66.516,0.16004,68.049,0.15211,67.964,0.16555,66.516,0.16004
3,0.35,4,68.503,0.16353,68.418,0.18786,66.969,0.17498,68.503,0.16353,68.418,0.18786,66.969,0.17498
1,0.35,5,68.989,0.1553,67.964,0.1639,67.163,0.17701,68.989,0.1553,67.964,0.1639,67.163,0.17701
3,0.36,2,67.92,0.15136,67.445,0.16408,66.192,0.15792,67.92,0.15136,67.445,0.16408,66.192,0.15792
3,0.36,3,68.049,0.15211,67.964,0.16555,66.516,0.16004,68.049,0.15211,67.964,0.16555,66.516,0.16004
3,0.36,4,68.503,0.16353,68.418,0.18786,66.969,0.17498,68.503,0.16353,68.418,0.18786,66.969,0.17498
1,0.36,5,68.989,0.1553,67.964,0.1639,67.163,0.17701,68.989,0.1553,67.964,0.1639,67.163,0.17701
3,0.37,2,67.92,0.15136,67.445,0.16408,66.192,0.15792,67.92,0.15136,67.445,0.16408,66.192,0.15792
3,0.37,3,68.049,0.15211,67.964,0.16555,66.516,0.16004,68.049,0.15211,67.964,0.16555,66.516,0.16004
3,0.37,4,68.503,0.16353,68.418,0.18786,66.969,0.17498,68.503,0.16353,68.418,0.18786,66.969,0.17498
1,0.37,5,68.989,0.1553,67.964,0.1639,67.163,0.17701,68.989,0.1553,67.964,0.1639,67.163,0.17701
3,0.38,2,67.92,0.15136,67.445,0.16408,66.192,0.15792,67.92,0.15136,67.445,0.16408,66.192,0.15792
3,0.38,3,68.049,0.15211,67.964,0.16555,66.516,0.16004,68.049,0.15211,67.964,0.16555,66.516,0.16004
3,0.38,4,68.503,0.16353,68.418,0.18786,66.969,0.17498,68.503,0.16353,68.418,0.18786,66.969,0.17498
1,0.38,5,68.989,0.1553,67.964,0.1639,67.163,0.17701,68.989,0.1553,67.964,0.1639,67.163,0.17701
3,0.39,2,67.92,0.15136,67.445,0.16408,66.192,0.15792,67.92,0.15136,67.445,0.16408,66.192,0.15792
3,0.39,3,68.049,0.15211,67.964,0.16555,66.516,0.16004,68.049,0.15211,67.964,0.16555,66.516,0.16004
3,0.39,4,68.503,0.16353,68.418,0.18786,66.969,0.17498,68.503,0.16353,68.418,0.18786,66.969,0.17498
1,0.39,5,68.989,0.1553,67.964,0.1639,67.163,0.17701,68.989,0.1553,67.964,0.1639,67.163,0.17701
3,0.4,2,67.92,0.15136,67.445,0.16408,66.192,0.15792,67.92,0.15136,67.445,0.16408,66.192,0.15792
3,0.4,3,68.049,0.15211,67.964,0.16555,66.516,0.16004,68.049,0.15211,67.964,0.16555,66.516,0.16004
3,0.4,4,68.503,0.16353,68.418,0.18786,66.969,0.17498,68.503,0.16353,68.418,0.18786,66.969,0.17498
1,0.4,5,68.989,0.1553,67.964,0.1639,67.163,0.17701,68.989,0.1553,67.964,0.1639,67.163,0.17701
3,0.41,2,67.92,0.15136,67.445,0.16408,66.192,0.15792,67.92,0.15136,67.445,0.16408,66.192,0.15792
3,0.41,3,68.049,0.15211,67.964,0.16555,66.516,0.16004,68.049,0.15211,67.964,0.16555,66.516,0.16004
3,0.41,4,68.503,0.16353,68.418,0.18786,66.969,0.17498,68.503,0.16353,68.418,0.18786,66.969,0.17498
1,0.41,5,68.989,0.1553,67.964,0.1639,67.163,0.17701,68.989,0.1553,67.964,0.1639,67.163,0.17701
3,0.42,2,67.92,0.15136,67.445,0.16408,66.192,0.15792,67.92,0.15136,67.445,0.16408,66.192,0.15792
3,0.42,3,68.049,0.15211,67.964,0.16555,66.516,0.16004,68.049,0.15211,67.964,0.16555,66.516,0.16004
3,0.42,4,68.503,0.16353,68.418,0.18786,66.969,0.17498,68.503,0.16353,68.418,0.18786,66.969,0.17498
1,0.42,5,68.989,0.1553,67.964,0.1639,67.163,0.17701,68.989,0.1553,67.964,0.1639,67.163,0.17701
3,0.43,2,67.92,0.15136,67.445,0.16408,66.192,0.15792,67.92,0.15136,67.445,0.16408,66.192,0.15792
3,0.43,3,68.049,0.15211,67.964,0.16555,66.516,0.16004,68.049,0.15211,67.964,0.16555,66.516,0.16004
3,0.43,4,68.503,0.16353,68.418,0.18786,66.969,0.17498,68.503,0.16353,68.418,0.18786,66.969,0.17498
1,0.43,5,68.989,0.1553,67.964,0.1639,67.163,0.17701,68.989,0.1553,67.964,0.1639,67.163,0.17701
3,0.44,2,67.92,0.15136,67.445,0.16408,66.192,0.15792,67.92,0.15136,67.445,0.16408,66.192,0.15792
3,0.44,3,68.049,0.15211,67.964,0.16555,66.516,0.16004,68.049,0.15211,67.964,0.16555,66.516,0.16004
3,0.44,4,68.503,0.16353,68.418,0.18786,66.969,0.17498,68.503,0.16353,68.418,0.18786,66.969,0.17498
1,0.44,5,68.989,0.1553,67.964,0.1639,67.163,0.17701,68.989,0.1553,67.964,0.1639,67.163,0.17701
3,0.45,2,67.92,0.15136,67.445,0.16408,66.192,0.15792,67.92,0.15136,67.445,0.16408,66.192,0.15792
3,0.45,3,68.049,0.15211,67.964,0.16555,66.516,0.16004,68.049,0.15211,67.964,0.16555,66.516,0.16004
3,0.45,4,68.503,0.16353,68.418,0.18786,66.969,0.17498,68.503,0.16353,68.418,0.18786,66.969,0.17498
1,0.45,5,68.989,0.1553,67.964,0.1639,67.163,0.17701,68.989,0.1553,67.964,0.1639,67.163,0.17701
3,0.46,2,67.92,0.15136,67.445,0.16408,66.192,0.15792,67.92,0.15136,67.445,0.16408,66.192,0.15792
3,0.46,3,68.049,0.15211,67.964,0.16555,66.516,0.16004,68.049,0.15211,67.964,0.16555,66.516,0.16004
3,0.46,4,68.503,0.16353,68.418,0.18786,66.969,0.17498,68.503,0.16353,68.418,0.18786,66.969,0.17498
1,0.46,5,68.989,0.1553,67.964,0.1639,67.163,0.17701,68.989,0.1553,67.964,0.1639,67.163,0.17701
3,0.47,2,67.92,0.15136,67.445,0.16408,66.192,0.15792,67.92,0.15136,67.445,0.16408,66.192,0.15792
3,0.47,3,68.049,0.15211,67.964,0.16555,66.516,0.16004,68.049,0.15211,67.964,0.16555,66.516,0.16004
3,0.47,4,68.503,0.16353,68.418,0.18786,66.969,0.17498,68.503,0.16353,68.418,0.18786,66.969,0.17498
1,0.47,5,68.989,0.1553,67.964,0.1639,67.163,0.17701,68.989,0.1553,67.964,0.1639,67.163,0.17701
3,0.48,2,67.92,0.15136,67.445,0.16408,66.192,0.15792,67.92,0.15136,67.445,0.16408,66.192,0.15792
3,0.48,3,68.049,0.15211,67.964,0.16555,66.516,0.16004,68.049,0.15211,67.964,0.16555,66.516,0.16004
3,0.48,4,68.503,0.16353,68.418,0.18786,66.969,0.17498,68.503,0.16353,68.418,0.18786,66.969,0.17498
1,0.48,5,68.989,0.1553,67.964,0.1639,67.163,0.17701,68.989,0.1553,67.964,0.1639,67.163,0.17701
3,0.49,2,67.92,0.15136,67.445,0.16408,66.192,0.15792,67.92,0.15136,67.445,0.16408,66.192,0.15792
3,0.49,3,68.049,0.15211,67.964,0.16555,66.516,0.16004,68.049,0.15211,67.964,0.16555,66.516,0.16004
3,0.49,4,68.503,0.16353,68.418,0.18786,66.969,0.17498,68.503,0.16353,68.418,0.18786,66.969,0.17498
1,0.49,5,68.989,0.1553,67.964,0.1639,67.163,0.17701,68.989,0.1553,67.964,0.1639,67.163,0.17701
3,0.5,2,67.92,0.15136,67.445,0.16408,66.192,0.15792,67.92,0.15136,67.445,0.16408,66.192,0.15792
3,0.5,3,68.049,0.15211,67.964,0.16555,66.516,0.16004,68.049,0.15211,67.964,0.16555,66.516,0.16004
3,0.5,4,68.503,0.16353,68.418,0.18786,66.969,0.17498,68.503,0.16353,68.418,0.18786,66.969,0.17498
1,0.5,5,68.989,0.1553,67.964,0.1639,67.163,0.17701,68.989,0.1553,67.964,0.1639,67.163,0.17701
3,0.51,2,67.92,0.15136,67.445,0.16408,66.192,0.15792,67.92,0.15136,67.445,0.16408,66.192,0.15792
3,0.51,3,68.049,0.15211,67.964,0.16555,66.516,0.16004,68.049,0.15211,67.964,0.16555,66.516,0.16004
3,0.51,4,68.503,0.16353,68.418,0.18786,66.969,0.17498,68.503,0.16353,68.418,0.18786,66.969,0.17498
1,0.51,5,68.989,0.1553,67.964,0.1639,67.163,0.17701,68.989,0.1553,67.964,0.1639,67.163,0.17701
3,0.52,2,67.92,0.15136,67.445,0.16408,66.192,0.15792,67.92,0.15136,67.445,0.16408,66.192,0.15792
3,0.52,3,68.049,0.15211,67.964,0.16555,66.516,0.16004,68.049,0.15211,67.964,0.16555,66.516,0.16004
3,0.52,4,68.503,0.16353,68.418,0.18786,66.969,0.17498,68.503,0.16353,68.418,0.18786,66.969,0.17498
1,0.52,5,68.989,0.1553,67.964,0.1639,67.163,0.17701,68.989,0.1553,67.964,0.1639,67.163,0.17701
3,0.53,2,67.92,0.15136,67.445,0.16408,66.192,0.15792,67.92,0.15136,67.445,0.16408,66.192,0.15792
3,0.53,3,68.049,0.15211,67.964,0.16555,66.516,0.16004,68.049,0.15211,67.964,0.16555,66.516,0.16004
3,0.53,4,68.503,0.16353,68.418,0.18786,66.969,0.17498,68.503,0.16353,68.418,0.18786,66.969,0.17498
1,0.53,5,68.989,0.1553,67.964,0.1639,67.163,0.17701,68.989,0.1553,67.964,0.1639,67.163,0.17701
3,0.54,2,67.92,0.15136,67.445,0.16408,66.192,0.15792,67.92,0.15136,67.445,0.16408,66.192,0.15792
3,0.54,3,68.049,0.15211,67.964,0.16555,66.516,0.16004,68.049,0.15211,67.964,0.16555,66.516,0.16004
3,0.54,4,68.503,0.16353,68.418,0.18786,66.969,0.17498,68.503,0.16353,68.418,0.18786,66.969,0.17498
1,0.54,5,68.989,0.1553,67.964,0.1639,67.163,0.17701,68.989,0.1553,67.964,0.1639,67.163,0.17701
3,0.55,2,67.92,0.15136,67.445,0.16408,66.192,0.15792,67.92,0.15136,67.445,0.16408,66.192,0.15792
3,0.55,3,68.049,0.15211,67.964,0.16555,66.516,0.16004,68.049,0.15211,67.964,0.16555,66.516,0.16004
3,0.55,4,68.503,0.16353,68.418,0.18786,66.969,0.17498,68.503,0.16353,68.418,0.18786,66.969,0.17498
1,0.55,5,68.989,0.1553,67.964,0.1639,67.163,0.17701,68.989,0.1553,67.964,0.1639,67.163,0.17701
4,0.01,2,68.114,0.16012,67.575,0.18399,66.645,0.16394,55.8,0.0038716,55.577,0.0039511,57.254,0.0244
4,0.01,3,68.859,0.15028,68.158,0.16955,66.386,0.16599,58.36,0,57.328,-0.028441,58.42,0.0058204
4,0.01,4,68.989,0.14614,68.547,0.16819,66.645,0.1743,59.786,0,58.236,0.020464,58.549,0.035628
4,0.02,2,68.114,0.16012,67.575,0.18399,66.645,0.16394,55.8,0.0038716,55.577,0.0039511,57.254,0.0244
4,0.02,3,68.859,0.15028,68.158,0.16955,66.386,0.16599,58.36,0,57.328,-0.028441,58.42,0.0058204
4,0.02,4,68.989,0.14614,68.547,0.16819,66.645,0.1743,59.786,0,58.236,0.020464,58.549,0.035628
4,0.03,2,68.114,0.16012,67.575,0.18399,66.645,0.16394,55.8,0.0038716,55.577,0.0039511,57.254,0.0244
4,0.03,3,68.859,0.15028,68.158,0.16955,66.386,0.16599,60.661,0.022858,59.533,0.006474,59.456,0.046809
4,0.03,4,68.989,0.14614,68.547,0.16819,66.645,0.1743,59.786,0,58.236,0.020464,58.549,0.035628
4,0.04,2,68.114,0.16012,67.575,0.18399,66.645,0.16394,55.8,0.0038716,55.577,0.0039511,57.254,0.0244
4,0.04,3,68.859,0.15028,68.158,0.16955,66.386,0.16599,60.661,0.022858,59.533,0.006474,59.456,0.046809
4,0.04,4,68.989,0.14614,68.547,0.16819,66.645,0.1743,63.739,0.036969,62.516,0.074528,62.111,0.078805
4,0.05,2,68.114,0.16012,67.575,0.18399,66.645,0.16394,55.8,0.0038716,55.577,0.0039511,57.254,0.0244
4,0.05,3,68.859,0.15028,68.158,0.16955,66.386,0.16599,60.661,0.022858,59.533,0.006474,59.456,0.046809
4,0.05,4,68.989,0.14614,68.547,0.16819,66.645,0.1743,64.128,0.042782,62.97,0.070353,62.889,0.088138
4,0.06,2,68.114,0.16012,67.575,0.18399,66.645,0.16394,55.8,0.0038716,55.577,0.0039511,57.254,0.0244
4,0.06,3,68.859,0.15028,68.158,0.16955,66.386,0.16599,63.156,0.057501,61.933,0.037248,62.176,0.066455
4,0.06,4,68.989,0.14614,68.547,0.16819,66.645,0.1743,64.128,0.042782,62.97,0.070353,62.889,0.088138
4,0.07,2,68.114,0.16012,67.575,0.18399,66.645,0.16394,55.8,0.0038716,55.577,0.0039511,57.254,0.0244
4,0.07,3,68.859,0.15028,68.158,0.16955,66.386,0.16599,63.156,0.057501,61.933,0.037248,62.176,0.066455
4,0.07,4,68.989,0.14614,68.547,0.16819,66.645,0.1743,64.128,0.042782,62.97,0.070353,62.889,0.088138
4,0.08,2,68.114,0.16012,67.575,0.18399,66.645,0.16394,62.897,0.074738,62.646,0.089755,63.277,0.094657
4,0.08,3,68.859,0.15028,68.158,0.16955,66.386,0.16599,63.156,0.057501,61.933,0.037248,62.176,0.066455
4,0.08,4,68.989,0.14614,68.547,0.16819,66.645,0.1743,64.128,0.042782,62.97,0.070353,62.889,0.088138
4,0.09,2,68.114,0.16012,67.575,0.18399,66.645,0.16394,62.897,0.074738,62.646,0.089755,63.277,0.094657
4,0.09,3,68.859,0.15028,68.158,0.16955,66.386,0.16599,63.156,0.057501,61.933,0.037248,62.176,0.066455
4,0.09,4,68.989,0.14614,68.547,0.16819,66.645,0.1743,66.753,0.084424,65.694,0.11289,64.961,0.12849
4,0.1,2,68.114,0.16012,67.575,0.18399,66.645,0.16394,62.897,0.074738,62.646,0.089755,63.277,0.094657
4,0.1,3,68.859,0.15028,68.158,0.16955,66.386,0.16599,63.156,0.057501,61.933,0.037248,62.176,0.066455
4,0.1,4,68.989,0.14614,68.547,0.16819,66.645,0.1743,66.753,0.084424,65.694,0.11289,64.961,0.12849
4,0.11,2,68.114,0.16012,67.575,0.18399,66.645,0.16394,62.897,0.074738,62.646,0.089755,63.277,0.094657
4,0.11,3,68.859,0.15028,68.158,0.16955,66.386,0.16599,66.202,0.10501,65.37,0.12683,64.249,0.11953
4,0.11,4,68.989,0.14614,68.547,0.16819,66.645,0.1743,67.66,0.10073,66.148,0.11529,65.091,0.13572
4,0.12,2,68.114,0.16012,67.575,0.18399,66.645,0.16394,62.897,0.074738,62.646,0.089755,63.277,0.094657
4,0.12,3,68.859,0.15028,68.158,0.16955,66.386,0.16599,66.202,0.10501,65.37,0.12683,64.249,0.11953
4,0.12,4,68.989,0.14614,68.547,0.16819,66.645,0.1743,67.66,0.10073,66.148,0.11529,65.091,0.13572
4,0.13,2,68.114,0.16012,67.575,0.18399,66.645,0.16394,66.137,0.12597,65.564,0.13605,65.674,0.13033
4,0.13,3,68.859,0.15028,68.158,0.16955,66.386,0.16599,66.202,0.10501,65.37,0.12683,64.249,0.11953
4,0.13,4,68.989,0.14614,68.547,0.16819,66.645,0.1743,68.665,0.12448,68.288,0.15885,65.868,0.15624
4,0.14,2,68.114,0.16012,67.575,0.18399,66.645,0.16394,66.137,0.12597,65.564,0.13605,65.674,0.13033
4,0.14,3,68.859,0.15028,68.158,0.16955,66.386,0.16599,66.202,0.10501,65.37,0.12683,64.249,0.11953
4,0.14,4,68.989,0.14614,68.547,0.16819,66.645,0.1743,68.665,0.12448,68.288,0.15885,65.868,0.15624
4,0.15,2,68.114,0.16012,67.575,0.18399,66.645,0.16394,66.137,0.12597,65.564,0.13605,65.674,0.13033
4,0.15,3,68.859,0.15028,68.158,0.16955,66.386,0.16599,66.202,0.10501,65.37,0.12683,64.249,0.11953
4,0.15,4,68.989,0.14614,68.547,0.16819,66.645,0.1743,68.989,0.14614,68.547,0.16819,66.645,0.1743
4,0.16,2,68.114,0.16012,67.575,0.18399,66.645,0.16394,66.137,0.12597,65.564,0.13605,65.674,0.13033
4,0.16,3,68.859,0.15028,68.158,0.16955,66.386,0.16599,68.859,0.15028,68.158,0.16955,66.386,0.16599
4,0.16,4,68.989,0.14614,68.547,0.16819,66.645,0.1743,68.989,0.14614,68.547,0.16819,66.645,0.1743
4,0.17,2,68.114,0.16012,67.575,0.18399,66.645,0.16394,68.114,0.16012,67.575,0.18399,66.645,0.16394
4,0.17,3,68.859,0.15028,68.158,0.16955,66.386,0.16599,68.859,0.15028,68.158,0.16955,66.386,0.16599
4,0.17,4,68.989,0.14614,68.547,0.16819,66.645,0.1743,68.989,0.14614,68.547,0.16819,66.645,0.1743
4,0.18,2,68.114,0.16012,67.575,0.18399,66.645,0.16394,68.114,0.16012,67.575,0.18399,66.645,0.16394
4,0.18,3,68.859,0.15028,68.158,0.16955,66.386,0.16599,68.859,0.15028,68.158,0.16955,66.386,0.16599
4,0.18,4,68.989,0.14614,68.547,0.16819,66.645,0.1743,68.989,0.14614,68.547,0.16819,66.645,0.1743
4,0.19,2,68.114,0.16012,67.575,0.18399,66.645,0.16394,68.114,0.16012,67.575,0.18399,66.645,0.16394
4,0.19,3,68.859,0.15028,68.158,0.16955,66.386,0.16599,68.859,0.15028,68.158,0.16955,66.386,0.16599
4,0.19,4,68.989,0.14614,68.547,0.16819,66.645,0.1743,68.989,0.14614,68.547,0.16819,66.645,0.1743
4,0.2,2,68.114,0.16012,67.575,0.18399,66.645,0.16394,68.114,0.16012,67.575,0.18399,66.645,0.16394
4,0.2,3,68.859,0.15028,68.158,0.16955,66.386,0.16599,68.859,0.15028,68.158,0.16955,66.386,0.16599
4,0.2,4,68.989,0.14614,68.547,0.16819,66.645,0.1743,68.989,0.14614,68.547,0.16819,66.645,0.1743
4,0.21,2,68.114,0.16012,67.575,0.18399,66.645,0.16394,68.114,0.16012,67.575,0.18399,66.645,0.16394
4,0.21,3,68.859,0.15028,68.158,0.16955,66.386,0.16599,68.859,0.15028,68.158,0.16955,66.386,0.16599
4,0.21,4,68.989,0.14614,68.547,0.16819,66.645,0.1743,68.989,0.14614,68.547,0.16819,66.645,0.1743
4,0.22,2,68.114,0.16012,67.575,0.18399,66.645,0.16394,68.114,0.16012,67.575,0.18399,66.645,0.16394
4,0.22,3,68.859,0.15028,68.158,0.16955,66.386,0.16599,68.859,0.15028,68.158,0.16955,66.386,0.16599
4,0.22,4,68.989,0.14614,68.547,0.16819,66.645,0.1743,68.989,0.14614,68.547,0.16819,66.645,0.1743
4,0.23,2,68.114,0.16012,67.575,0.18399,66.645,0.16394,68.114,0.16012,67.575,0.18399,66.645,0.16394
4,0.23,3,68.859,0.15028,68.158,0.16955,66.386,0.16599,68.859,0.15028,68.158,0.16955,66.386,0.16599
4,0.23,4,68.989,0.14614,68.547,0.16819,66.645,0.1743,68.989,0.14614,68.547,0.16819,66.645,0.1743
4,0.24,2,68.114,0.16012,67.575,0.18399,66.645,0.16394,68.114,0.16012,67.575,0.18399,66.645,0.16394
4,0.24,3,68.859,0.15028,68.158,0.16955,66.386,0.16599,68.859,0.15028,68.158,0.16955,66.386,0.16599
4,0.24,4,68.989,0.14614,68.547,0.16819,66.645,0.1743,68.989,0.14614,68.547,0.16819,66.645,0.1743
4,0.25,2,68.114,0.16012,67.575,0.18399,66.645,0.16394,68.114,0.16012,67.575,0.18399,66.645,0.16394
4,0.25,3,68.859,0.15028,68.158,0.16955,66.386,0.16599,68.859,0.15028,68.158,0.16955,66.386,0.16599
4,0.25,4,68.989,0.14614,68.547,0.16819,66.645,0.1743,68.989,0.14614,68.547,0.16819,66.645,0.1743
4,0.26,2,68.114,0.16012,67.575,0.18399,66.645,0.16394,68.114,0.16012,67.575,0.18399,66.645,0.16394
4,0.26,3,68.859,0.15028,68.158,0.16955,66.386,0.16599,68.859,0.15028,68.158,0.16955,66.386,0.16599
4,0.26,4,68.989,0.14614,68.547,0.16819,66.645,0.1743,68.989,0.14614,68.547,0.16819,66.645,0.1743
4,0.27,2,68.114,0.16012,67.575,0.18399,66.645,0.16394,68.114,0.16012,67.575,0.18399,66.645,0.16394
4,0.27,3,68.859,0.15028,68.158,0.16955,66.386,0.16599,68.859,0.15028,68.158,0.16955,66.386,0.16599
4,0.27,4,68.989,0.14614,68.547,0.16819,66.645,0.1743,68.989,0.14614,68.547,0.16819,66.645,0.1743
4,0.28,2,68.114,0.16012,67.575,0.18399,66.645,0.16394,68.114,0.16012,67.575,0.18399,66.645,0.16394
4,0.28,3,68.859,0.15028,68.158,0.16955,66.386,0.16599,68.859,0.15028,68.158,0.16955,66.386,0.16599
4,0.28,4,68.989,0.14614,68.547,0.16819,66.645,0.1743,68.989,0.14614,68.547,0.16819,66.645,0.1743
4,0.29,2,68.114,0.16012,67.575,0.18399,66.645,0.16394,68.114,0.16012,67.575,0.18399,66.645,0.16394
4,0.29,3,68.859,0.15028,68.158,0.16955,66.386,0.16599,68.859,0.15028,68.158,0.16955,66.386,0.16599
4,0.29,4,68.989,0.14614,68.547,0.16819,66.645,0.1743,68.989,0.14614,68.547,0.16819,66.645,0.1743
4,0.3,2,68.114,0.16012,67.575,0.18399,66.645,0.16394,68.114,0.16012,67.575,0.18399,66.645,0.16394
4,0.3,3,68.859,0.15028,68.158,0.16955,66.386,0.16599,68.859,0.15028,68.158,0.16955,66.386,0.16599
4,0.3,4,68.989,0.14614,68.547,0.16819,66.645,0.1743,68.989,0.14614,68.547,0.16819,66.645,0.1743
4,0.31,2,68.114,0.16012,67.575,0.18399,66.645,0.16394,68.114,0.16012,67.575,0.18399,66.645,0.16394
4,0.31,3,68.859,0.15028,68.158,0.16955,66.386,0.16599,68.859,0.15028,68.158,0.16955,66.386,0.16599
4,0.31,4,68.989,0.14614,68.547,0.16819,66.645,0.1743,68.989,0.14614,68.547,0.16819,66.645,0.1743
4,0.32,2,68.114,0.16012,67.575,0.18399,66.645,0.16394,68.114,0.16012,67.575,0.18399,66.645,0.16394
4,0.32,3,68.859,0.15028,68.158,0.16955,66.386,0.16599,68.859,0.15028,68.158,0.16955,66.386,0.16599
4,0.32,4,68.989,0.14614,68.547,0.16819,66.645,0.1743,68.989,0.14614,68.547,0.16819,66.645,0.1743
4,0.33,2,68.114,0.16012,67.575,0.18399,66.645,0.16394,68.114,0.16012,67.575,0.18399,66.645,0.16394
4,0.33,3,68.859,0.15028,68.158,0.16955,66.386,0.16599,68.859,0.15028,68.158,0.16955,66.386,0.16599
4,0.33,4,68.989,0.14614,68.547,0.16819,66.645,0.1743,68.989,0.14614,68.547,0.16819,66.645,0.1743
4,0.34,2,68.114,0.16012,67.575,0.18399,66.645,0.16394,68.114,0.16012,67.575,0.18399,66.645,0.16394
4,0.34,3,68.859,0.15028,68.158,0.16955,66.386,0.16599,68.859,0.15028,68.158,0.16955,66.386,0.16599
4,0.34,4,68.989,0.14614,68.547,0.16819,66.645,0.1743,68.989,0.14614,68.547,0.16819,66.645,0.1743
4,0.35,2,68.114,0.16012,67.575,0.18399,66.645,0.16394,68.114,0.16012,67.575,0.18399,66.645,0.16394
4,0.35,3,68.859,0.15028,68.158,0.16955,66.386,0.16599,68.859,0.15028,68.158,0.16955,66.386,0.16599
4,0.35,4,68.989,0.14614,68.547,0.16819,66.645,0.1743,68.989,0.14614,68.547,0.16819,66.645,0.1743
4,0.36,2,68.114,0.16012,67.575,0.18399,66.645,0.16394,68.114,0.16012,67.575,0.18399,66.645,0.16394
4,0.36,3,68.859,0.15028,68.158,0.16955,66.386,0.16599,68.859,0.15028,68.158,0.16955,66.386,0.16599
4,0.36,4,68.989,0.14614,68.547,0.16819,66.645,0.1743,68.989,0.14614,68.547,0.16819,66.645,0.1743
4,0.37,2,68.114,0.16012,67.575,0.18399,66.645,0.16394,68.114,0.16012,67.575,0.18399,66.645,0.16394
4,0.37,3,68.859,0.15028,68.158,0.16955,66.386,0.16599,68.859,0.15028,68.158,0.16955,66.386,0.16599
4,0.37,4,68.989,0.14614,68.547,0.16819,66.645,0.1743,68.989,0.14614,68.547,0.16819,66.645,0.1743
4,0.38,2,68.114,0.16012,67.575,0.18399,66.645,0.16394,68.114,0.16012,67.575,0.18399,66.645,0.16394
4,0.38,3,68.859,0.15028,68.158,0.16955,66.386,0.16599,68.859,0.15028,68.158,0.16955,66.386,0.16599
4,0.38,4,68.989,0.14614,68.547,0.16819,66.645,0.1743,68.989,0.14614,68.547,0.16819,66.645,0.1743
4,0.39,2,68.114,0.16012,67.575,0.18399,66.645,0.16394,68.114,0.16012,67.575,0.18399,66.645,0.16394
4,0.39,3,68.859,0.15028,68.158,0.16955,66.386,0.16599,68.859,0.15028,68.158,0.16955,66.386,0.16599
4,0.39,4,68.989,0.14614,68.547,0.16819,66.645,0.1743,68.989,0.14614,68.547,0.16819,66.645,0.1743
4,0.4,2,68.114,0.16012,67.575,0.18399,66.645,0.16394,68.114,0.16012,67.575,0.18399,66.645,0.16394
4,0.4,3,68.859,0.15028,68.158,0.16955,66.386,0.16599,68.859,0.15028,68.158,0.16955,66.386,0.16599
4,0.4,4,68.989,0.14614,68.547,0.16819,66.645,0.1743,68.989,0.14614,68.547,0.16819,66.645,0.1743
4,0.41,2,68.114,0.16012,67.575,0.18399,66.645,0.16394,68.114,0.16012,67.575,0.18399,66.645,0.16394
4,0.41,3,68.859,0.15028,68.158,0.16955,66.386,0.16599,68.859,0.15028,68.158,0.16955,66.386,0.16599
4,0.41,4,68.989,0.14614,68.547,0.16819,66.645,0.1743,68.989,0.14614,68.547,0.16819,66.645,0.1743
4,0.42,2,68.114,0.16012,67.575,0.18399,66.645,0.16394,68.114,0.16012,67.575,0.18399,66.645,0.16394
4,0.42,3,68.859,0.15028,68.158,0.16955,66.386,0.16599,68.859,0.15028,68.158,0.16955,66.386,0.16599
4,0.42,4,68.989,0.14614,68.547,0.16819,66.645,0.1743,68.989,0.14614,68.547,0.16819,66.645,0.1743
4,0.43,2,68.114,0.16012,67.575,0.18399,66.645,0.16394,68.114,0.16012,67.575,0.18399,66.645,0.16394
4,0.43,3,68.859,0.15028,68.158,0.16955,66.386,0.16599,68.859,0.15028,68.158,0.16955,66.386,0.16599
4,0.43,4,68.989,0.14614,68.547,0.16819,66.645,0.1743,68.989,0.14614,68.547,0.16819,66.645,0.1743
4,0.44,2,68.114,0.16012,67.575,0.18399,66.645,0.16394,68.114,0.16012,67.575,0.18399,66.645,0.16394
4,0.44,3,68.859,0.15028,68.158,0.16955,66.386,0.16599,68.859,0.15028,68.158,0.16955,66.386,0.16599
4,0.44,4,68.989,0.14614,68.547,0.16819,66.645,0.1743,68.989,0.14614,68.547,0.16819,66.645,0.1743
4,0.45,2,68.114,0.16012,67.575,0.18399,66.645,0.16394,68.114,0.16012,67.575,0.18399,66.645,0.16394
4,0.45,3,68.859,0.15028,68.158,0.16955,66.386,0.16599,68.859,0.15028,68.158,0.16955,66.386,0.16599
4,0.45,4,68.989,0.14614,68.547,0.16819,66.645,0.1743,68.989,0.14614,68.547,0.16819,66.645,0.1743
4,0.46,2,68.114,0.16012,67.575,0.18399,66.645,0.16394,68.114,0.16012,67.575,0.18399,66.645,0.16394
4,0.46,3,68.859,0.15028,68.158,0.16955,66.386,0.16599,68.859,0.15028,68.158,0.16955,66.386,0.16599
4,0.46,4,68.989,0.14614,68.547,0.16819,66.645,0.1743,68.989,0.14614,68.547,0.16819,66.645,0.1743
4,0.47,2,68.114,0.16012,67.575,0.18399,66.645,0.16394,68.114,0.16012,67.575,0.18399,66.645,0.16394
4,0.47,3,68.859,0.15028,68.158,0.16955,66.386,0.16599,68.859,0.15028,68.158,0.16955,66.386,0.16599
4,0.47,4,68.989,0.14614,68.547,0.16819,66.645,0.1743,68.989,0.14614,68.547,0.16819,66.645,0.1743
4,0.48,2,68.114,0.16012,67.575,0.18399,66.645,0.16394,68.114,0.16012,67.575,0.18399,66.645,0.16394
4,0.48,3,68.859,0.15028,68.158,0.16955,66.386,0.16599,68.859,0.15028,68.158,0.16955,66.386,0.16599
4,0.48,4,68.989,0.14614,68.547,0.16819,66.645,0.1743,68.989,0.14614,68.547,0.16819,66.645,0.1743
4,0.49,2,68.114,0.16012,67.575,0.18399,66.645,0.16394,68.114,0.16012,67.575,0.18399,66.645,0.16394
4,0.49,3,68.859,0.15028,68.158,0.16955,66.386,0.16599,68.859,0.15028,68.158,0.16955,66.386,0.16599
4,0.49,4,68.989,0.14614,68.547,0.16819,66.645,0.1743,68.989,0.14614,68.547,0.16819,66.645,0.1743
4,0.5,2,68.114,0.16012,67.575,0.18399,66.645,0.16394,68.114,0.16012,67.575,0.18399,66.645,0.16394
4,0.5,3,68.859,0.15028,68.158,0.16955,66.386,0.16599,68.859,0.15028,68.158,0.16955,66.386,0.16599
4,0.5,4,68.989,0.14614,68.547,0.16819,66.645,0.1743,68.989,0.14614,68.547,0.16819,66.645,0.1743
4,0.51,2,68.114,0.16012,67.575,0.18399,66.645,0.16394,68.114,0.16012,67.575,0.18399,66.645,0.16394
4,0.51,3,68.859,0.15028,68.158,0.16955,66.386,0.16599,68.859,0.15028,68.158,0.16955,66.386,0.16599
4,0.51,4,68.989,0.14614,68.547,0.16819,66.645,0.1743,68.989,0.14614,68.547,0.16819,66.645,0.1743
4,0.52,2,68.114,0.16012,67.575,0.18399,66.645,0.16394,68.114,0.16012,67.575,0.18399,66.645,0.16394
4,0.52,3,68.859,0.15028,68.158,0.16955,66.386,0.16599,68.859,0.15028,68.158,0.16955,66.386,0.16599
4,0.52,4,68.989,0.14614,68.547,0.16819,66.645,0.1743,68.989,0.14614,68.547,0.16819,66.645,0.1743
4,0.53,2,68.114,0.16012,67.575,0.18399,66.645,0.16394,68.114,0.16012,67.575,0.18399,66.645,0.16394
4,0.53,3,68.859,0.15028,68.158,0.16955,66.386,0.16599,68.859,0.15028,68.158,0.16955,66.386,0.16599
4,0.53,4,68.989,0.14614,68.547,0.16819,66.645,0.1743,68.989,0.14614,68.547,0.16819,66.645,0.1743
4,0.54,2,68.114,0.16012,67.575,0.18399,66.645,0.16394,68.114,0.16012,67.575,0.18399,66.645,0.16394
4,0.54,3,68.859,0.15028,68.158,0.16955,66.386,0.16599,68.859,0.15028,68.158,0.16955,66.386,0.16599
4,0.54,4,68.989,0.14614,68.547,0.16819,66.645,0.1743,68.989,0.14614,68.547,0.16819,66.645,0.1743
4,0.55,2,68.114,0.16012,67.575,0.18399,66.645,0.16394,68.114,0.16012,67.575,0.18399,66.645,0.16394
4,0.55,3,68.859,0.15028,68.158,0.16955,66.386,0.16599,68.859,0.15028,68.158,0.16955,66.386,0.16599
4,0.55,4,68.989,0.14614,68.547,0.16819,66.645,0.1743,68.989,0.14614,68.547,0.16819,66.645,0.1743
5,0.01,2,67.596,0.1536,66.796,0.15597,67.358,0.1731,58.296,0.0088796,57.782,-0.042808,57.124,-0.009979
5,0.01,3,67.79,0.1527,66.861,0.14109,67.811,0.17275,54.277,0,54.28,-0.09549,52.332,-0.070685
5,0.01,4,68.276,0.15723,68.223,0.15714,67.876,0.19171,56.87,0,58.042,-0.0090284,55.052,-0.027145
1,0.01,5,68.665,0.1581,67.769,0.17864,67.876,0.17675,61.828,0.0063422,61.479,0.034478,59.456,0.060832
5,0.02,2,67.596,0.1536,66.796,0.15597,67.358,0.1731,58.296,0.0088796,57.782,-0.042808,57.124,-0.009979
5,0.02,3,67.79,0.1527,66.861,0.14109,67.811,0.17275,54.277,0,54.28,-0.09549,52.332,-0.070685
5,0.02,4,68.276,0.15723,68.223,0.15714,67.876,0.19171,56.87,0,58.042,-0.0090284,55.052,-0.027145
1,0.02,5,68.665,0.1581,67.769,0.17864,67.876,0.17675,61.828,0.0063422,61.479,0.034478,59.456,0.060832
5,0.03,2,67.596,0.1536,66.796,0.15597,67.358,0.1731,58.296,0.0088796,57.782,-0.042808,57.124,-0.009979
5,0.03,3,67.79,0.1527,66.861,0.14109,67.811,0.17275,54.277,0,54.28,-0.09549,52.332,-0.070685
5,0.03,4,68.276,0.15723,68.223,0.15714,67.876,0.19171,61.601,0.02367,62.127,0.045647,59.974,0.055742
1,0.03,5,68.665,0.1581,67.769,0.17864,67.876,0.17675,63.415,0.026219,62.257,0.058807,60.622,0.085931
5,0.04,2,67.596,0.1536,66.796,0.15597,67.358,0.1731,58.296,0.0088796,57.782,-0.042808,57.124,-0.009979
5,0.04,3,67.79,0.1527,66.861,0.14109,67.811,0.17275,54.277,0,54.28,-0.09549,52.332,-0.070685
5,0.04,4,68.276,0.15723,68.223,0.15714,67.876,0.19171,61.601,0.02367,62.127,0.045647,59.974,0.055742
1,0.04,5,68.665,0.1581,67.769,0.17864,67.876,0.17675,63.804,0.03128,62.387,0.065381,60.816,0.092399
5,0.05,2,67.596,0.1536,66.796,0.15597,67.358,0.1731,58.296,0.0088796,57.782,-0.042808,57.124,-0.009979
5,0.05,3,67.79,0.1527,66.861,0.14109,67.811,0.17275,61.73,0.046738,60.182,0.015587,58.938,0.058742
5,0.05,4,68.276,0.15723,68.223,0.15714,67.876,0.19171,62.897,0.040272,63.359,0.061015,61.658,0.064437
1,0.05,5,68.665,0.1581,67.769,0.17864,67.876,0.17675,65.036,0.048677,63.165,0.082529,62.111,0.10384
5,0.06,2,67.596,0.1536,66.796,0.15597,67.358,0.1731,58.296,0.0088796,57.782,-0.042808,57.124,-0.009979
5,0.06,3,67.79,0.1527,66.861,0.14109,67.811,0.17275,61.73,0.046738,60.182,0.015587,58.938,0.058742
5,0.06,4,68.276,0.15723,68.223,0.15714,67.876,0.19171,62.897,0.040272,63.359,0.061015,61.658,0.064437
1,0.06,5,68.665,0.1581,67.769,0.17864,67.876,0.17675,65.036,0.048677,63.165,0.082529,62.111,0.10384
5,0.07,2,67.596,0.1536,66.796,0.15597,67.358,0.1731,58.296,0.0088796,57.782,-0.042808,57.124,-0.009979
5,0.07,3,67.79,0.1527,66.861,0.14109,67.811,0.17275,61.73,0.046738,60.182,0.015587,58.938,0.058742
5,0.07,4,68.276,0.15723,68.223,0.15714,67.876,0.19171,62.897,0.040272,63.359,0.061015,61.658,0.064437
1,0.07,5,68.665,0.1581,67.769,0.17864,67.876,0.17675,65.036,0.048677,63.165,0.082529,62.111,0.10384
5,0.08,2,67.596,0.1536,66.796,0.15597,67.358,0.1731,58.296,0.0088796,57.782,-0.042808,57.124,-0.009979
5,0.08,3,67.79,0.1527,66.861,0.14109,67.811,0.17275,61.73,0.046738,60.182,0.015587,58.938,0.058742
5,0.08,4,68.276,0.15723,68.223,0.15714,67.876,0.19171,62.897,0.040272,63.359,0.061015,61.658,0.064437
1,0.08,5,68.665,0.1581,67.769,0.17864,67.876,0.17675,66.656,0.079584,64.527,0.11884,63.277,0.13434
5,0.09,2,67.596,0.1536,66.796,0.15597,67.358,0.1731,58.296,0.0088796,57.782,-0.042808,57.124,-0.009979
5,0.09,3,67.79,0.1527,66.861,0.14109,67.811,0.17275,64.452,0.085839,62.192,0.053699,61.723,0.12207
5,0.09,4,68.276,0.15723,68.223,0.15714,67.876,0.19171,65.619,0.081595,65.175,0.11742,63.342,0.11098
1,0.09,5,68.665,0.1581,67.769,0.17864,67.876,0.17675,66.656,0.079584,64.527,0.11884,63.277,0.13434
5,0.1,2,67.596,0.1536,66.796,0.15597,67.358,0.1731,58.296,0.0088796,57.782,-0.042808,57.124,-0.009979
5,0.1,3,67.79,0.1527,66.861,0.14109,67.811,0.17275,64.452,0.085839,62.192,0.053699,61.723,0.12207
5,0.1,4,68.276,0.15723,68.223,0.15714,67.876,0.19171,66.559,0.098269,67.056,0.14809,65.35,0.13968
1,0.1,5,68.665,0.1581,67.769,0.17864,67.876,0.17675,67.336,0.093645,66.407,0.1465,65.091,0.15721
5,0.11,2,67.596,0.1536,66.796,0.15597,67.358,0.1731,58.296,0.0088796,57.782,-0.042808,57.124,-0.009979
5,0.11,3,67.79,0.1527,66.861,0.14109,67.811,0.17275,65.749,0.10545,63.684,0.068269,63.731,0.11945
5,0.11,4,68.276,0.15723,68.223,0.15714,67.876,0.19171,66.559,0.098269,67.056,0.14809,65.35,0.13968
1,0.11,5,68.665,0.1581,67.769,0.17864,67.876,0.17675,67.725,0.10816,66.861,0.15775,66.127,0.16635
5,0.12,2,67.596,0.1536,66.796,0.15597,67.358,0.1731,58.296,0.0088796,57.782,-0.042808,57.124,-0.009979
5,0.12,3,67.79,0.1527,66.861,0.14109,67.811,0.17275,65.749,0.10545,63.684,0.068269,63.731,0.11945
5,0.12,4,68.276,0.15723,68.223,0.15714,67.876,0.19171,67.11,0.11074,67.51,0.15626,66.192,0.14881
1,0.12,5,68.665,0.1581,67.769,0.17864,67.876,0.17675,67.725,0.10816,66.861,0.15775,66.127,0.16635
5,0.13,2,67.596,0.1536,66.796,0.15597,67.358,0.1731,66.397,0.12555,64.527,0.10132,65.091,0.13401
5,0.13,3,67.79,0.1527,66.861,0.14109,67.811,0.17275,65.749,0.10545,63.684,0.068269,63.731,0.11945
5,0.13,4,68.276,0.15723,68.223,0.15714,67.876,0.19171,67.693,0.12586,67.769,0.16462,67.034,0.16095
1,0.13,5,68.665,0.1581,67.769,0.17864,67.876,0.17675,68.244,0.12905,67.185,0.16998,67.098,0.17365
5,0.14,2,67.596,0.1536,66.796,0.15597,67.358,0.1731,66.397,0.12555,64.527,0.10132,65.091,0.13401
5,0.14,3,67.79,0.1527,66.861,0.14109,67.811,0.17275,67.142,0.1326,66.018,0.10804,66.451,0.15819
5,0.14,4,68.276,0.15723,68.223,0.15714,67.876,0.19171,67.693,0.12586,67.769,0.16462,67.034,0.16095
1,0.14,5,68.665,0.1581,67.769,0.17864,67.876,0.17675,68.438,0.13812,67.639,0.17889,67.617,0.17598
5,0.15,2,67.596,0.1536,66.796,0.15597,67.358,0.1731,66.397,0.12555,64.527,0.10132,65.091,0.13401
5,0.15,3,67.79,0.1527,66.861,0.14109,67.811,0.17275,67.142,0.1326,66.018,0.10804,66.451,0.15819
5,0.15,4,68.276,0.15723,68.223,0.15714,67.876,0.19171,68.082,0.1451,68.288,0.17869,68.264,0.17291
1,0.15,5,68.665,0.1581,67.769,0.17864,67.876,0.17675,68.633,0.14875,67.769,0.17981,67.487,0.17506
5,0.16,2,67.596,0.1536,66.796,0.15597,67.358,0.1731,67.596,0.1536,66.796,0.15597,67.358,0.1731
5,0.16,3,67.79,0.1527,66.861,0.14109,67.811,0.17275,67.79,0.1527,66.861,0.14109,67.811,0.17275
5,0.16,4,68.276,0.15723,68.223,0.15714,67.876,0.19171,68.276,0.15723,68.223,0.15714,67.876,0.19171
1,0.16,5,68.665,0.1581,67.769,0.17864,67.876,0.17675,68.665,0.1581,67.769,0.17864,67.876,0.17675
5,0.17,2,67.596,0.1536,66.796,0.15597,67.358,0.1731,67.596,0.1536,66.796,0.15597,67.358,0.1731
5,0.17,3,67.79,0.1527,66.861,0.14109,67.811,0.17275,67.79,0.1527,66.861,0.14109,67.811,0.17275
5,0.17,4,68.276,0.15723,68.223,0.15714,67.876,0.19171,68.276,0.15723,68.223,0.15714,67.876,0.19171
1,0.17,5,68.665,0.1581,67.769,0.17864,67.876,0.17675,68.665,0.1581,67.769,0.17864,67.876,0.17675
5,0.18,2,67.596,0.1536,66.796,0.15597,67.358,0.1731,67.596,0.1536,66.796,0.15597,67.358,0.1731
5,0.18,3,67.79,0.1527,66.861,0.14109,67.811,0.17275,67.79,0.1527,66.861,0.14109,67.811,0.17275
5,0.18,4,68.276,0.15723,68.223,0.15714,67.876,0.19171,68.276,0.15723,68.223,0.15714,67.876,0.19171
1,0.18,5,68.665,0.1581,67.769,0.17864,67.876,0.17675,68.665,0.1581,67.769,0.17864,67.876,0.17675
5,0.19,2,67.596,0.1536,66.796,0.15597,67.358,0.1731,67.596,0.1536,66.796,0.15597,67.358,0.1731
5,0.19,3,67.79,0.1527,66.861,0.14109,67.811,0.17275,67.79,0.1527,66.861,0.14109,67.811,0.17275
5,0.19,4,68.276,0.15723,68.223,0.15714,67.876,0.19171,68.276,0.15723,68.223,0.15714,67.876,0.19171
1,0.19,5,68.665,0.1581,67.769,0.17864,67.876,0.17675,68.665,0.1581,67.769,0.17864,67.876,0.17675
5,0.2,2,67.596,0.1536,66.796,0.15597,67.358,0.1731,67.596,0.1536,66.796,0.15597,67.358,0.1731
5,0.2,3,67.79,0.1527,66.861,0.14109,67.811,0.17275,67.79,0.1527,66.861,0.14109,67.811,0.17275
5,0.2,4,68.276,0.15723,68.223,0.15714,67.876,0.19171,68.276,0.15723,68.223,0.15714,67.876,0.19171
1,0.2,5,68.665,0.1581,67.769,0.17864,67.876,0.17675,68.665,0.1581,67.769,0.17864,67.876,0.17675
5,0.21,2,67.596,0.1536,66.796,0.15597,67.358,0.1731,67.596,0.1536,66.796,0.15597,67.358,0.1731
5,0.21,3,67.79,0.1527,66.861,0.14109,67.811,0.17275,67.79,0.1527,66.861,0.14109,67.811,0.17275
5,0.21,4,68.276,0.15723,68.223,0.15714,67.876,0.19171,68.276,0.15723,68.223,0.15714,67.876,0.19171
1,0.21,5,68.665,0.1581,67.769,0.17864,67.876,0.17675,68.665,0.1581,67.769,0.17864,67.876,0.17675
5,0.22,2,67.596,0.1536,66.796,0.15597,67.358,0.1731,67.596,0.1536,66.796,0.15597,67.358,0.1731
5,0.22,3,67.79,0.1527,66.861,0.14109,67.811,0.17275,67.79,0.1527,66.861,0.14109,67.811,0.17275
5,0.22,4,68.276,0.15723,68.223,0.15714,67.876,0.19171,68.276,0.15723,68.223,0.15714,67.876,0.19171
1,0.22,5,68.665,0.1581,67.769,0.17864,67.876,0.17675,68.665,0.1581,67.769,0.17864,67.876,0.17675
5,0.23,2,67.596,0.1536,66.796,0.15597,67.358,0.1731,67.596,0.1536,66.796,0.15597,67.358,0.1731
5,0.23,3,67.79,0.1527,66.861,0.14109,67.811,0.17275,67.79,0.1527,66.861,0.14109,67.811,0.17275
5,0.23,4,68.276,0.15723,68.223,0.15714,67.876,0.19171,68.276,0.15723,68.223,0.15714,67.876,0.19171
1,0.23,5,68.665,0.1581,67.769,0.17864,67.876,0.17675,68.665,0.1581,67.769,0.17864,67.876,0.17675
5,0.24,2,67.596,0.1536,66.796,0.15597,67.358,0.1731,67.596,0.1536,66.796,0.15597,67.358,0.1731
5,0.24,3,67.79,0.1527,66.861,0.14109,67.811,0.17275,67.79,0.1527,66.861,0.14109,67.811,0.17275
5,0.24,4,68.276,0.15723,68.223,0.15714,67.876,0.19171,68.276,0.15723,68.223,0.15714,67.876,0.19171
1,0.24,5,68.665,0.1581,67.769,0.17864,67.876,0.17675,68.665,0.1581,67.769,0.17864,67.876,0.17675
5,0.25,2,67.596,0.1536,66.796,0.15597,67.358,0.1731,67.596,0.1536,66.796,0.15597,67.358,0.1731
5,0.25,3,67.79,0.1527,66.861,0.14109,67.811,0.17275,67.79,0.1527,66.861,0.14109,67.811,0.17275
5,0.25,4,68.276,0.15723,68.223,0.15714,67.876,0.19171,68.276,0.15723,68.223,0.15714,67.876,0.19171
1,0.25,5,68.665,0.1581,67.769,0.17864,67.876,0.17675,68.665,0.1581,67.769,0.17864,67.876,0.17675
5,0.26,2,67.596,0.1536,66.796,0.15597,67.358,0.1731,67.596,0.1536,66.796,0.15597,67.358,0.1731
5,0.26,3,67.79,0.1527,66.861,0.14109,67.811,0.17275,67.79,0.1527,66.861,0.14109,67.811,0.17275
5,0.26,4,68.276,0.15723,68.223,0.15714,67.876,0.19171,68.276,0.15723,68.223,0.15714,67.876,0.19171
1,0.26,5,68.665,0.1581,67.769,0.17864,67.876,0.17675,68.665,0.1581,67.769,0.17864,67.876,0.17675
5,0.27,2,67.596,0.1536,66.796,0.15597,67.358,0.1731,67.596,0.1536,66.796,0.15597,67.358,0.1731
5,0.27,3,67.79,0.1527,66.861,0.14109,67.811,0.17275,67.79,0.1527,66.861,0.14109,67.811,0.17275
5,0.27,4,68.276,0.15723,68.223,0.15714,67.876,0.19171,68.276,0.15723,68.223,0.15714,67.876,0.19171
1,0.27,5,68.665,0.1581,67.769,0.17864,67.876,0.17675,68.665,0.1581,67.769,0.17864,67.876,0.17675
5,0.28,2,67.596,0.1536,66.796,0.15597,67.358,0.1731,67.596,0.1536,66.796,0.15597,67.358,0.1731
5,0.28,3,67.79,0.1527,66.861,0.14109,67.811,0.17275,67.79,0.1527,66.861,0.14109,67.811,0.17275
5,0.28,4,68.276,0.15723,68.223,0.15714,67.876,0.19171,68.276,0.15723,68.223,0.15714,67.876,0.19171
1,0.28,5,68.665,0.1581,67.769,0.17864,67.876,0.17675,68.665,0.1581,67.769,0.17864,67.876,0.17675
5,0.29,2,67.596,0.1536,66.796,0.15597,67.358,0.1731,67.596,0.1536,66.796,0.15597,67.358,0.1731
5,0.29,3,67.79,0.1527,66.861,0.14109,67.811,0.17275,67.79,0.1527,66.861,0.14109,67.811,0.17275
5,0.29,4,68.276,0.15723,68.223,0.15714,67.876,0.19171,68.276,0.15723,68.223,0.15714,67.876,0.19171
1,0.29,5,68.665,0.1581,67.769,0.17864,67.876,0.17675,68.665,0.1581,67.769,0.17864,67.876,0.17675
5,0.3,2,67.596,0.1536,66.796,0.15597,67.358,0.1731,67.596,0.1536,66.796,0.15597,67.358,0.1731
5,0.3,3,67.79,0.1527,66.861,0.14109,67.811,0.17275,67.79,0.1527,66.861,0.14109,67.811,0.17275
5,0.3,4,68.276,0.15723,68.223,0.15714,67.876,0.19171,68.276,0.15723,68.223,0.15714,67.876,0.19171
1,0.3,5,68.665,0.1581,67.769,0.17864,67.876,0.17675,68.665,0.1581,67.769,0.17864,67.876,0.17675
5,0.31,2,67.596,0.1536,66.796,0.15597,67.358,0.1731,67.596,0.1536,66.796,0.15597,67.358,0.1731
5,0.31,3,67.79,0.1527,66.861,0.14109,67.811,0.17275,67.79,0.1527,66.861,0.14109,67.811,0.17275
5,0.31,4,68.276,0.15723,68.223,0.15714,67.876,0.19171,68.276,0.15723,68.223,0.15714,67.876,0.19171
1,0.31,5,68.665,0.1581,67.769,0.17864,67.876,0.17675,68.665,0.1581,67.769,0.17864,67.876,0.17675
5,0.32,2,67.596,0.1536,66.796,0.15597,67.358,0.1731,67.596,0.1536,66.796,0.15597,67.358,0.1731
5,0.32,3,67.79,0.1527,66.861,0.14109,67.811,0.17275,67.79,0.1527,66.861,0.14109,67.811,0.17275
5,0.32,4,68.276,0.15723,68.223,0.15714,67.876,0.19171,68.276,0.15723,68.223,0.15714,67.876,0.19171
1,0.32,5,68.665,0.1581,67.769,0.17864,67.876,0.17675,68.665,0.1581,67.769,0.17864,67.876,0.17675
5,0.33,2,67.596,0.1536,66.796,0.15597,67.358,0.1731,67.596,0.1536,66.796,0.15597,67.358,0.1731
5,0.33,3,67.79,0.1527,66.861,0.14109,67.811,0.17275,67.79,0.1527,66.861,0.14109,67.811,0.17275
5,0.33,4,68.276,0.15723,68.223,0.15714,67.876,0.19171,68.276,0.15723,68.223,0.15714,67.876,0.19171
1,0.33,5,68.665,0.1581,67.769,0.17864,67.876,0.17675,68.665,0.1581,67.769,0.17864,67.876,0.17675
5,0.34,2,67.596,0.1536,66.796,0.15597,67.358,0.1731,67.596,0.1536,66.796,0.15597,67.358,0.1731
5,0.34,3,67.79,0.1527,66.861,0.14109,67.811,0.17275,67.79,0.1527,66.861,0.14109,67.811,0.17275
5,0.34,4,68.276,0.15723,68.223,0.15714,67.876,0.19171,68.276,0.15723,68.223,0.15714,67.876,0.19171
1,0.34,5,68.665,0.1581,67.769,0.17864,67.876,0.17675,68.665,0.1581,67.769,0.17864,67.876,0.17675
5,0.35,2,67.596,0.1536,66.796,0.15597,67.358,0.1731,67.596,0.1536,66.796,0.15597,67.358,0.1731
5,0.35,3,67.79,0.1527,66.861,0.14109,67.811,0.17275,67.79,0.1527,66.861,0.14109,67.811,0.17275
5,0.35,4,68.276,0.15723,68.223,0.15714,67.876,0.19171,68.276,0.15723,68.223,0.15714,67.876,0.19171
1,0.35,5,68.665,0.1581,67.769,0.17864,67.876,0.17675,68.665,0.1581,67.769,0.17864,67.876,0.17675
5,0.36,2,67.596,0.1536,66.796,0.15597,67.358,0.1731,67.596,0.1536,66.796,0.15597,67.358,0.1731
5,0.36,3,67.79,0.1527,66.861,0.14109,67.811,0.17275,67.79,0.1527,66.861,0.14109,67.811,0.17275
5,0.36,4,68.276,0.15723,68.223,0.15714,67.876,0.19171,68.276,0.15723,68.223,0.15714,67.876,0.19171
1,0.36,5,68.665,0.1581,67.769,0.17864,67.876,0.17675,68.665,0.1581,67.769,0.17864,67.876,0.17675
5,0.37,2,67.596,0.1536,66.796,0.15597,67.358,0.1731,67.596,0.1536,66.796,0.15597,67.358,0.1731
5,0.37,3,67.79,0.1527,66.861,0.14109,67.811,0.17275,67.79,0.1527,66.861,0.14109,67.811,0.17275
5,0.37,4,68.276,0.15723,68.223,0.15714,67.876,0.19171,68.276,0.15723,68.223,0.15714,67.876,0.19171
1,0.37,5,68.665,0.1581,67.769,0.17864,67.876,0.17675,68.665,0.1581,67.769,0.17864,67.876,0.17675
5,0.38,2,67.596,0.1536,66.796,0.15597,67.358,0.1731,67.596,0.1536,66.796,0.15597,67.358,0.1731
5,0.38,3,67.79,0.1527,66.861,0.14109,67.811,0.17275,67.79,0.1527,66.861,0.14109,67.811,0.17275
5,0.38,4,68.276,0.15723,68.223,0.15714,67.876,0.19171,68.276,0.15723,68.223,0.15714,67.876,0.19171
1,0.38,5,68.665,0.1581,67.769,0.17864,67.876,0.17675,68.665,0.1581,67.769,0.17864,67.876,0.17675
5,0.39,2,67.596,0.1536,66.796,0.15597,67.358,0.1731,67.596,0.1536,66.796,0.15597,67.358,0.1731
5,0.39,3,67.79,0.1527,66.861,0.14109,67.811,0.17275,67.79,0.1527,66.861,0.14109,67.811,0.17275
5,0.39,4,68.276,0.15723,68.223,0.15714,67.876,0.19171,68.276,0.15723,68.223,0.15714,67.876,0.19171
1,0.39,5,68.665,0.1581,67.769,0.17864,67.876,0.17675,68.665,0.1581,67.769,0.17864,67.876,0.17675
5,0.4,2,67.596,0.1536,66.796,0.15597,67.358,0.1731,67.596,0.1536,66.796,0.15597,67.358,0.1731
5,0.4,3,67.79,0.1527,66.861,0.14109,67.811,0.17275,67.79,0.1527,66.861,0.14109,67.811,0.17275
5,0.4,4,68.276,0.15723,68.223,0.15714,67.876,0.19171,68.276,0.15723,68.223,0.15714,67.876,0.19171
1,0.4,5,68.665,0.1581,67.769,0.17864,67.876,0.17675,68.665,0.1581,67.769,0.17864,67.876,0.17675
5,0.41,2,67.596,0.1536,66.796,0.15597,67.358,0.1731,67.596,0.1536,66.796,0.15597,67.358,0.1731
5,0.41,3,67.79,0.1527,66.861,0.14109,67.811,0.17275,67.79,0.1527,66.861,0.14109,67.811,0.17275
5,0.41,4,68.276,0.15723,68.223,0.15714,67.876,0.19171,68.276,0.15723,68.223,0.15714,67.876,0.19171
1,0.41,5,68.665,0.1581,67.769,0.17864,67.876,0.17675,68.665,0.1581,67.769,0.17864,67.876,0.17675
5,0.42,2,67.596,0.1536,66.796,0.15597,67.358,0.1731,67.596,0.1536,66.796,0.15597,67.358,0.1731
5,0.42,3,67.79,0.1527,66.861,0.14109,67.811,0.17275,67.79,0.1527,66.861,0.14109,67.811,0.17275
5,0.42,4,68.276,0.15723,68.223,0.15714,67.876,0.19171,68.276,0.15723,68.223,0.15714,67.876,0.19171
1,0.42,5,68.665,0.1581,67.769,0.17864,67.876,0.17675,68.665,0.1581,67.769,0.17864,67.876,0.17675
5,0.43,2,67.596,0.1536,66.796,0.15597,67.358,0.1731,67.596,0.1536,66.796,0.15597,67.358,0.1731
5,0.43,3,67.79,0.1527,66.861,0.14109,67.811,0.17275,67.79,0.1527,66.861,0.14109,67.811,0.17275
5,0.43,4,68.276,0.15723,68.223,0.15714,67.876,0.19171,68.276,0.15723,68.223,0.15714,67.876,0.19171
1,0.43,5,68.665,0.1581,67.769,0.17864,67.876,0.17675,68.665,0.1581,67.769,0.17864,67.876,0.17675
5,0.44,2,67.596,0.1536,66.796,0.15597,67.358,0.1731,67.596,0.1536,66.796,0.15597,67.358,0.1731
5,0.44,3,67.79,0.1527,66.861,0.14109,67.811,0.17275,67.79,0.1527,66.861,0.14109,67.811,0.17275
5,0.44,4,68.276,0.15723,68.223,0.15714,67.876,0.19171,68.276,0.15723,68.223,0.15714,67.876,0.19171
1,0.44,5,68.665,0.1581,67.769,0.17864,67.876,0.17675,68.665,0.1581,67.769,0.17864,67.876,0.17675
5,0.45,2,67.596,0.1536,66.796,0.15597,67.358,0.1731,67.596,0.1536,66.796,0.15597,67.358,0.1731
5,0.45,3,67.79,0.1527,66.861,0.14109,67.811,0.17275,67.79,0.1527,66.861,0.14109,67.811,0.17275
5,0.45,4,68.276,0.15723,68.223,0.15714,67.876,0.19171,68.276,0.15723,68.223,0.15714,67.876,0.19171
1,0.45,5,68.665,0.1581,67.769,0.17864,67.876,0.17675,68.665,0.1581,67.769,0.17864,67.876,0.17675
5,0.46,2,67.596,0.1536,66.796,0.15597,67.358,0.1731,67.596,0.1536,66.796,0.15597,67.358,0.1731
5,0.46,3,67.79,0.1527,66.861,0.14109,67.811,0.17275,67.79,0.1527,66.861,0.14109,67.811,0.17275
5,0.46,4,68.276,0.15723,68.223,0.15714,67.876,0.19171,68.276,0.15723,68.223,0.15714,67.876,0.19171
1,0.46,5,68.665,0.1581,67.769,0.17864,67.876,0.17675,68.665,0.1581,67.769,0.17864,67.876,0.17675
5,0.47,2,67.596,0.1536,66.796,0.15597,67.358,0.1731,67.596,0.1536,66.796,0.15597,67.358,0.1731
5,0.47,3,67.79,0.1527,66.861,0.14109,67.811,0.17275,67.79,0.1527,66.861,0.14109,67.811,0.17275
5,0.47,4,68.276,0.15723,68.223,0.15714,67.876,0.19171,68.276,0.15723,68.223,0.15714,67.876,0.19171
1,0.47,5,68.665,0.1581,67.769,0.17864,67.876,0.17675,68.665,0.1581,67.769,0.17864,67.876,0.17675
5,0.48,2,67.596,0.1536,66.796,0.15597,67.358,0.1731,67.596,0.1536,66.796,0.15597,67.358,0.1731
5,0.48,3,67.79,0.1527,66.861,0.14109,67.811,0.17275,67.79,0.1527,66.861,0.14109,67.811,0.17275
5,0.48,4,68.276,0.15723,68.223,0.15714,67.876,0.19171,68.276,0.15723,68.223,0.15714,67.876,0.19171
1,0.48,5,68.665,0.1581,67.769,0.17864,67.876,0.17675,68.665,0.1581,67.769,0.17864,67.876,0.17675
5,0.49,2,67.596,0.1536,66.796,0.15597,67.358,0.1731,67.596,0.1536,66.796,0.15597,67.358,0.1731
5,0.49,3,67.79,0.1527,66.861,0.14109,67.811,0.17275,67.79,0.1527,66.861,0.14109,67.811,0.17275
5,0.49,4,68.276,0.15723,68.223,0.15714,67.876,0.19171,68.276,0.15723,68.223,0.15714,67.876,0.19171
1,0.49,5,68.665,0.1581,67.769,0.17864,67.876,0.17675,68.665,0.1581,67.769,0.17864,67.876,0.17675
5,0.5,2,67.596,0.1536,66.796,0.15597,67.358,0.1731,67.596,0.1536,66.796,0.15597,67.358,0.1731
5,0.5,3,67.79,0.1527,66.861,0.14109,67.811,0.17275,67.79,0.1527,66.861,0.14109,67.811,0.17275
5,0.5,4,68.276,0.15723,68.223,0.15714,67.876,0.19171,68.276,0.15723,68.223,0.15714,67.876,0.19171
1,0.5,5,68.665,0.1581,67.769,0.17864,67.876,0.17675,68.665,0.1581,67.769,0.17864,67.876,0.17675
5,0.51,2,67.596,0.1536,66.796,0.15597,67.358,0.1731,67.596,0.1536,66.796,0.15597,67.358,0.1731
5,0.51,3,67.79,0.1527,66.861,0.14109,67.811,0.17275,67.79,0.1527,66.861,0.14109,67.811,0.17275
5,0.51,4,68.276,0.15723,68.223,0.15714,67.876,0.19171,68.276,0.15723,68.223,0.15714,67.876,0.19171
1,0.51,5,68.665,0.1581,67.769,0.17864,67.876,0.17675,68.665,0.1581,67.769,0.17864,67.876,0.17675
5,0.52,2,67.596,0.1536,66.796,0.15597,67.358,0.1731,67.596,0.1536,66.796,0.15597,67.358,0.1731
5,0.52,3,67.79,0.1527,66.861,0.14109,67.811,0.17275,67.79,0.1527,66.861,0.14109,67.811,0.17275
5,0.52,4,68.276,0.15723,68.223,0.15714,67.876,0.19171,68.276,0.15723,68.223,0.15714,67.876,0.19171
1,0.52,5,68.665,0.1581,67.769,0.17864,67.876,0.17675,68.665,0.1581,67.769,0.17864,67.876,0.17675
5,0.53,2,67.596,0.1536,66.796,0.15597,67.358,0.1731,67.596,0.1536,66.796,0.15597,67.358,0.1731
5,0.53,3,67.79,0.1527,66.861,0.14109,67.811,0.17275,67.79,0.1527,66.861,0.14109,67.811,0.17275
5,0.53,4,68.276,0.15723,68.223,0.15714,67.876,0.19171,68.276,0.15723,68.223,0.15714,67.876,0.19171
1,0.53,5,68.665,0.1581,67.769,0.17864,67.876,0.17675,68.665,0.1581,67.769,0.17864,67.876,0.17675
5,0.54,2,67.596,0.1536,66.796,0.15597,67.358,0.1731,67.596,0.1536,66.796,0.15597,67.358,0.1731
5,0.54,3,67.79,0.1527,66.861,0.14109,67.811,0.17275,67.79,0.1527,66.861,0.14109,67.811,0.17275
5,0.54,4,68.276,0.15723,68.223,0.15714,67.876,0.19171,68.276,0.15723,68.223,0.15714,67.876,0.19171
1,0.54,5,68.665,0.1581,67.769,0.17864,67.876,0.17675,68.665,0.1581,67.769,0.17864,67.876,0.17675
5,0.55,2,67.596,0.1536,66.796,0.15597,67.358,0.1731,67.596,0.1536,66.796,0.15597,67.358,0.1731
5,0.55,3,67.79,0.1527,66.861,0.14109,67.811,0.17275,67.79,0.1527,66.861,0.14109,67.811,0.17275
5,0.55,4,68.276,0.15723,68.223,0.15714,67.876,0.19171,68.276,0.15723,68.223,0.15714,67.876,0.19171
1,0.55,5,68.665,0.1581,67.769,0.17864,67.876,0.17675,68.665,0.1581,67.769,0.17864,67.876,0.17675
