approach,data,sample,fair type,fair bound,nrow,calibration_mode,depth,lambda,time limit,status,obj val,train acc,gap,node count,solving time,test acc,cal acc,sp train data,sp train pred,sp test data,sp test pred,sp cal data,sp cal pred,csp train data,csp train pred,csp test data,csp test pred,csp cal data,csp cal pred,pe train pred,pe test pred,pe cal pred,EOpp train pred,EOpp test pred,EOpp cal pred, EOdds train pred,EOdds test pred,EOdds cal pred
FlowOCT,german_train_calibration_1.csv,1,None,1,502,1,2,0,10800,2,367,0.731075697,0,120577,2322.456855,0.714859438,0.751004016,0.105702174,0.124311084,0.177405119,0.04040404,0.180926916,0.134581105,0.85,0.666666667,0.888888889,0.888888889,0.9,0.9,0.111111111,0.153846154,0.209401709,0.132075472,0.053272451,0.123076923,0.132075472,0.153846154,0.209401709
FlowOCT,german_train_calibration_1.csv,1,SP,0.01,502,1,2,0,10800,2,360,0.717131474,0,86006,6536.054135,0.718875502,0.722891566,0.105702174,0.009286619,0.177405119,0.090909091,0.180926916,0.098039216,0.85,0.272727273,0.888888889,0.5,0.9,0.2,0.184684685,0.2,0.222222222,0.060402685,0.054794521,0.065789474,0.184684685,0.2,0.222222222
FlowOCT,german_train_calibration_1.csv,1,SP,0.02,502,1,2,0,10800,2,364,0.725099602,0,85733,6293.377703,0.702811245,0.726907631,0.105702174,0.018995357,0.177405119,0.055555556,0.180926916,0.088235294,0.85,0.666666667,0.888888889,0,0.9,0.8,0.198198198,0.115384615,0.222222222,0.040268456,0.038461538,0.04,0.198198198,0.115384615,0.222222222
FlowOCT,german_train_calibration_1.csv,1,SP,0.03,502,1,2,0,10800,9,365,0.727091633,15.34246575,87238,10800.32918,0.702811245,0.718875502,0.105702174,0.028704095,0.177405119,0.067961165,0.180926916,0.078431373,0.85,0.727272727,0.888888889,0.75,0.9,0.1,0.220125786,0.108108108,0.222222222,0.040268456,0.045454545,0.052631579,0.220125786,0.108108108,0.222222222
FlowOCT,german_train_calibration_1.csv,1,SP,0.04,502,1,2,0,10800,2,365,0.727091633,0,84256,7686.513361,0.702811245,0.718875502,0.105702174,0.028704095,0.177405119,0.067961165,0.180926916,0.078431373,0.85,0.727272727,0.888888889,0.75,0.9,0.1,0.220125786,0.108108108,0.222222222,0.040268456,0.045454545,0.052631579,0.220125786,0.108108108,0.222222222
FlowOCT,german_train_calibration_1.csv,1,SP,0.05,502,1,2,0,10800,2,365,0.727091633,0,86849,8392.520992,0.702811245,0.718875502,0.105702174,0.028704095,0.177405119,0.067961165,0.180926916,0.078431373,0.85,0.727272727,0.888888889,0.75,0.9,0.1,0.220125786,0.108108108,0.222222222,0.040268456,0.045454545,0.052631579,0.220125786,0.108108108,0.222222222
FlowOCT,german_train_calibration_1.csv,1,SP,0.06,502,1,2,0,10800,2,365,0.727091633,0,104417,9118.522832,0.702811245,0.718875502,0.105702174,0.028704095,0.177405119,0.067961165,0.180926916,0.078431373,0.85,0.727272727,0.888888889,0.75,0.9,0.1,0.220125786,0.108108108,0.222222222,0.040268456,0.045454545,0.052631579,0.220125786,0.108108108,0.222222222
FlowOCT,german_train_calibration_1.csv,1,SP,0.07,502,1,2,0,10800,2,365,0.727091633,0,124164,9059.762575,0.702811245,0.710843373,0.105702174,0.058674546,0.177405119,0.165048544,0.180926916,0.117647059,0.85,0.875,0.888888889,0.5,0.9,0.333333333,0.144654088,0.3,0.333333333,0.075757576,0.121212121,0.078947368,0.144654088,0.3,0.333333333
FlowOCT,german_train_calibration_1.csv,1,SP,0.08,502,1,2,0,10800,2,365,0.727091633,0,122229,7238.597221,0.690763052,0.706827309,0.105702174,0.04592774,0.177405119,0.042365402,0.180926916,0.088235294,0.85,1,0.888888889,0.25,0.9,0.5,0.163522013,0.115384615,0.222222222,0.054957579,0.080808081,0.078947368,0.163522013,0.115384615,0.222222222
FlowOCT,german_train_calibration_1.csv,1,SP,0.09,502,1,2,0,10800,2,365,0.727091633,0,74611,3597.957502,0.702811245,0.718875502,0.105702174,0.028704095,0.177405119,0.067961165,0.180926916,0.078431373,0.85,0.727272727,0.888888889,0.75,0.9,0.1,0.220125786,0.108108108,0.222222222,0.040268456,0.045454545,0.052631579,0.220125786,0.108108108,0.222222222
FlowOCT,german_train_calibration_1.csv,1,SP,0.11,502,1,2,0,10800,2,365,0.727091633,0,214435,3441.315415,0.690763052,0.706827309,0.105702174,0.04592774,0.177405119,0.042365402,0.180926916,0.088235294,0.85,1,0.888888889,0.25,0.9,0.5,0.163522013,0.115384615,0.222222222,0.054957579,0.080808081,0.078947368,0.163522013,0.115384615,0.222222222
FlowOCT,german_train_calibration_1.csv,1,SP,0.12,502,1,2,0,10800,2,365,0.727091633,0,123421,2555.38558,0.702811245,0.718875502,0.105702174,0.028704095,0.177405119,0.067961165,0.180926916,0.078431373,0.85,0.727272727,0.888888889,0.75,0.9,0.1,0.220125786,0.108108108,0.222222222,0.040268456,0.045454545,0.052631579,0.220125786,0.108108108,0.222222222
FlowOCT,german_train_calibration_1.csv,1,SP,0.13,502,1,2,0,10800,2,367,0.731075697,0,190196,3849.951288,0.714859438,0.751004016,0.105702174,0.124311084,0.177405119,0.04040404,0.180926916,0.134581105,0.85,0.666666667,0.888888889,0.888888889,0.9,0.9,0.111111111,0.153846154,0.209401709,0.132075472,0.053272451,0.123076923,0.132075472,0.153846154,0.209401709
FlowOCT,german_train_calibration_1.csv,1,SP,0.14,502,1,2,0,10800,2,367,0.731075697,0,105924,2030.725214,0.714859438,0.751004016,0.105702174,0.124311084,0.177405119,0.04040404,0.180926916,0.134581105,0.85,0.666666667,0.888888889,0.888888889,0.9,0.9,0.111111111,0.153846154,0.209401709,0.132075472,0.053272451,0.123076923,0.132075472,0.153846154,0.209401709
FlowOCT,german_train_calibration_1.csv,1,SP,0.15,502,1,2,0,10800,2,367,0.731075697,0,179820,3701.978158,0.714859438,0.751004016,0.105702174,0.124311084,0.177405119,0.04040404,0.180926916,0.134581105,0.85,0.666666667,0.888888889,0.888888889,0.9,0.9,0.111111111,0.153846154,0.209401709,0.132075472,0.053272451,0.123076923,0.132075472,0.153846154,0.209401709
FlowOCT,german_train_calibration_1.csv,1,SP,0.16,502,1,2,0,10800,2,367,0.731075697,0,169281,4037.288831,0.714859438,0.751004016,0.105702174,0.124311084,0.177405119,0.04040404,0.180926916,0.134581105,0.85,0.666666667,0.888888889,0.888888889,0.9,0.9,0.111111111,0.153846154,0.209401709,0.132075472,0.053272451,0.123076923,0.132075472,0.153846154,0.209401709
FlowOCT,german_train_calibration_1.csv,1,SP,0.17,502,1,2,0,10800,2,367,0.731075697,0,90068,2488.819822,0.714859438,0.751004016,0.105702174,0.124311084,0.177405119,0.04040404,0.180926916,0.134581105,0.85,0.666666667,0.888888889,0.888888889,0.9,0.9,0.111111111,0.153846154,0.209401709,0.132075472,0.053272451,0.123076923,0.132075472,0.153846154,0.209401709
FlowOCT,german_train_calibration_1.csv,1,SP,0.18,502,1,2,0,10800,2,367,0.731075697,0,127220,2966.78817,0.714859438,0.751004016,0.105702174,0.124311084,0.177405119,0.04040404,0.180926916,0.134581105,0.85,0.666666667,0.888888889,0.888888889,0.9,0.9,0.111111111,0.153846154,0.209401709,0.132075472,0.053272451,0.123076923,0.132075472,0.153846154,0.209401709
FlowOCT,german_train_calibration_1.csv,1,SP,0.19,502,1,2,0,10800,2,367,0.731075697,0,150018,3027.242582,0.714859438,0.751004016,0.105702174,0.124311084,0.177405119,0.04040404,0.180926916,0.134581105,0.85,0.666666667,0.888888889,0.888888889,0.9,0.9,0.111111111,0.153846154,0.209401709,0.132075472,0.053272451,0.123076923,0.132075472,0.153846154,0.209401709
FlowOCT,german_train_calibration_1.csv,1,SP,0.1,502,1,2,0,10800,2,365,0.727091633,0,103169,4406.601828,0.702811245,0.710843373,0.105702174,0.058674546,0.177405119,0.165048544,0.180926916,0.117647059,0.85,0.875,0.888888889,0.5,0.9,0.333333333,0.144654088,0.3,0.333333333,0.075757576,0.121212121,0.078947368,0.144654088,0.3,0.333333333
FlowOCT,german_train_calibration_1.csv,1,SP,0.21,502,1,2,0,10800,2,367,0.731075697,0,128183,2458.017156,0.714859438,0.751004016,0.105702174,0.124311084,0.177405119,0.04040404,0.180926916,0.134581105,0.85,0.666666667,0.888888889,0.888888889,0.9,0.9,0.111111111,0.153846154,0.209401709,0.132075472,0.053272451,0.123076923,0.132075472,0.153846154,0.209401709
FlowOCT,german_train_calibration_1.csv,1,SP,0.22,502,1,2,0,10800,2,367,0.731075697,0,137933,3129.361222,0.714859438,0.751004016,0.105702174,0.124311084,0.177405119,0.04040404,0.180926916,0.134581105,0.85,0.666666667,0.888888889,0.888888889,0.9,0.9,0.111111111,0.153846154,0.209401709,0.132075472,0.053272451,0.123076923,0.132075472,0.153846154,0.209401709
FlowOCT,german_train_calibration_1.csv,1,SP,0.23,502,1,2,0,10800,2,367,0.731075697,0,152516,2521.566386,0.714859438,0.751004016,0.105702174,0.124311084,0.177405119,0.04040404,0.180926916,0.134581105,0.85,0.666666667,0.888888889,0.888888889,0.9,0.9,0.111111111,0.153846154,0.209401709,0.132075472,0.053272451,0.123076923,0.132075472,0.153846154,0.209401709
FlowOCT,german_train_calibration_1.csv,1,SP,0.24,502,1,2,0,10800,2,367,0.731075697,0,100070,3940.113577,0.714859438,0.751004016,0.105702174,0.124311084,0.177405119,0.04040404,0.180926916,0.134581105,0.85,0.666666667,0.888888889,0.888888889,0.9,0.9,0.111111111,0.153846154,0.209401709,0.132075472,0.053272451,0.123076923,0.132075472,0.153846154,0.209401709
FlowOCT,german_train_calibration_1.csv,1,SP,0.25,502,1,2,0,10800,2,367,0.731075697,0,119504,2622.461054,0.714859438,0.751004016,0.105702174,0.124311084,0.177405119,0.04040404,0.180926916,0.134581105,0.85,0.666666667,0.888888889,0.888888889,0.9,0.9,0.111111111,0.153846154,0.209401709,0.132075472,0.053272451,0.123076923,0.132075472,0.153846154,0.209401709
FlowOCT,german_train_calibration_1.csv,1,SP,0.26,502,1,2,0,10800,2,367,0.731075697,0,138016,2548.720295,0.714859438,0.751004016,0.105702174,0.124311084,0.177405119,0.04040404,0.180926916,0.134581105,0.85,0.666666667,0.888888889,0.888888889,0.9,0.9,0.111111111,0.153846154,0.209401709,0.132075472,0.053272451,0.123076923,0.132075472,0.153846154,0.209401709
FlowOCT,german_train_calibration_1.csv,1,SP,0.27,502,1,2,0,10800,2,367,0.731075697,0,107490,2139.126204,0.714859438,0.751004016,0.105702174,0.124311084,0.177405119,0.04040404,0.180926916,0.134581105,0.85,0.666666667,0.888888889,0.888888889,0.9,0.9,0.111111111,0.153846154,0.209401709,0.132075472,0.053272451,0.123076923,0.132075472,0.153846154,0.209401709
FlowOCT,german_train_calibration_1.csv,1,SP,0.28,502,1,2,0,10800,2,367,0.731075697,0,169804,2637.000621,0.714859438,0.751004016,0.105702174,0.124311084,0.177405119,0.04040404,0.180926916,0.134581105,0.85,0.666666667,0.888888889,0.888888889,0.9,0.9,0.111111111,0.153846154,0.209401709,0.132075472,0.053272451,0.123076923,0.132075472,0.153846154,0.209401709
FlowOCT,german_train_calibration_1.csv,1,SP,0.29,502,1,2,0,10800,2,367,0.731075697,0,208924,4206.424136,0.714859438,0.751004016,0.105702174,0.124311084,0.177405119,0.04040404,0.180926916,0.134581105,0.85,0.666666667,0.888888889,0.888888889,0.9,0.9,0.111111111,0.153846154,0.209401709,0.132075472,0.053272451,0.123076923,0.132075472,0.153846154,0.209401709
FlowOCT,german_train_calibration_1.csv,1,SP,0.2,502,1,2,0,10800,2,367,0.731075697,0,167580,3404.230767,0.714859438,0.751004016,0.105702174,0.124311084,0.177405119,0.04040404,0.180926916,0.134581105,0.85,0.666666667,0.888888889,0.888888889,0.9,0.9,0.111111111,0.153846154,0.209401709,0.132075472,0.053272451,0.123076923,0.132075472,0.153846154,0.209401709
FlowOCT,german_train_calibration_1.csv,1,SP,0.31,502,1,2,0,10800,2,367,0.731075697,0,94191,2503.287352,0.714859438,0.751004016,0.105702174,0.124311084,0.177405119,0.04040404,0.180926916,0.134581105,0.85,0.666666667,0.888888889,0.888888889,0.9,0.9,0.111111111,0.153846154,0.209401709,0.132075472,0.053272451,0.123076923,0.132075472,0.153846154,0.209401709
FlowOCT,german_train_calibration_1.csv,1,SP,0.32,502,1,2,0,10800,2,367,0.731075697,0,191076,3873.67187,0.714859438,0.751004016,0.105702174,0.124311084,0.177405119,0.04040404,0.180926916,0.134581105,0.85,0.666666667,0.888888889,0.888888889,0.9,0.9,0.111111111,0.153846154,0.209401709,0.132075472,0.053272451,0.123076923,0.132075472,0.153846154,0.209401709
FlowOCT,german_train_calibration_1.csv,1,SP,0.33,502,1,2,0,10800,2,367,0.731075697,0,132591,3131.555114,0.714859438,0.751004016,0.105702174,0.124311084,0.177405119,0.04040404,0.180926916,0.134581105,0.85,0.666666667,0.888888889,0.888888889,0.9,0.9,0.111111111,0.153846154,0.209401709,0.132075472,0.053272451,0.123076923,0.132075472,0.153846154,0.209401709
FlowOCT,german_train_calibration_1.csv,1,SP,0.34,502,1,2,0,10800,2,367,0.731075697,0,131441,2895.955718,0.714859438,0.751004016,0.105702174,0.124311084,0.177405119,0.04040404,0.180926916,0.134581105,0.85,0.666666667,0.888888889,0.888888889,0.9,0.9,0.111111111,0.153846154,0.209401709,0.132075472,0.053272451,0.123076923,0.132075472,0.153846154,0.209401709
FlowOCT,german_train_calibration_1.csv,1,SP,0.35,502,1,2,0,10800,2,367,0.731075697,0,149446,2894.54482,0.714859438,0.751004016,0.105702174,0.124311084,0.177405119,0.04040404,0.180926916,0.134581105,0.85,0.666666667,0.888888889,0.888888889,0.9,0.9,0.111111111,0.153846154,0.209401709,0.132075472,0.053272451,0.123076923,0.132075472,0.153846154,0.209401709
FlowOCT,german_train_calibration_1.csv,1,SP,0.36,502,1,2,0,10800,2,367,0.731075697,0,135644,2855.658713,0.714859438,0.751004016,0.105702174,0.124311084,0.177405119,0.04040404,0.180926916,0.134581105,0.85,0.666666667,0.888888889,0.888888889,0.9,0.9,0.111111111,0.153846154,0.209401709,0.132075472,0.053272451,0.123076923,0.132075472,0.153846154,0.209401709
FlowOCT,german_train_calibration_1.csv,1,SP,0.37,502,1,2,0,10800,2,367,0.731075697,0,125912,3292.639015,0.714859438,0.751004016,0.105702174,0.124311084,0.177405119,0.04040404,0.180926916,0.134581105,0.85,0.666666667,0.888888889,0.888888889,0.9,0.9,0.111111111,0.153846154,0.209401709,0.132075472,0.053272451,0.123076923,0.132075472,0.153846154,0.209401709
FlowOCT,german_train_calibration_1.csv,1,SP,0.38,502,1,2,0,10800,2,367,0.731075697,0,100335,4393.741025,0.714859438,0.751004016,0.105702174,0.124311084,0.177405119,0.04040404,0.180926916,0.134581105,0.85,0.666666667,0.888888889,0.888888889,0.9,0.9,0.111111111,0.153846154,0.209401709,0.132075472,0.053272451,0.123076923,0.132075472,0.153846154,0.209401709
FlowOCT,german_train_calibration_1.csv,1,SP,0.39,502,1,2,0,10800,2,367,0.731075697,0,112357,2471.176863,0.714859438,0.751004016,0.105702174,0.124311084,0.177405119,0.04040404,0.180926916,0.134581105,0.85,0.666666667,0.888888889,0.888888889,0.9,0.9,0.111111111,0.153846154,0.209401709,0.132075472,0.053272451,0.123076923,0.132075472,0.153846154,0.209401709
FlowOCT,german_train_calibration_1.csv,1,SP,0.3,502,1,2,0,10800,2,367,0.731075697,0,129257,3064.789342,0.714859438,0.751004016,0.105702174,0.124311084,0.177405119,0.04040404,0.180926916,0.134581105,0.85,0.666666667,0.888888889,0.888888889,0.9,0.9,0.111111111,0.153846154,0.209401709,0.132075472,0.053272451,0.123076923,0.132075472,0.153846154,0.209401709
FlowOCT,german_train_calibration_1.csv,1,SP,0.41,502,1,2,0,10800,2,367,0.731075697,0,194932,3707.740049,0.714859438,0.751004016,0.105702174,0.124311084,0.177405119,0.04040404,0.180926916,0.134581105,0.85,0.666666667,0.888888889,0.888888889,0.9,0.9,0.111111111,0.153846154,0.209401709,0.132075472,0.053272451,0.123076923,0.132075472,0.153846154,0.209401709
FlowOCT,german_train_calibration_1.csv,1,SP,0.42,502,1,2,0,10800,2,367,0.731075697,0,113140,1911.455717,0.714859438,0.751004016,0.105702174,0.124311084,0.177405119,0.04040404,0.180926916,0.134581105,0.85,0.666666667,0.888888889,0.888888889,0.9,0.9,0.111111111,0.153846154,0.209401709,0.132075472,0.053272451,0.123076923,0.132075472,0.153846154,0.209401709
FlowOCT,german_train_calibration_1.csv,1,SP,0.43,502,1,2,0,10800,2,367,0.731075697,0,153216,2694.564216,0.714859438,0.751004016,0.105702174,0.124311084,0.177405119,0.04040404,0.180926916,0.134581105,0.85,0.666666667,0.888888889,0.888888889,0.9,0.9,0.111111111,0.153846154,0.209401709,0.132075472,0.053272451,0.123076923,0.132075472,0.153846154,0.209401709
FlowOCT,german_train_calibration_1.csv,1,SP,0.44,502,1,2,0,10800,2,367,0.731075697,0,133284,2394.939968,0.714859438,0.751004016,0.105702174,0.124311084,0.177405119,0.04040404,0.180926916,0.134581105,0.85,0.666666667,0.888888889,0.888888889,0.9,0.9,0.111111111,0.153846154,0.209401709,0.132075472,0.053272451,0.123076923,0.132075472,0.153846154,0.209401709
FlowOCT,german_train_calibration_1.csv,1,SP,0.45,502,1,2,0,10800,2,367,0.731075697,0,99335,3929.06179,0.714859438,0.751004016,0.105702174,0.124311084,0.177405119,0.04040404,0.180926916,0.134581105,0.85,0.666666667,0.888888889,0.888888889,0.9,0.9,0.111111111,0.153846154,0.209401709,0.132075472,0.053272451,0.123076923,0.132075472,0.153846154,0.209401709
FlowOCT,german_train_calibration_1.csv,1,SP,0.46,502,1,2,0,10800,2,367,0.731075697,0,185135,2964.007588,0.714859438,0.751004016,0.105702174,0.124311084,0.177405119,0.04040404,0.180926916,0.134581105,0.85,0.666666667,0.888888889,0.888888889,0.9,0.9,0.111111111,0.153846154,0.209401709,0.132075472,0.053272451,0.123076923,0.132075472,0.153846154,0.209401709
FlowOCT,german_train_calibration_1.csv,1,SP,0.47,502,1,2,0,10800,2,367,0.731075697,0,94337,2021.453907,0.714859438,0.751004016,0.105702174,0.124311084,0.177405119,0.04040404,0.180926916,0.134581105,0.85,0.666666667,0.888888889,0.888888889,0.9,0.9,0.111111111,0.153846154,0.209401709,0.132075472,0.053272451,0.123076923,0.132075472,0.153846154,0.209401709
FlowOCT,german_train_calibration_1.csv,1,SP,0.48,502,1,2,0,10800,2,367,0.731075697,0,85994,4016.013989,0.714859438,0.751004016,0.105702174,0.124311084,0.177405119,0.04040404,0.180926916,0.134581105,0.85,0.666666667,0.888888889,0.888888889,0.9,0.9,0.111111111,0.153846154,0.209401709,0.132075472,0.053272451,0.123076923,0.132075472,0.153846154,0.209401709
FlowOCT,german_train_calibration_1.csv,1,SP,0.49,502,1,2,0,10800,2,367,0.731075697,0,79111,2156.041446,0.714859438,0.751004016,0.105702174,0.124311084,0.177405119,0.04040404,0.180926916,0.134581105,0.85,0.666666667,0.888888889,0.888888889,0.9,0.9,0.111111111,0.153846154,0.209401709,0.132075472,0.053272451,0.123076923,0.132075472,0.153846154,0.209401709
FlowOCT,german_train_calibration_1.csv,1,SP,0.4,502,1,2,0,10800,2,367,0.731075697,0,161049,3001.435916,0.714859438,0.751004016,0.105702174,0.124311084,0.177405119,0.04040404,0.180926916,0.134581105,0.85,0.666666667,0.888888889,0.888888889,0.9,0.9,0.111111111,0.153846154,0.209401709,0.132075472,0.053272451,0.123076923,0.132075472,0.153846154,0.209401709
FlowOCT,german_train_calibration_1.csv,1,SP,0.51,502,1,2,0,10800,2,367,0.731075697,0,145868,2802.528309,0.714859438,0.751004016,0.105702174,0.124311084,0.177405119,0.04040404,0.180926916,0.134581105,0.85,0.666666667,0.888888889,0.888888889,0.9,0.9,0.111111111,0.153846154,0.209401709,0.132075472,0.053272451,0.123076923,0.132075472,0.153846154,0.209401709
FlowOCT,german_train_calibration_1.csv,1,SP,0.52,502,1,2,0,10800,2,367,0.731075697,0,98360,2464.916318,0.714859438,0.751004016,0.105702174,0.124311084,0.177405119,0.04040404,0.180926916,0.134581105,0.85,0.666666667,0.888888889,0.888888889,0.9,0.9,0.111111111,0.153846154,0.209401709,0.132075472,0.053272451,0.123076923,0.132075472,0.153846154,0.209401709
FlowOCT,german_train_calibration_1.csv,1,SP,0.53,502,1,2,0,10800,2,367,0.731075697,0,94930,2934.081259,0.714859438,0.751004016,0.105702174,0.124311084,0.177405119,0.04040404,0.180926916,0.134581105,0.85,0.666666667,0.888888889,0.888888889,0.9,0.9,0.111111111,0.153846154,0.209401709,0.132075472,0.053272451,0.123076923,0.132075472,0.153846154,0.209401709
FlowOCT,german_train_calibration_1.csv,1,SP,0.54,502,1,2,0,10800,2,367,0.731075697,0,137531,3455.08534,0.714859438,0.751004016,0.105702174,0.124311084,0.177405119,0.04040404,0.180926916,0.134581105,0.85,0.666666667,0.888888889,0.888888889,0.9,0.9,0.111111111,0.153846154,0.209401709,0.132075472,0.053272451,0.123076923,0.132075472,0.153846154,0.209401709
FlowOCT,german_train_calibration_1.csv,1,SP,0.55,502,1,2,0,10800,2,367,0.731075697,0,96818,2257.838822,0.714859438,0.751004016,0.105702174,0.124311084,0.177405119,0.04040404,0.180926916,0.134581105,0.85,0.666666667,0.888888889,0.888888889,0.9,0.9,0.111111111,0.153846154,0.209401709,0.132075472,0.053272451,0.123076923,0.132075472,0.153846154,0.209401709
FlowOCT,german_train_calibration_1.csv,1,SP,0.5,502,1,2,0,10800,2,367,0.731075697,0,129185,2368.625676,0.714859438,0.751004016,0.105702174,0.124311084,0.177405119,0.04040404,0.180926916,0.134581105,0.85,0.666666667,0.888888889,0.888888889,0.9,0.9,0.111111111,0.153846154,0.209401709,0.132075472,0.053272451,0.123076923,0.132075472,0.153846154,0.209401709
FlowOCT,german_train_calibration_2.csv,2,None,1,502,1,2,0,10800,2,369,0.735059761,0,136318,2451.610547,0.710843373,0.706827309,0.105702174,0.117575015,0.177405119,0.063131313,0.180926916,0.068627451,0.85,0.333333333,0.888888889,0.5,0.9,0.25,0.198198198,0.153846154,0.115384615,0.117647059,0.111111111,0.052631579,0.198198198,0.153846154,0.115384615
FlowOCT,german_train_calibration_2.csv,2,SP,0.01,502,1,2,0,10800,2,360,0.717131474,0,78509,5731.625401,0.710843373,0.718875502,0.105702174,0.006584639,0.177405119,0.090909091,0.180926916,0.107843137,0.85,0.25,0.888888889,0.25,0.9,0.5,0.184684685,0.2,0.222222222,0.060402685,0.054794521,0.078947368,0.184684685,0.2,0.222222222
FlowOCT,german_train_calibration_2.csv,2,SP,0.02,502,1,2,0,10800,2,363,0.72310757,0,110045,9993.163035,0.714859438,0.714859438,0.105702174,0.016067277,0.177405119,0.090909091,0.180926916,0.107843137,0.85,0.181818182,0.888888889,0,0.9,0,0.184684685,0.2,0.222222222,0.053691275,0.054794521,0.078947368,0.184684685,0.2,0.222222222
FlowOCT,german_train_calibration_2.csv,2,SP,0.03,502,1,2,0,10800,2,369,0.735059761,0,95525,9447.882188,0.714859438,0.698795181,0.105702174,0.02582867,0.177405119,0.048543689,0.180926916,0.058823529,0.85,0.5,0.888888889,0.75,0.9,0.6,0.100600601,0.108108108,0.111111111,0.026845638,0.015151515,0.04,0.100600601,0.108108108,0.111111111
FlowOCT,german_train_calibration_2.csv,2,SP,0.04,502,1,2,0,10800,2,369,0.735059761,0,99188,9305.991089,0.714859438,0.698795181,0.105702174,0.02582867,0.177405119,0.048543689,0.180926916,0.058823529,0.85,0.5,0.888888889,0.75,0.9,0.6,0.100600601,0.108108108,0.111111111,0.026845638,0.015151515,0.04,0.100600601,0.108108108,0.111111111
FlowOCT,german_train_calibration_2.csv,2,SP,0.05,502,1,2,0,10800,2,369,0.735059761,0,86143,8199.255674,0.714859438,0.698795181,0.105702174,0.02582867,0.177405119,0.048543689,0.180926916,0.058823529,0.85,0.5,0.888888889,0.75,0.9,0.6,0.100600601,0.108108108,0.111111111,0.026845638,0.015151515,0.04,0.100600601,0.108108108,0.111111111
FlowOCT,german_train_calibration_2.csv,2,SP,0.06,502,1,2,0,10800,2,369,0.735059761,0,115126,9855.147775,0.714859438,0.698795181,0.105702174,0.02582867,0.177405119,0.048543689,0.180926916,0.058823529,0.85,0.5,0.888888889,0.75,0.9,0.6,0.100600601,0.108108108,0.111111111,0.026845638,0.015151515,0.04,0.100600601,0.108108108,0.111111111
FlowOCT,german_train_calibration_2.csv,2,SP,0.07,502,1,2,0,10800,2,369,0.735059761,0,61366,4450.297815,0.714859438,0.698795181,0.105702174,0.02582867,0.177405119,0.048543689,0.180926916,0.058823529,0.85,0.5,0.888888889,0.75,0.9,0.6,0.100600601,0.108108108,0.111111111,0.026845638,0.015151515,0.04,0.100600601,0.108108108,0.111111111
FlowOCT,german_train_calibration_2.csv,2,SP,0.08,502,1,2,0,10800,2,369,0.735059761,0,87075,9736.09521,0.714859438,0.698795181,0.105702174,0.02582867,0.177405119,0.048543689,0.180926916,0.058823529,0.85,0.5,0.888888889,0.75,0.9,0.6,0.100600601,0.108108108,0.111111111,0.026845638,0.015151515,0.04,0.100600601,0.108108108,0.111111111
FlowOCT,german_train_calibration_2.csv,2,SP,0.09,502,1,2,0,10800,2,369,0.735059761,0,59381,4663.782798,0.714859438,0.698795181,0.105702174,0.02582867,0.177405119,0.048543689,0.180926916,0.058823529,0.85,0.5,0.888888889,0.75,0.9,0.6,0.100600601,0.108108108,0.111111111,0.026845638,0.015151515,0.04,0.100600601,0.108108108,0.111111111
FlowOCT,german_train_calibration_2.csv,2,SP,0.11,502,1,2,0,10800,2,369,0.735059761,0,127663,2810.592071,0.714859438,0.698795181,0.105702174,0.02582867,0.177405119,0.048543689,0.180926916,0.058823529,0.85,0.5,0.888888889,0.75,0.9,0.6,0.100600601,0.108108108,0.111111111,0.026845638,0.015151515,0.04,0.100600601,0.108108108,0.111111111
FlowOCT,german_train_calibration_2.csv,2,SP,0.12,502,1,2,0,10800,2,369,0.735059761,0,199768,3786.443334,0.714859438,0.698795181,0.105702174,0.02582867,0.177405119,0.048543689,0.180926916,0.058823529,0.85,0.5,0.888888889,0.75,0.9,0.6,0.100600601,0.108108108,0.111111111,0.026845638,0.015151515,0.04,0.100600601,0.108108108,0.111111111
FlowOCT,german_train_calibration_2.csv,2,SP,0.13,502,1,2,0,10800,2,369,0.735059761,0,89919,3580.293862,0.714859438,0.698795181,0.105702174,0.02582867,0.177405119,0.048543689,0.180926916,0.058823529,0.85,0.5,0.888888889,0.75,0.9,0.6,0.100600601,0.108108108,0.111111111,0.026845638,0.015151515,0.04,0.100600601,0.108108108,0.111111111
FlowOCT,german_train_calibration_2.csv,2,SP,0.14,502,1,2,0,10800,2,369,0.735059761,0,106316,2917.552422,0.714859438,0.698795181,0.105702174,0.02582867,0.177405119,0.048543689,0.180926916,0.058823529,0.85,0.5,0.888888889,0.75,0.9,0.6,0.100600601,0.108108108,0.111111111,0.026845638,0.015151515,0.04,0.100600601,0.108108108,0.111111111
FlowOCT,german_train_calibration_2.csv,2,SP,0.15,502,1,2,0,10800,2,369,0.735059761,0,114361,2997.321986,0.710843373,0.706827309,0.105702174,0.117575015,0.177405119,0.063131313,0.180926916,0.068627451,0.85,0.333333333,0.888888889,0.5,0.9,0.25,0.198198198,0.153846154,0.115384615,0.117647059,0.111111111,0.052631579,0.198198198,0.153846154,0.115384615
FlowOCT,german_train_calibration_2.csv,2,SP,0.16,502,1,2,0,10800,2,369,0.735059761,0,161724,2694.191322,0.714859438,0.698795181,0.105702174,0.02582867,0.177405119,0.048543689,0.180926916,0.058823529,0.85,0.5,0.888888889,0.75,0.9,0.6,0.100600601,0.108108108,0.111111111,0.026845638,0.015151515,0.04,0.100600601,0.108108108,0.111111111
FlowOCT,german_train_calibration_2.csv,2,SP,0.17,502,1,2,0,10800,2,369,0.735059761,0,99713,3992.857638,0.714859438,0.698795181,0.105702174,0.02582867,0.177405119,0.048543689,0.180926916,0.058823529,0.85,0.5,0.888888889,0.75,0.9,0.6,0.100600601,0.108108108,0.111111111,0.026845638,0.015151515,0.04,0.100600601,0.108108108,0.111111111
FlowOCT,german_train_calibration_2.csv,2,SP,0.18,502,1,2,0,10800,2,369,0.735059761,0,145483,2904.677493,0.710843373,0.706827309,0.105702174,0.117575015,0.177405119,0.063131313,0.180926916,0.068627451,0.85,0.333333333,0.888888889,0.5,0.9,0.25,0.198198198,0.153846154,0.115384615,0.117647059,0.111111111,0.052631579,0.198198198,0.153846154,0.115384615
FlowOCT,german_train_calibration_2.csv,2,SP,0.19,502,1,2,0,10800,2,369,0.735059761,0,108492,3917.8027,0.710843373,0.706827309,0.105702174,0.117575015,0.177405119,0.063131313,0.180926916,0.068627451,0.85,0.333333333,0.888888889,0.5,0.9,0.25,0.198198198,0.153846154,0.115384615,0.117647059,0.111111111,0.052631579,0.198198198,0.153846154,0.115384615
FlowOCT,german_train_calibration_2.csv,2,SP,0.1,502,1,2,0,10800,2,369,0.735059761,0,89397,5456.733558,0.714859438,0.698795181,0.105702174,0.02582867,0.177405119,0.048543689,0.180926916,0.058823529,0.85,0.5,0.888888889,0.75,0.9,0.6,0.100600601,0.108108108,0.111111111,0.026845638,0.015151515,0.04,0.100600601,0.108108108,0.111111111
FlowOCT,german_train_calibration_2.csv,2,SP,0.21,502,1,2,0,10800,2,369,0.735059761,0,129260,2970.615366,0.714859438,0.698795181,0.105702174,0.02582867,0.177405119,0.048543689,0.180926916,0.058823529,0.85,0.5,0.888888889,0.75,0.9,0.6,0.100600601,0.108108108,0.111111111,0.026845638,0.015151515,0.04,0.100600601,0.108108108,0.111111111
FlowOCT,german_train_calibration_2.csv,2,SP,0.22,502,1,2,0,10800,2,369,0.735059761,0,135004,2817.212202,0.714859438,0.698795181,0.105702174,0.02582867,0.177405119,0.048543689,0.180926916,0.058823529,0.85,0.5,0.888888889,0.75,0.9,0.6,0.100600601,0.108108108,0.111111111,0.026845638,0.015151515,0.04,0.100600601,0.108108108,0.111111111
FlowOCT,german_train_calibration_2.csv,2,SP,0.23,502,1,2,0,10800,2,369,0.735059761,0,116483,3092.61616,0.714859438,0.698795181,0.105702174,0.02582867,0.177405119,0.048543689,0.180926916,0.058823529,0.85,0.5,0.888888889,0.75,0.9,0.6,0.100600601,0.108108108,0.111111111,0.026845638,0.015151515,0.04,0.100600601,0.108108108,0.111111111
FlowOCT,german_train_calibration_2.csv,2,SP,0.24,502,1,2,0,10800,2,369,0.735059761,0,90759,2416.463512,0.714859438,0.698795181,0.105702174,0.02582867,0.177405119,0.048543689,0.180926916,0.058823529,0.85,0.5,0.888888889,0.75,0.9,0.6,0.100600601,0.108108108,0.111111111,0.026845638,0.015151515,0.04,0.100600601,0.108108108,0.111111111
FlowOCT,german_train_calibration_2.csv,2,SP,0.25,502,1,2,0,10800,2,369,0.735059761,0,142889,3667.075548,0.710843373,0.706827309,0.105702174,0.117575015,0.177405119,0.063131313,0.180926916,0.068627451,0.85,0.333333333,0.888888889,0.5,0.9,0.25,0.198198198,0.153846154,0.115384615,0.117647059,0.111111111,0.052631579,0.198198198,0.153846154,0.115384615
FlowOCT,german_train_calibration_2.csv,2,SP,0.26,502,1,2,0,10800,2,369,0.735059761,0,93956,5192.404458,0.710843373,0.706827309,0.105702174,0.117575015,0.177405119,0.063131313,0.180926916,0.068627451,0.85,0.333333333,0.888888889,0.5,0.9,0.25,0.198198198,0.153846154,0.115384615,0.117647059,0.111111111,0.052631579,0.198198198,0.153846154,0.115384615
FlowOCT,german_train_calibration_2.csv,2,SP,0.27,502,1,2,0,10800,2,369,0.735059761,0,135687,2497.363386,0.714859438,0.698795181,0.105702174,0.02582867,0.177405119,0.048543689,0.180926916,0.058823529,0.85,0.5,0.888888889,0.75,0.9,0.6,0.100600601,0.108108108,0.111111111,0.026845638,0.015151515,0.04,0.100600601,0.108108108,0.111111111
FlowOCT,german_train_calibration_2.csv,2,SP,0.28,502,1,2,0,10800,2,369,0.735059761,0,129037,4038.646926,0.710843373,0.706827309,0.105702174,0.117575015,0.177405119,0.063131313,0.180926916,0.068627451,0.85,0.333333333,0.888888889,0.5,0.9,0.25,0.198198198,0.153846154,0.115384615,0.117647059,0.111111111,0.052631579,0.198198198,0.153846154,0.115384615
FlowOCT,german_train_calibration_2.csv,2,SP,0.29,502,1,2,0,10800,2,369,0.735059761,0,125938,2637.751424,0.714859438,0.698795181,0.105702174,0.02582867,0.177405119,0.048543689,0.180926916,0.058823529,0.85,0.5,0.888888889,0.75,0.9,0.6,0.100600601,0.108108108,0.111111111,0.026845638,0.015151515,0.04,0.100600601,0.108108108,0.111111111
FlowOCT,german_train_calibration_2.csv,2,SP,0.2,502,1,2,0,10800,2,369,0.735059761,0,74803,2641.489857,0.710843373,0.706827309,0.105702174,0.117575015,0.177405119,0.063131313,0.180926916,0.068627451,0.85,0.333333333,0.888888889,0.5,0.9,0.25,0.198198198,0.153846154,0.115384615,0.117647059,0.111111111,0.052631579,0.198198198,0.153846154,0.115384615
FlowOCT,german_train_calibration_2.csv,2,SP,0.31,502,1,2,0,10800,2,369,0.735059761,0,125847,2309.185804,0.714859438,0.698795181,0.105702174,0.02582867,0.177405119,0.048543689,0.180926916,0.058823529,0.85,0.5,0.888888889,0.75,0.9,0.6,0.100600601,0.108108108,0.111111111,0.026845638,0.015151515,0.04,0.100600601,0.108108108,0.111111111
FlowOCT,german_train_calibration_2.csv,2,SP,0.32,502,1,2,0,10800,2,369,0.735059761,0,130977,2699.427959,0.710843373,0.706827309,0.105702174,0.117575015,0.177405119,0.063131313,0.180926916,0.068627451,0.85,0.333333333,0.888888889,0.5,0.9,0.25,0.198198198,0.153846154,0.115384615,0.117647059,0.111111111,0.052631579,0.198198198,0.153846154,0.115384615
FlowOCT,german_train_calibration_2.csv,2,SP,0.33,502,1,2,0,10800,2,369,0.735059761,0,173261,3023.939027,0.714859438,0.698795181,0.105702174,0.02582867,0.177405119,0.048543689,0.180926916,0.058823529,0.85,0.5,0.888888889,0.75,0.9,0.6,0.100600601,0.108108108,0.111111111,0.026845638,0.015151515,0.04,0.100600601,0.108108108,0.111111111
FlowOCT,german_train_calibration_2.csv,2,SP,0.34,502,1,2,0,10800,2,369,0.735059761,0,102793,2757.970151,0.710843373,0.706827309,0.105702174,0.117575015,0.177405119,0.063131313,0.180926916,0.068627451,0.85,0.333333333,0.888888889,0.5,0.9,0.25,0.198198198,0.153846154,0.115384615,0.117647059,0.111111111,0.052631579,0.198198198,0.153846154,0.115384615
FlowOCT,german_train_calibration_2.csv,2,SP,0.35,502,1,2,0,10800,2,369,0.735059761,0,138237,2396.563328,0.710843373,0.706827309,0.105702174,0.117575015,0.177405119,0.063131313,0.180926916,0.068627451,0.85,0.333333333,0.888888889,0.5,0.9,0.25,0.198198198,0.153846154,0.115384615,0.117647059,0.111111111,0.052631579,0.198198198,0.153846154,0.115384615
FlowOCT,german_train_calibration_2.csv,2,SP,0.36,502,1,2,0,10800,2,369,0.735059761,0,125402,2424.041828,0.714859438,0.698795181,0.105702174,0.02582867,0.177405119,0.048543689,0.180926916,0.058823529,0.85,0.5,0.888888889,0.75,0.9,0.6,0.100600601,0.108108108,0.111111111,0.026845638,0.015151515,0.04,0.100600601,0.108108108,0.111111111
FlowOCT,german_train_calibration_2.csv,2,SP,0.37,502,1,2,0,10800,2,369,0.735059761,0,112426,2089.251798,0.710843373,0.706827309,0.105702174,0.117575015,0.177405119,0.063131313,0.180926916,0.068627451,0.85,0.333333333,0.888888889,0.5,0.9,0.25,0.198198198,0.153846154,0.115384615,0.117647059,0.111111111,0.052631579,0.198198198,0.153846154,0.115384615
FlowOCT,german_train_calibration_2.csv,2,SP,0.38,502,1,2,0,10800,2,369,0.735059761,0,139345,2829.127198,0.710843373,0.706827309,0.105702174,0.117575015,0.177405119,0.063131313,0.180926916,0.068627451,0.85,0.333333333,0.888888889,0.5,0.9,0.25,0.198198198,0.153846154,0.115384615,0.117647059,0.111111111,0.052631579,0.198198198,0.153846154,0.115384615
FlowOCT,german_train_calibration_2.csv,2,SP,0.39,502,1,2,0,10800,2,369,0.735059761,0,108777,2518.984685,0.710843373,0.706827309,0.105702174,0.117575015,0.177405119,0.063131313,0.180926916,0.068627451,0.85,0.333333333,0.888888889,0.5,0.9,0.25,0.198198198,0.153846154,0.115384615,0.117647059,0.111111111,0.052631579,0.198198198,0.153846154,0.115384615
FlowOCT,german_train_calibration_2.csv,2,SP,0.3,502,1,2,0,10800,2,369,0.735059761,0,120006,2862.355346,0.714859438,0.698795181,0.105702174,0.02582867,0.177405119,0.048543689,0.180926916,0.058823529,0.85,0.5,0.888888889,0.75,0.9,0.6,0.100600601,0.108108108,0.111111111,0.026845638,0.015151515,0.04,0.100600601,0.108108108,0.111111111
FlowOCT,german_train_calibration_2.csv,2,SP,0.41,502,1,2,0,10800,2,369,0.735059761,0,120435,1833.192096,0.710843373,0.706827309,0.105702174,0.117575015,0.177405119,0.063131313,0.180926916,0.068627451,0.85,0.333333333,0.888888889,0.5,0.9,0.25,0.198198198,0.153846154,0.115384615,0.117647059,0.111111111,0.052631579,0.198198198,0.153846154,0.115384615
FlowOCT,german_train_calibration_2.csv,2,SP,0.42,502,1,2,0,10800,2,369,0.735059761,0,106217,2906.440275,0.710843373,0.706827309,0.105702174,0.117575015,0.177405119,0.063131313,0.180926916,0.068627451,0.85,0.333333333,0.888888889,0.5,0.9,0.25,0.198198198,0.153846154,0.115384615,0.117647059,0.111111111,0.052631579,0.198198198,0.153846154,0.115384615
FlowOCT,german_train_calibration_2.csv,2,SP,0.43,502,1,2,0,10800,2,369,0.735059761,0,88901,2725.730951,0.710843373,0.706827309,0.105702174,0.117575015,0.177405119,0.063131313,0.180926916,0.068627451,0.85,0.333333333,0.888888889,0.5,0.9,0.25,0.198198198,0.153846154,0.115384615,0.117647059,0.111111111,0.052631579,0.198198198,0.153846154,0.115384615
FlowOCT,german_train_calibration_2.csv,2,SP,0.44,502,1,2,0,10800,2,369,0.735059761,0,107068,2390.305511,0.710843373,0.706827309,0.105702174,0.117575015,0.177405119,0.063131313,0.180926916,0.068627451,0.85,0.333333333,0.888888889,0.5,0.9,0.25,0.198198198,0.153846154,0.115384615,0.117647059,0.111111111,0.052631579,0.198198198,0.153846154,0.115384615
FlowOCT,german_train_calibration_2.csv,2,SP,0.45,502,1,2,0,10800,2,369,0.735059761,0,75281,1984.485811,0.710843373,0.706827309,0.105702174,0.117575015,0.177405119,0.063131313,0.180926916,0.068627451,0.85,0.333333333,0.888888889,0.5,0.9,0.25,0.198198198,0.153846154,0.115384615,0.117647059,0.111111111,0.052631579,0.198198198,0.153846154,0.115384615
FlowOCT,german_train_calibration_2.csv,2,SP,0.46,502,1,2,0,10800,2,369,0.735059761,0,166668,3108.43428,0.710843373,0.706827309,0.105702174,0.117575015,0.177405119,0.063131313,0.180926916,0.068627451,0.85,0.333333333,0.888888889,0.5,0.9,0.25,0.198198198,0.153846154,0.115384615,0.117647059,0.111111111,0.052631579,0.198198198,0.153846154,0.115384615
FlowOCT,german_train_calibration_2.csv,2,SP,0.47,502,1,2,0,10800,2,369,0.735059761,0,82132,2059.065063,0.710843373,0.706827309,0.105702174,0.117575015,0.177405119,0.063131313,0.180926916,0.068627451,0.85,0.333333333,0.888888889,0.5,0.9,0.25,0.198198198,0.153846154,0.115384615,0.117647059,0.111111111,0.052631579,0.198198198,0.153846154,0.115384615
FlowOCT,german_train_calibration_2.csv,2,SP,0.48,502,1,2,0,10800,2,369,0.735059761,0,109258,2226.339767,0.714859438,0.698795181,0.105702174,0.02582867,0.177405119,0.048543689,0.180926916,0.058823529,0.85,0.5,0.888888889,0.75,0.9,0.6,0.100600601,0.108108108,0.111111111,0.026845638,0.015151515,0.04,0.100600601,0.108108108,0.111111111
FlowOCT,german_train_calibration_2.csv,2,SP,0.49,502,1,2,0,10800,2,369,0.735059761,0,167225,3770.581029,0.714859438,0.698795181,0.105702174,0.02582867,0.177405119,0.048543689,0.180926916,0.058823529,0.85,0.5,0.888888889,0.75,0.9,0.6,0.100600601,0.108108108,0.111111111,0.026845638,0.015151515,0.04,0.100600601,0.108108108,0.111111111
FlowOCT,german_train_calibration_2.csv,2,SP,0.4,502,1,2,0,10800,2,369,0.735059761,0,119378,2244.071889,0.710843373,0.706827309,0.105702174,0.117575015,0.177405119,0.063131313,0.180926916,0.068627451,0.85,0.333333333,0.888888889,0.5,0.9,0.25,0.198198198,0.153846154,0.115384615,0.117647059,0.111111111,0.052631579,0.198198198,0.153846154,0.115384615
FlowOCT,german_train_calibration_2.csv,2,SP,0.51,502,1,2,0,10800,2,369,0.735059761,0,89442,3613.103572,0.714859438,0.698795181,0.105702174,0.02582867,0.177405119,0.048543689,0.180926916,0.058823529,0.85,0.5,0.888888889,0.75,0.9,0.6,0.100600601,0.108108108,0.111111111,0.026845638,0.015151515,0.04,0.100600601,0.108108108,0.111111111
FlowOCT,german_train_calibration_2.csv,2,SP,0.52,502,1,2,0,10800,2,369,0.735059761,0,137537,2226.96352,0.714859438,0.698795181,0.105702174,0.02582867,0.177405119,0.048543689,0.180926916,0.058823529,0.85,0.5,0.888888889,0.75,0.9,0.6,0.100600601,0.108108108,0.111111111,0.026845638,0.015151515,0.04,0.100600601,0.108108108,0.111111111
FlowOCT,german_train_calibration_2.csv,2,SP,0.53,502,1,2,0,10800,2,369,0.735059761,0,95066,2945.766612,0.714859438,0.698795181,0.105702174,0.02582867,0.177405119,0.048543689,0.180926916,0.058823529,0.85,0.5,0.888888889,0.75,0.9,0.6,0.100600601,0.108108108,0.111111111,0.026845638,0.015151515,0.04,0.100600601,0.108108108,0.111111111
FlowOCT,german_train_calibration_2.csv,2,SP,0.54,502,1,2,0,10800,2,369,0.735059761,0,79871,4381.544249,0.710843373,0.706827309,0.105702174,0.117575015,0.177405119,0.063131313,0.180926916,0.068627451,0.85,0.333333333,0.888888889,0.5,0.9,0.25,0.198198198,0.153846154,0.115384615,0.117647059,0.111111111,0.052631579,0.198198198,0.153846154,0.115384615
FlowOCT,german_train_calibration_2.csv,2,SP,0.55,502,1,2,0,10800,2,369,0.735059761,0,83331,2343.832743,0.710843373,0.706827309,0.105702174,0.117575015,0.177405119,0.063131313,0.180926916,0.068627451,0.85,0.333333333,0.888888889,0.5,0.9,0.25,0.198198198,0.153846154,0.115384615,0.117647059,0.111111111,0.052631579,0.198198198,0.153846154,0.115384615
FlowOCT,german_train_calibration_2.csv,2,SP,0.5,502,1,2,0,10800,2,369,0.735059761,0,105313,2048.84409,0.710843373,0.706827309,0.105702174,0.117575015,0.177405119,0.063131313,0.180926916,0.068627451,0.85,0.333333333,0.888888889,0.5,0.9,0.25,0.198198198,0.153846154,0.115384615,0.117647059,0.111111111,0.052631579,0.198198198,0.153846154,0.115384615
FlowOCT,german_train_calibration_3.csv,3,None,1,502,1,2,0,10800,2,375,0.747011952,0,72986,1901.409383,0.722891566,0.710843373,0.105702174,0.058885606,0.177405119,0.159090909,0.180926916,0.134581105,0.85,0.777777778,0.888888889,0.875,0.9,1,0.055555556,0.348648649,0.230769231,0.054384018,0.191780822,0.153846154,0.055555556,0.348648649,0.230769231
FlowOCT,german_train_calibration_3.csv,3,SP,0.01,502,1,2,0,10800,9,366,0.729083665,9.289617486,84002,10800.13501,0.710843373,0.706827309,0.105702174,0.009286619,0.177405119,0.083333333,0.180926916,0.098039216,0.85,0.333333333,0.888888889,0.25,0.9,0.8,0.184684685,0.2,0.192307692,0.046979866,0.054794521,0.065789474,0.184684685,0.2,0.192307692
FlowOCT,german_train_calibration_3.csv,3,SP,0.02,502,1,2,0,10800,9,366,0.729083665,16.66666667,86563,10800.15091,0.710843373,0.706827309,0.105702174,0.009286619,0.177405119,0.083333333,0.180926916,0.098039216,0.85,0.333333333,0.888888889,0.25,0.9,0.8,0.184684685,0.2,0.192307692,0.046979866,0.054794521,0.065789474,0.184684685,0.2,0.192307692
FlowOCT,german_train_calibration_3.csv,3,SP,0.03,502,1,2,0,10800,2,366,0.729083665,0,133438,10568.11001,0.710843373,0.710843373,0.105702174,0.018995357,0.177405119,0.058252427,0.180926916,0.058823529,0.85,0.555555556,0.888888889,0.5,0.9,0.25,0.198198198,0.115384615,0.115384615,0.040268456,0.038461538,0.04,0.198198198,0.115384615,0.115384615
FlowOCT,german_train_calibration_3.csv,3,SP,0.04,502,1,2,0,10800,2,369,0.735059761,0,87360,7550.625015,0.726907631,0.718875502,0.105702174,0.039804042,0.177405119,0.060606061,0.180926916,0.107843137,0.85,0.5,0.888888889,1,0.9,1,0.111111111,0.337837838,0.230769231,0.045168668,0.095890411,0.065789474,0.111111111,0.337837838,0.230769231
FlowOCT,german_train_calibration_3.csv,3,SP,0.05,502,1,2,0,10800,2,369,0.735059761,0,108579,10648.93338,0.726907631,0.718875502,0.105702174,0.039804042,0.177405119,0.060606061,0.180926916,0.107843137,0.85,0.5,0.888888889,1,0.9,1,0.111111111,0.337837838,0.230769231,0.045168668,0.095890411,0.065789474,0.111111111,0.337837838,0.230769231
FlowOCT,german_train_calibration_3.csv,3,SP,0.06,502,1,2,0,10800,2,375,0.747011952,0,59511,7541.52473,0.722891566,0.710843373,0.105702174,0.058885606,0.177405119,0.159090909,0.180926916,0.134581105,0.85,0.777777778,0.888888889,0.875,0.9,1,0.055555556,0.348648649,0.230769231,0.054384018,0.191780822,0.153846154,0.055555556,0.348648649,0.230769231
FlowOCT,german_train_calibration_3.csv,3,SP,0.07,502,1,2,0,10800,2,375,0.747011952,0,37081,3272.173581,0.722891566,0.710843373,0.105702174,0.058885606,0.177405119,0.159090909,0.180926916,0.134581105,0.85,0.777777778,0.888888889,0.875,0.9,1,0.055555556,0.348648649,0.230769231,0.054384018,0.191780822,0.153846154,0.055555556,0.348648649,0.230769231
FlowOCT,german_train_calibration_3.csv,3,SP,0.08,502,1,2,0,10800,2,375,0.747011952,0,32758,2927.651062,0.722891566,0.710843373,0.105702174,0.058885606,0.177405119,0.159090909,0.180926916,0.134581105,0.85,0.777777778,0.888888889,0.875,0.9,1,0.055555556,0.348648649,0.230769231,0.054384018,0.191780822,0.153846154,0.055555556,0.348648649,0.230769231
FlowOCT,german_train_calibration_3.csv,3,SP,0.09,502,1,2,0,10800,2,375,0.747011952,0,115512,7081.476009,0.722891566,0.710843373,0.105702174,0.058885606,0.177405119,0.159090909,0.180926916,0.134581105,0.85,0.777777778,0.888888889,0.875,0.9,1,0.055555556,0.348648649,0.230769231,0.054384018,0.191780822,0.153846154,0.055555556,0.348648649,0.230769231
FlowOCT,german_train_calibration_3.csv,3,SP,0.11,502,1,2,0,10800,2,375,0.747011952,0,56282,1882.330902,0.722891566,0.710843373,0.105702174,0.058885606,0.177405119,0.159090909,0.180926916,0.134581105,0.85,0.777777778,0.888888889,0.875,0.9,1,0.055555556,0.348648649,0.230769231,0.054384018,0.191780822,0.153846154,0.055555556,0.348648649,0.230769231
FlowOCT,german_train_calibration_3.csv,3,SP,0.12,502,1,2,0,10800,2,375,0.747011952,0,86854,1863.491558,0.722891566,0.710843373,0.105702174,0.058885606,0.177405119,0.159090909,0.180926916,0.134581105,0.85,0.777777778,0.888888889,0.875,0.9,1,0.055555556,0.348648649,0.230769231,0.054384018,0.191780822,0.153846154,0.055555556,0.348648649,0.230769231
FlowOCT,german_train_calibration_3.csv,3,SP,0.13,502,1,2,0,10800,2,375,0.747011952,0,96964,2737.304424,0.722891566,0.710843373,0.105702174,0.058885606,0.177405119,0.159090909,0.180926916,0.134581105,0.85,0.777777778,0.888888889,0.875,0.9,1,0.055555556,0.348648649,0.230769231,0.054384018,0.191780822,0.153846154,0.055555556,0.348648649,0.230769231
FlowOCT,german_train_calibration_3.csv,3,SP,0.14,502,1,2,0,10800,2,375,0.747011952,0,32851,2137.218647,0.722891566,0.710843373,0.105702174,0.058885606,0.177405119,0.159090909,0.180926916,0.134581105,0.85,0.777777778,0.888888889,0.875,0.9,1,0.055555556,0.348648649,0.230769231,0.054384018,0.191780822,0.153846154,0.055555556,0.348648649,0.230769231
FlowOCT,german_train_calibration_3.csv,3,SP,0.15,502,1,2,0,10800,2,375,0.747011952,0,101976,2447.416514,0.722891566,0.710843373,0.105702174,0.058885606,0.177405119,0.159090909,0.180926916,0.134581105,0.85,0.777777778,0.888888889,0.875,0.9,1,0.055555556,0.348648649,0.230769231,0.054384018,0.191780822,0.153846154,0.055555556,0.348648649,0.230769231
FlowOCT,german_train_calibration_3.csv,3,SP,0.16,502,1,2,0,10800,2,375,0.747011952,0,71058,3046.694688,0.722891566,0.710843373,0.105702174,0.058885606,0.177405119,0.159090909,0.180926916,0.134581105,0.85,0.777777778,0.888888889,0.875,0.9,1,0.055555556,0.348648649,0.230769231,0.054384018,0.191780822,0.153846154,0.055555556,0.348648649,0.230769231
FlowOCT,german_train_calibration_3.csv,3,SP,0.17,502,1,2,0,10800,2,375,0.747011952,0,113435,2965.199088,0.722891566,0.710843373,0.105702174,0.058885606,0.177405119,0.159090909,0.180926916,0.134581105,0.85,0.777777778,0.888888889,0.875,0.9,1,0.055555556,0.348648649,0.230769231,0.054384018,0.191780822,0.153846154,0.055555556,0.348648649,0.230769231
FlowOCT,german_train_calibration_3.csv,3,SP,0.18,502,1,2,0,10800,2,375,0.747011952,0,71322,1893.314447,0.722891566,0.710843373,0.105702174,0.058885606,0.177405119,0.159090909,0.180926916,0.134581105,0.85,0.777777778,0.888888889,0.875,0.9,1,0.055555556,0.348648649,0.230769231,0.054384018,0.191780822,0.153846154,0.055555556,0.348648649,0.230769231
FlowOCT,german_train_calibration_3.csv,3,SP,0.19,502,1,2,0,10800,2,375,0.747011952,0,87540,3473.438237,0.722891566,0.710843373,0.105702174,0.058885606,0.177405119,0.159090909,0.180926916,0.134581105,0.85,0.777777778,0.888888889,0.875,0.9,1,0.055555556,0.348648649,0.230769231,0.054384018,0.191780822,0.153846154,0.055555556,0.348648649,0.230769231
FlowOCT,german_train_calibration_3.csv,3,SP,0.1,502,1,2,0,10800,2,375,0.747011952,0,140853,3400.069605,0.722891566,0.710843373,0.105702174,0.058885606,0.177405119,0.159090909,0.180926916,0.134581105,0.85,0.777777778,0.888888889,0.875,0.9,1,0.055555556,0.348648649,0.230769231,0.054384018,0.191780822,0.153846154,0.055555556,0.348648649,0.230769231
FlowOCT,german_train_calibration_3.csv,3,SP,0.21,502,1,2,0,10800,2,375,0.747011952,0,75695,2131.281406,0.722891566,0.710843373,0.105702174,0.058885606,0.177405119,0.159090909,0.180926916,0.134581105,0.85,0.777777778,0.888888889,0.875,0.9,1,0.055555556,0.348648649,0.230769231,0.054384018,0.191780822,0.153846154,0.055555556,0.348648649,0.230769231
FlowOCT,german_train_calibration_3.csv,3,SP,0.22,502,1,2,0,10800,2,375,0.747011952,0,132202,2879.488643,0.722891566,0.710843373,0.105702174,0.058885606,0.177405119,0.159090909,0.180926916,0.134581105,0.85,0.777777778,0.888888889,0.875,0.9,1,0.055555556,0.348648649,0.230769231,0.054384018,0.191780822,0.153846154,0.055555556,0.348648649,0.230769231
FlowOCT,german_train_calibration_3.csv,3,SP,0.23,502,1,2,0,10800,2,375,0.747011952,0,169342,3271.533117,0.722891566,0.710843373,0.105702174,0.058885606,0.177405119,0.159090909,0.180926916,0.134581105,0.85,0.777777778,0.888888889,0.875,0.9,1,0.055555556,0.348648649,0.230769231,0.054384018,0.191780822,0.153846154,0.055555556,0.348648649,0.230769231
FlowOCT,german_train_calibration_3.csv,3,SP,0.24,502,1,2,0,10800,2,375,0.747011952,0,117325,3045.496947,0.722891566,0.710843373,0.105702174,0.058885606,0.177405119,0.159090909,0.180926916,0.134581105,0.85,0.777777778,0.888888889,0.875,0.9,1,0.055555556,0.348648649,0.230769231,0.054384018,0.191780822,0.153846154,0.055555556,0.348648649,0.230769231
FlowOCT,german_train_calibration_3.csv,3,SP,0.25,502,1,2,0,10800,2,375,0.747011952,0,54104,1396.424497,0.722891566,0.710843373,0.105702174,0.058885606,0.177405119,0.159090909,0.180926916,0.134581105,0.85,0.777777778,0.888888889,0.875,0.9,1,0.055555556,0.348648649,0.230769231,0.054384018,0.191780822,0.153846154,0.055555556,0.348648649,0.230769231
FlowOCT,german_train_calibration_3.csv,3,SP,0.26,502,1,2,0,10800,2,375,0.747011952,0,83373,2421.838769,0.722891566,0.710843373,0.105702174,0.058885606,0.177405119,0.159090909,0.180926916,0.134581105,0.85,0.777777778,0.888888889,0.875,0.9,1,0.055555556,0.348648649,0.230769231,0.054384018,0.191780822,0.153846154,0.055555556,0.348648649,0.230769231
FlowOCT,german_train_calibration_3.csv,3,SP,0.27,502,1,2,0,10800,2,375,0.747011952,0,91780,2410.722551,0.722891566,0.710843373,0.105702174,0.058885606,0.177405119,0.159090909,0.180926916,0.134581105,0.85,0.777777778,0.888888889,0.875,0.9,1,0.055555556,0.348648649,0.230769231,0.054384018,0.191780822,0.153846154,0.055555556,0.348648649,0.230769231
FlowOCT,german_train_calibration_3.csv,3,SP,0.28,502,1,2,0,10800,2,375,0.747011952,0,111212,2526.218142,0.722891566,0.710843373,0.105702174,0.058885606,0.177405119,0.159090909,0.180926916,0.134581105,0.85,0.777777778,0.888888889,0.875,0.9,1,0.055555556,0.348648649,0.230769231,0.054384018,0.191780822,0.153846154,0.055555556,0.348648649,0.230769231
FlowOCT,german_train_calibration_3.csv,3,SP,0.29,502,1,2,0,10800,2,375,0.747011952,0,70279,2018.231253,0.722891566,0.710843373,0.105702174,0.058885606,0.177405119,0.159090909,0.180926916,0.134581105,0.85,0.777777778,0.888888889,0.875,0.9,1,0.055555556,0.348648649,0.230769231,0.054384018,0.191780822,0.153846154,0.055555556,0.348648649,0.230769231
FlowOCT,german_train_calibration_3.csv,3,SP,0.2,502,1,2,0,10800,2,375,0.747011952,0,113357,2942.489759,0.722891566,0.710843373,0.105702174,0.058885606,0.177405119,0.159090909,0.180926916,0.134581105,0.85,0.777777778,0.888888889,0.875,0.9,1,0.055555556,0.348648649,0.230769231,0.054384018,0.191780822,0.153846154,0.055555556,0.348648649,0.230769231
FlowOCT,german_train_calibration_3.csv,3,SP,0.31,502,1,2,0,10800,2,375,0.747011952,0,107936,3397.765133,0.722891566,0.710843373,0.105702174,0.058885606,0.177405119,0.159090909,0.180926916,0.134581105,0.85,0.777777778,0.888888889,0.875,0.9,1,0.055555556,0.348648649,0.230769231,0.054384018,0.191780822,0.153846154,0.055555556,0.348648649,0.230769231
FlowOCT,german_train_calibration_3.csv,3,SP,0.32,502,1,2,0,10800,2,375,0.747011952,0,147985,2820.757637,0.722891566,0.710843373,0.105702174,0.058885606,0.177405119,0.159090909,0.180926916,0.134581105,0.85,0.777777778,0.888888889,0.875,0.9,1,0.055555556,0.348648649,0.230769231,0.054384018,0.191780822,0.153846154,0.055555556,0.348648649,0.230769231
FlowOCT,german_train_calibration_3.csv,3,SP,0.33,502,1,2,0,10800,2,375,0.747011952,0,75417,4219.744629,0.722891566,0.710843373,0.105702174,0.058885606,0.177405119,0.159090909,0.180926916,0.134581105,0.85,0.777777778,0.888888889,0.875,0.9,1,0.055555556,0.348648649,0.230769231,0.054384018,0.191780822,0.153846154,0.055555556,0.348648649,0.230769231
FlowOCT,german_train_calibration_3.csv,3,SP,0.34,502,1,2,0,10800,2,375,0.747011952,0,49588,1663.390472,0.722891566,0.710843373,0.105702174,0.058885606,0.177405119,0.159090909,0.180926916,0.134581105,0.85,0.777777778,0.888888889,0.875,0.9,1,0.055555556,0.348648649,0.230769231,0.054384018,0.191780822,0.153846154,0.055555556,0.348648649,0.230769231
FlowOCT,german_train_calibration_3.csv,3,SP,0.35,502,1,2,0,10800,2,375,0.747011952,0,57634,2133.676639,0.722891566,0.710843373,0.105702174,0.058885606,0.177405119,0.159090909,0.180926916,0.134581105,0.85,0.777777778,0.888888889,0.875,0.9,1,0.055555556,0.348648649,0.230769231,0.054384018,0.191780822,0.153846154,0.055555556,0.348648649,0.230769231
FlowOCT,german_train_calibration_3.csv,3,SP,0.36,502,1,2,0,10800,2,375,0.747011952,0,90788,2202.256993,0.722891566,0.710843373,0.105702174,0.058885606,0.177405119,0.159090909,0.180926916,0.134581105,0.85,0.777777778,0.888888889,0.875,0.9,1,0.055555556,0.348648649,0.230769231,0.054384018,0.191780822,0.153846154,0.055555556,0.348648649,0.230769231
FlowOCT,german_train_calibration_3.csv,3,SP,0.37,502,1,2,0,10800,2,375,0.747011952,0,70921,2016.08691,0.722891566,0.710843373,0.105702174,0.058885606,0.177405119,0.159090909,0.180926916,0.134581105,0.85,0.777777778,0.888888889,0.875,0.9,1,0.055555556,0.348648649,0.230769231,0.054384018,0.191780822,0.153846154,0.055555556,0.348648649,0.230769231
FlowOCT,german_train_calibration_3.csv,3,SP,0.38,502,1,2,0,10800,2,375,0.747011952,0,125812,3174.351727,0.722891566,0.710843373,0.105702174,0.058885606,0.177405119,0.159090909,0.180926916,0.134581105,0.85,0.777777778,0.888888889,0.875,0.9,1,0.055555556,0.348648649,0.230769231,0.054384018,0.191780822,0.153846154,0.055555556,0.348648649,0.230769231
FlowOCT,german_train_calibration_3.csv,3,SP,0.39,502,1,2,0,10800,2,375,0.747011952,0,101381,2113.558005,0.722891566,0.710843373,0.105702174,0.058885606,0.177405119,0.159090909,0.180926916,0.134581105,0.85,0.777777778,0.888888889,0.875,0.9,1,0.055555556,0.348648649,0.230769231,0.054384018,0.191780822,0.153846154,0.055555556,0.348648649,0.230769231
FlowOCT,german_train_calibration_3.csv,3,SP,0.3,502,1,2,0,10800,2,375,0.747011952,0,32620,1560.669512,0.722891566,0.710843373,0.105702174,0.058885606,0.177405119,0.159090909,0.180926916,0.134581105,0.85,0.777777778,0.888888889,0.875,0.9,1,0.055555556,0.348648649,0.230769231,0.054384018,0.191780822,0.153846154,0.055555556,0.348648649,0.230769231
FlowOCT,german_train_calibration_3.csv,3,SP,0.41,502,1,2,0,10800,2,375,0.747011952,0,78045,2460.419951,0.722891566,0.710843373,0.105702174,0.058885606,0.177405119,0.159090909,0.180926916,0.134581105,0.85,0.777777778,0.888888889,0.875,0.9,1,0.055555556,0.348648649,0.230769231,0.054384018,0.191780822,0.153846154,0.055555556,0.348648649,0.230769231
FlowOCT,german_train_calibration_3.csv,3,SP,0.42,502,1,2,0,10800,2,375,0.747011952,0,76036,2423.303792,0.722891566,0.710843373,0.105702174,0.058885606,0.177405119,0.159090909,0.180926916,0.134581105,0.85,0.777777778,0.888888889,0.875,0.9,1,0.055555556,0.348648649,0.230769231,0.054384018,0.191780822,0.153846154,0.055555556,0.348648649,0.230769231
FlowOCT,german_train_calibration_3.csv,3,SP,0.43,502,1,2,0,10800,2,375,0.747011952,0,118528,3614.728534,0.722891566,0.710843373,0.105702174,0.058885606,0.177405119,0.159090909,0.180926916,0.134581105,0.85,0.777777778,0.888888889,0.875,0.9,1,0.055555556,0.348648649,0.230769231,0.054384018,0.191780822,0.153846154,0.055555556,0.348648649,0.230769231
FlowOCT,german_train_calibration_3.csv,3,SP,0.44,502,1,2,0,10800,2,375,0.747011952,0,113347,2347.302529,0.722891566,0.710843373,0.105702174,0.058885606,0.177405119,0.159090909,0.180926916,0.134581105,0.85,0.777777778,0.888888889,0.875,0.9,1,0.055555556,0.348648649,0.230769231,0.054384018,0.191780822,0.153846154,0.055555556,0.348648649,0.230769231
FlowOCT,german_train_calibration_3.csv,3,SP,0.45,502,1,2,0,10800,2,375,0.747011952,0,139329,2086.219651,0.722891566,0.710843373,0.105702174,0.058885606,0.177405119,0.159090909,0.180926916,0.134581105,0.85,0.777777778,0.888888889,0.875,0.9,1,0.055555556,0.348648649,0.230769231,0.054384018,0.191780822,0.153846154,0.055555556,0.348648649,0.230769231
FlowOCT,german_train_calibration_3.csv,3,SP,0.46,502,1,2,0,10800,2,375,0.747011952,0,82088,2017.699232,0.722891566,0.710843373,0.105702174,0.058885606,0.177405119,0.159090909,0.180926916,0.134581105,0.85,0.777777778,0.888888889,0.875,0.9,1,0.055555556,0.348648649,0.230769231,0.054384018,0.191780822,0.153846154,0.055555556,0.348648649,0.230769231
FlowOCT,german_train_calibration_3.csv,3,SP,0.47,502,1,2,0,10800,2,375,0.747011952,0,89513,2038.427484,0.722891566,0.710843373,0.105702174,0.058885606,0.177405119,0.159090909,0.180926916,0.134581105,0.85,0.777777778,0.888888889,0.875,0.9,1,0.055555556,0.348648649,0.230769231,0.054384018,0.191780822,0.153846154,0.055555556,0.348648649,0.230769231
FlowOCT,german_train_calibration_3.csv,3,SP,0.48,502,1,2,0,10800,2,375,0.747011952,0,75441,2120.46877,0.722891566,0.710843373,0.105702174,0.058885606,0.177405119,0.159090909,0.180926916,0.134581105,0.85,0.777777778,0.888888889,0.875,0.9,1,0.055555556,0.348648649,0.230769231,0.054384018,0.191780822,0.153846154,0.055555556,0.348648649,0.230769231
FlowOCT,german_train_calibration_3.csv,3,SP,0.49,502,1,2,0,10800,2,375,0.747011952,0,88695,2619.837279,0.722891566,0.710843373,0.105702174,0.058885606,0.177405119,0.159090909,0.180926916,0.134581105,0.85,0.777777778,0.888888889,0.875,0.9,1,0.055555556,0.348648649,0.230769231,0.054384018,0.191780822,0.153846154,0.055555556,0.348648649,0.230769231
FlowOCT,german_train_calibration_3.csv,3,SP,0.4,502,1,2,0,10800,2,375,0.747011952,0,127752,2352.057826,0.722891566,0.710843373,0.105702174,0.058885606,0.177405119,0.159090909,0.180926916,0.134581105,0.85,0.777777778,0.888888889,0.875,0.9,1,0.055555556,0.348648649,0.230769231,0.054384018,0.191780822,0.153846154,0.055555556,0.348648649,0.230769231
FlowOCT,german_train_calibration_3.csv,3,SP,0.51,502,1,2,0,10800,2,375,0.747011952,0,62660,1976.197131,0.722891566,0.710843373,0.105702174,0.058885606,0.177405119,0.159090909,0.180926916,0.134581105,0.85,0.777777778,0.888888889,0.875,0.9,1,0.055555556,0.348648649,0.230769231,0.054384018,0.191780822,0.153846154,0.055555556,0.348648649,0.230769231
FlowOCT,german_train_calibration_3.csv,3,SP,0.52,502,1,2,0,10800,2,375,0.747011952,0,97613,2325.505619,0.722891566,0.710843373,0.105702174,0.058885606,0.177405119,0.159090909,0.180926916,0.134581105,0.85,0.777777778,0.888888889,0.875,0.9,1,0.055555556,0.348648649,0.230769231,0.054384018,0.191780822,0.153846154,0.055555556,0.348648649,0.230769231
FlowOCT,german_train_calibration_3.csv,3,SP,0.53,502,1,2,0,10800,2,375,0.747011952,0,98264,2804.871941,0.722891566,0.710843373,0.105702174,0.058885606,0.177405119,0.159090909,0.180926916,0.134581105,0.85,0.777777778,0.888888889,0.875,0.9,1,0.055555556,0.348648649,0.230769231,0.054384018,0.191780822,0.153846154,0.055555556,0.348648649,0.230769231
FlowOCT,german_train_calibration_3.csv,3,SP,0.54,502,1,2,0,10800,2,375,0.747011952,0,122388,3219.866283,0.722891566,0.710843373,0.105702174,0.058885606,0.177405119,0.159090909,0.180926916,0.134581105,0.85,0.777777778,0.888888889,0.875,0.9,1,0.055555556,0.348648649,0.230769231,0.054384018,0.191780822,0.153846154,0.055555556,0.348648649,0.230769231
FlowOCT,german_train_calibration_3.csv,3,SP,0.55,502,1,2,0,10800,2,375,0.747011952,0,99097,2038.174281,0.722891566,0.710843373,0.105702174,0.058885606,0.177405119,0.159090909,0.180926916,0.134581105,0.85,0.777777778,0.888888889,0.875,0.9,1,0.055555556,0.348648649,0.230769231,0.054384018,0.191780822,0.153846154,0.055555556,0.348648649,0.230769231
FlowOCT,german_train_calibration_3.csv,3,SP,0.5,502,1,2,0,10800,2,375,0.747011952,0,102328,1995.432122,0.722891566,0.710843373,0.105702174,0.058885606,0.177405119,0.159090909,0.180926916,0.134581105,0.85,0.777777778,0.888888889,0.875,0.9,1,0.055555556,0.348648649,0.230769231,0.054384018,0.191780822,0.153846154,0.055555556,0.348648649,0.230769231
FlowOCT,german_train_calibration_4.csv,4,None,1,502,1,2,0,10800,2,375,0.747011952,0,119712,2338.240356,0.682730924,0.714859438,0.105702174,0.107404219,0.177405119,0.151515152,0.180926916,0.155080214,0.85,0.95,0.888888889,0.8,0.9,0.3,0.246246246,0.423076923,0.378378378,0.116067904,0.198103267,0.26754386,0.246246246,0.423076923,0.378378378
FlowOCT,german_train_calibration_4.csv,4,SP,0.01,502,1,2,0,10800,2,364,0.725099602,0,76260,5631.941742,0.714859438,0.722891566,0.105702174,0.009286619,0.177405119,0.090909091,0.180926916,0.088235294,0.85,0.272727273,0.888888889,0,0.9,0.3,0.184684685,0.2,0.192307692,0.053691275,0.054794521,0.052631579,0.184684685,0.2,0.192307692
FlowOCT,german_train_calibration_4.csv,4,SP,0.02,502,1,2,0,10800,2,364,0.725099602,0,110970,10193.68269,0.714859438,0.710843373,0.105702174,0.016293377,0.177405119,0.083333333,0.180926916,0.098039216,0.85,0.333333333,0.888888889,0.25,0.9,0.5,0.198198198,0.2,0.222222222,0.053691275,0.045454545,0.078947368,0.198198198,0.2,0.222222222
FlowOCT,german_train_calibration_4.csv,4,SP,0.03,502,1,2,0,10800,2,370,0.737051793,0,101339,10006.61912,0.734939759,0.718875502,0.105702174,0.028866267,0.177405119,0.151809356,0.180926916,0.235294118,0.85,0.85,0.888888889,1,0.9,0.5,0.234800839,0.153846154,0.444444444,0.05527043,0.136363636,0.16,0.234800839,0.153846154,0.444444444
FlowOCT,german_train_calibration_4.csv,4,SP,0.04,502,1,2,0,10800,2,370,0.737051793,0,96274,9650.937137,0.734939759,0.718875502,0.105702174,0.028866267,0.177405119,0.151809356,0.180926916,0.235294118,0.85,0.85,0.888888889,1,0.9,0.5,0.234800839,0.153846154,0.444444444,0.05527043,0.136363636,0.16,0.234800839,0.153846154,0.444444444
FlowOCT,german_train_calibration_4.csv,4,SP,0.05,502,1,2,0,10800,2,370,0.737051793,0,53147,4437.970505,0.734939759,0.718875502,0.105702174,0.028866267,0.177405119,0.151809356,0.180926916,0.235294118,0.85,0.85,0.888888889,1,0.9,0.5,0.234800839,0.153846154,0.444444444,0.05527043,0.136363636,0.16,0.234800839,0.153846154,0.444444444
FlowOCT,german_train_calibration_4.csv,4,SP,0.06,502,1,2,0,10800,9,370,0.737051793,10.27027027,97604,10800.15013,0.734939759,0.718875502,0.105702174,0.028866267,0.177405119,0.151809356,0.180926916,0.235294118,0.85,0.85,0.888888889,1,0.9,0.5,0.234800839,0.153846154,0.444444444,0.05527043,0.136363636,0.16,0.234800839,0.153846154,0.444444444
FlowOCT,german_train_calibration_4.csv,4,SP,0.07,502,1,2,0,10800,2,370,0.737051793,0,48907,3128.752431,0.734939759,0.718875502,0.105702174,0.028866267,0.177405119,0.151809356,0.180926916,0.235294118,0.85,0.85,0.888888889,1,0.9,0.5,0.234800839,0.153846154,0.444444444,0.05527043,0.136363636,0.16,0.234800839,0.153846154,0.444444444
FlowOCT,german_train_calibration_4.csv,4,SP,0.08,502,1,2,0,10800,2,371,0.739043825,0,54406,2377.214239,0.710843373,0.714859438,0.105702174,0.075321494,0.177405119,0.131313131,0.180926916,0.064171123,0.85,0.95,0.888888889,0.5,0.9,0.6,0.210691824,0.307692308,0.333333333,0.157602664,0.164910432,0.182222222,0.210691824,0.307692308,0.333333333
FlowOCT,german_train_calibration_4.csv,4,SP,0.09,502,1,2,0,10800,2,371,0.739043825,0,50448,3078.020682,0.710843373,0.714859438,0.105702174,0.075321494,0.177405119,0.131313131,0.180926916,0.064171123,0.85,0.95,0.888888889,0.5,0.9,0.6,0.210691824,0.307692308,0.333333333,0.157602664,0.164910432,0.182222222,0.210691824,0.307692308,0.333333333
FlowOCT,german_train_calibration_4.csv,4,SP,0.11,502,1,2,0,10800,2,375,0.747011952,0,70540,1962.736022,0.682730924,0.714859438,0.105702174,0.107404219,0.177405119,0.151515152,0.180926916,0.155080214,0.85,0.95,0.888888889,0.8,0.9,0.3,0.246246246,0.423076923,0.378378378,0.116067904,0.198103267,0.26754386,0.246246246,0.423076923,0.378378378
FlowOCT,german_train_calibration_4.csv,4,SP,0.12,502,1,2,0,10800,2,375,0.747011952,0,85029,2554.608727,0.682730924,0.714859438,0.105702174,0.107404219,0.177405119,0.151515152,0.180926916,0.155080214,0.85,0.95,0.888888889,0.8,0.9,0.3,0.246246246,0.423076923,0.378378378,0.116067904,0.198103267,0.26754386,0.246246246,0.423076923,0.378378378
FlowOCT,german_train_calibration_4.csv,4,SP,0.13,502,1,2,0,10800,2,375,0.747011952,0,114169,3248.074258,0.682730924,0.714859438,0.105702174,0.107404219,0.177405119,0.151515152,0.180926916,0.155080214,0.85,0.95,0.888888889,0.8,0.9,0.3,0.246246246,0.423076923,0.378378378,0.116067904,0.198103267,0.26754386,0.246246246,0.423076923,0.378378378
FlowOCT,german_train_calibration_4.csv,4,SP,0.14,502,1,2,0,10800,2,375,0.747011952,0,95351,2648.983534,0.682730924,0.714859438,0.105702174,0.107404219,0.177405119,0.151515152,0.180926916,0.155080214,0.85,0.95,0.888888889,0.8,0.9,0.3,0.246246246,0.423076923,0.378378378,0.116067904,0.198103267,0.26754386,0.246246246,0.423076923,0.378378378
FlowOCT,german_train_calibration_4.csv,4,SP,0.15,502,1,2,0,10800,2,375,0.747011952,0,57721,1878.083978,0.682730924,0.714859438,0.105702174,0.107404219,0.177405119,0.151515152,0.180926916,0.155080214,0.85,0.95,0.888888889,0.8,0.9,0.3,0.246246246,0.423076923,0.378378378,0.116067904,0.198103267,0.26754386,0.246246246,0.423076923,0.378378378
FlowOCT,german_train_calibration_4.csv,4,SP,0.16,502,1,2,0,10800,2,375,0.747011952,0,85080,2780.168833,0.682730924,0.714859438,0.105702174,0.107404219,0.177405119,0.151515152,0.180926916,0.155080214,0.85,0.95,0.888888889,0.8,0.9,0.3,0.246246246,0.423076923,0.378378378,0.116067904,0.198103267,0.26754386,0.246246246,0.423076923,0.378378378
FlowOCT,german_train_calibration_4.csv,4,SP,0.17,502,1,2,0,10800,2,375,0.747011952,0,78965,3018.367167,0.682730924,0.714859438,0.105702174,0.107404219,0.177405119,0.151515152,0.180926916,0.155080214,0.85,0.95,0.888888889,0.8,0.9,0.3,0.246246246,0.423076923,0.378378378,0.116067904,0.198103267,0.26754386,0.246246246,0.423076923,0.378378378
FlowOCT,german_train_calibration_4.csv,4,SP,0.18,502,1,2,0,10800,2,375,0.747011952,0,62109,2148.054147,0.682730924,0.714859438,0.105702174,0.107404219,0.177405119,0.151515152,0.180926916,0.155080214,0.85,0.95,0.888888889,0.8,0.9,0.3,0.246246246,0.423076923,0.378378378,0.116067904,0.198103267,0.26754386,0.246246246,0.423076923,0.378378378
FlowOCT,german_train_calibration_4.csv,4,SP,0.19,502,1,2,0,10800,2,375,0.747011952,0,76962,2926.661857,0.682730924,0.714859438,0.105702174,0.107404219,0.177405119,0.151515152,0.180926916,0.155080214,0.85,0.95,0.888888889,0.8,0.9,0.3,0.246246246,0.423076923,0.378378378,0.116067904,0.198103267,0.26754386,0.246246246,0.423076923,0.378378378
FlowOCT,german_train_calibration_4.csv,4,SP,0.1,502,1,2,0,10800,2,371,0.739043825,0,105051,4945.344297,0.710843373,0.714859438,0.105702174,0.075321494,0.177405119,0.131313131,0.180926916,0.064171123,0.85,0.95,0.888888889,0.5,0.9,0.6,0.210691824,0.307692308,0.333333333,0.157602664,0.164910432,0.182222222,0.210691824,0.307692308,0.333333333
FlowOCT,german_train_calibration_4.csv,4,SP,0.21,502,1,2,0,10800,2,375,0.747011952,0,87231,3528.695083,0.682730924,0.714859438,0.105702174,0.107404219,0.177405119,0.151515152,0.180926916,0.155080214,0.85,0.95,0.888888889,0.8,0.9,0.3,0.246246246,0.423076923,0.378378378,0.116067904,0.198103267,0.26754386,0.246246246,0.423076923,0.378378378
FlowOCT,german_train_calibration_4.csv,4,SP,0.22,502,1,2,0,10800,2,375,0.747011952,0,121114,2820.16311,0.682730924,0.714859438,0.105702174,0.107404219,0.177405119,0.151515152,0.180926916,0.155080214,0.85,0.95,0.888888889,0.8,0.9,0.3,0.246246246,0.423076923,0.378378378,0.116067904,0.198103267,0.26754386,0.246246246,0.423076923,0.378378378
FlowOCT,german_train_calibration_4.csv,4,SP,0.23,502,1,2,0,10800,2,375,0.747011952,0,149664,3621.415178,0.682730924,0.714859438,0.105702174,0.107404219,0.177405119,0.151515152,0.180926916,0.155080214,0.85,0.95,0.888888889,0.8,0.9,0.3,0.246246246,0.423076923,0.378378378,0.116067904,0.198103267,0.26754386,0.246246246,0.423076923,0.378378378
FlowOCT,german_train_calibration_4.csv,4,SP,0.24,502,1,2,0,10800,2,375,0.747011952,0,118223,2794.77684,0.682730924,0.714859438,0.105702174,0.107404219,0.177405119,0.151515152,0.180926916,0.155080214,0.85,0.95,0.888888889,0.8,0.9,0.3,0.246246246,0.423076923,0.378378378,0.116067904,0.198103267,0.26754386,0.246246246,0.423076923,0.378378378
FlowOCT,german_train_calibration_4.csv,4,SP,0.25,502,1,2,0,10800,2,375,0.747011952,0,97096,4473.354312,0.682730924,0.714859438,0.105702174,0.107404219,0.177405119,0.151515152,0.180926916,0.155080214,0.85,0.95,0.888888889,0.8,0.9,0.3,0.246246246,0.423076923,0.378378378,0.116067904,0.198103267,0.26754386,0.246246246,0.423076923,0.378378378
FlowOCT,german_train_calibration_4.csv,4,SP,0.26,502,1,2,0,10800,2,375,0.747011952,0,96107,2170.560139,0.682730924,0.714859438,0.105702174,0.107404219,0.177405119,0.151515152,0.180926916,0.155080214,0.85,0.95,0.888888889,0.8,0.9,0.3,0.246246246,0.423076923,0.378378378,0.116067904,0.198103267,0.26754386,0.246246246,0.423076923,0.378378378
FlowOCT,german_train_calibration_4.csv,4,SP,0.27,502,1,2,0,10800,2,375,0.747011952,0,90008,2753.712324,0.682730924,0.714859438,0.105702174,0.107404219,0.177405119,0.151515152,0.180926916,0.155080214,0.85,0.95,0.888888889,0.8,0.9,0.3,0.246246246,0.423076923,0.378378378,0.116067904,0.198103267,0.26754386,0.246246246,0.423076923,0.378378378
FlowOCT,german_train_calibration_4.csv,4,SP,0.28,502,1,2,0,10800,2,375,0.747011952,0,112119,3197.229906,0.682730924,0.714859438,0.105702174,0.107404219,0.177405119,0.151515152,0.180926916,0.155080214,0.85,0.95,0.888888889,0.8,0.9,0.3,0.246246246,0.423076923,0.378378378,0.116067904,0.198103267,0.26754386,0.246246246,0.423076923,0.378378378
FlowOCT,german_train_calibration_4.csv,4,SP,0.29,502,1,2,0,10800,2,375,0.747011952,0,92260,2384.549627,0.682730924,0.714859438,0.105702174,0.107404219,0.177405119,0.151515152,0.180926916,0.155080214,0.85,0.95,0.888888889,0.8,0.9,0.3,0.246246246,0.423076923,0.378378378,0.116067904,0.198103267,0.26754386,0.246246246,0.423076923,0.378378378
FlowOCT,german_train_calibration_4.csv,4,SP,0.2,502,1,2,0,10800,2,375,0.747011952,0,76052,3336.107788,0.682730924,0.714859438,0.105702174,0.107404219,0.177405119,0.151515152,0.180926916,0.155080214,0.85,0.95,0.888888889,0.8,0.9,0.3,0.246246246,0.423076923,0.378378378,0.116067904,0.198103267,0.26754386,0.246246246,0.423076923,0.378378378
FlowOCT,german_train_calibration_4.csv,4,SP,0.31,502,1,2,0,10800,2,375,0.747011952,0,104343,2744.958218,0.682730924,0.714859438,0.105702174,0.107404219,0.177405119,0.151515152,0.180926916,0.155080214,0.85,0.95,0.888888889,0.8,0.9,0.3,0.246246246,0.423076923,0.378378378,0.116067904,0.198103267,0.26754386,0.246246246,0.423076923,0.378378378
FlowOCT,german_train_calibration_4.csv,4,SP,0.32,502,1,2,0,10800,2,375,0.747011952,0,84615,2494.405142,0.682730924,0.714859438,0.105702174,0.107404219,0.177405119,0.151515152,0.180926916,0.155080214,0.85,0.95,0.888888889,0.8,0.9,0.3,0.246246246,0.423076923,0.378378378,0.116067904,0.198103267,0.26754386,0.246246246,0.423076923,0.378378378
FlowOCT,german_train_calibration_4.csv,4,SP,0.33,502,1,2,0,10800,2,375,0.747011952,0,68149,1763.387098,0.682730924,0.714859438,0.105702174,0.107404219,0.177405119,0.151515152,0.180926916,0.155080214,0.85,0.95,0.888888889,0.8,0.9,0.3,0.246246246,0.423076923,0.378378378,0.116067904,0.198103267,0.26754386,0.246246246,0.423076923,0.378378378
FlowOCT,german_train_calibration_4.csv,4,SP,0.34,502,1,2,0,10800,2,375,0.747011952,0,100597,2952.394057,0.682730924,0.714859438,0.105702174,0.107404219,0.177405119,0.151515152,0.180926916,0.155080214,0.85,0.95,0.888888889,0.8,0.9,0.3,0.246246246,0.423076923,0.378378378,0.116067904,0.198103267,0.26754386,0.246246246,0.423076923,0.378378378
FlowOCT,german_train_calibration_4.csv,4,SP,0.35,502,1,2,0,10800,2,375,0.747011952,0,106544,3281.503228,0.682730924,0.714859438,0.105702174,0.107404219,0.177405119,0.151515152,0.180926916,0.155080214,0.85,0.95,0.888888889,0.8,0.9,0.3,0.246246246,0.423076923,0.378378378,0.116067904,0.198103267,0.26754386,0.246246246,0.423076923,0.378378378
FlowOCT,german_train_calibration_4.csv,4,SP,0.36,502,1,2,0,10800,2,375,0.747011952,0,75998,2219.288991,0.682730924,0.714859438,0.105702174,0.107404219,0.177405119,0.151515152,0.180926916,0.155080214,0.85,0.95,0.888888889,0.8,0.9,0.3,0.246246246,0.423076923,0.378378378,0.116067904,0.198103267,0.26754386,0.246246246,0.423076923,0.378378378
FlowOCT,german_train_calibration_4.csv,4,SP,0.37,502,1,2,0,10800,2,375,0.747011952,0,137620,2589.483089,0.682730924,0.714859438,0.105702174,0.107404219,0.177405119,0.151515152,0.180926916,0.155080214,0.85,0.95,0.888888889,0.8,0.9,0.3,0.246246246,0.423076923,0.378378378,0.116067904,0.198103267,0.26754386,0.246246246,0.423076923,0.378378378
FlowOCT,german_train_calibration_4.csv,4,SP,0.38,502,1,2,0,10800,2,375,0.747011952,0,106388,3018.522438,0.682730924,0.714859438,0.105702174,0.107404219,0.177405119,0.151515152,0.180926916,0.155080214,0.85,0.95,0.888888889,0.8,0.9,0.3,0.246246246,0.423076923,0.378378378,0.116067904,0.198103267,0.26754386,0.246246246,0.423076923,0.378378378
FlowOCT,german_train_calibration_4.csv,4,SP,0.39,502,1,2,0,10800,2,375,0.747011952,0,81538,2656.892052,0.682730924,0.714859438,0.105702174,0.107404219,0.177405119,0.151515152,0.180926916,0.155080214,0.85,0.95,0.888888889,0.8,0.9,0.3,0.246246246,0.423076923,0.378378378,0.116067904,0.198103267,0.26754386,0.246246246,0.423076923,0.378378378
FlowOCT,german_train_calibration_4.csv,4,SP,0.3,502,1,2,0,10800,2,375,0.747011952,0,82909,2263.976068,0.682730924,0.714859438,0.105702174,0.107404219,0.177405119,0.151515152,0.180926916,0.155080214,0.85,0.95,0.888888889,0.8,0.9,0.3,0.246246246,0.423076923,0.378378378,0.116067904,0.198103267,0.26754386,0.246246246,0.423076923,0.378378378
FlowOCT,german_train_calibration_4.csv,4,SP,0.41,502,1,2,0,10800,2,375,0.747011952,0,148589,4065.854175,0.682730924,0.714859438,0.105702174,0.107404219,0.177405119,0.151515152,0.180926916,0.155080214,0.85,0.95,0.888888889,0.8,0.9,0.3,0.246246246,0.423076923,0.378378378,0.116067904,0.198103267,0.26754386,0.246246246,0.423076923,0.378378378
FlowOCT,german_train_calibration_4.csv,4,SP,0.42,502,1,2,0,10800,2,375,0.747011952,0,117124,2636.675333,0.682730924,0.714859438,0.105702174,0.107404219,0.177405119,0.151515152,0.180926916,0.155080214,0.85,0.95,0.888888889,0.8,0.9,0.3,0.246246246,0.423076923,0.378378378,0.116067904,0.198103267,0.26754386,0.246246246,0.423076923,0.378378378
FlowOCT,german_train_calibration_4.csv,4,SP,0.43,502,1,2,0,10800,2,375,0.747011952,0,108144,2302.533756,0.682730924,0.714859438,0.105702174,0.107404219,0.177405119,0.151515152,0.180926916,0.155080214,0.85,0.95,0.888888889,0.8,0.9,0.3,0.246246246,0.423076923,0.378378378,0.116067904,0.198103267,0.26754386,0.246246246,0.423076923,0.378378378
FlowOCT,german_train_calibration_4.csv,4,SP,0.44,502,1,2,0,10800,2,375,0.747011952,0,83003,1630.143721,0.682730924,0.714859438,0.105702174,0.107404219,0.177405119,0.151515152,0.180926916,0.155080214,0.85,0.95,0.888888889,0.8,0.9,0.3,0.246246246,0.423076923,0.378378378,0.116067904,0.198103267,0.26754386,0.246246246,0.423076923,0.378378378
FlowOCT,german_train_calibration_4.csv,4,SP,0.45,502,1,2,0,10800,2,375,0.747011952,0,71186,2106.157101,0.682730924,0.714859438,0.105702174,0.107404219,0.177405119,0.151515152,0.180926916,0.155080214,0.85,0.95,0.888888889,0.8,0.9,0.3,0.246246246,0.423076923,0.378378378,0.116067904,0.198103267,0.26754386,0.246246246,0.423076923,0.378378378
FlowOCT,german_train_calibration_4.csv,4,SP,0.46,502,1,2,0,10800,2,375,0.747011952,0,97855,2933.982725,0.682730924,0.714859438,0.105702174,0.107404219,0.177405119,0.151515152,0.180926916,0.155080214,0.85,0.95,0.888888889,0.8,0.9,0.3,0.246246246,0.423076923,0.378378378,0.116067904,0.198103267,0.26754386,0.246246246,0.423076923,0.378378378
FlowOCT,german_train_calibration_4.csv,4,SP,0.47,502,1,2,0,10800,2,375,0.747011952,0,75003,3093.526222,0.682730924,0.714859438,0.105702174,0.107404219,0.177405119,0.151515152,0.180926916,0.155080214,0.85,0.95,0.888888889,0.8,0.9,0.3,0.246246246,0.423076923,0.378378378,0.116067904,0.198103267,0.26754386,0.246246246,0.423076923,0.378378378
FlowOCT,german_train_calibration_4.csv,4,SP,0.48,502,1,2,0,10800,2,375,0.747011952,0,78707,2553.599702,0.682730924,0.714859438,0.105702174,0.107404219,0.177405119,0.151515152,0.180926916,0.155080214,0.85,0.95,0.888888889,0.8,0.9,0.3,0.246246246,0.423076923,0.378378378,0.116067904,0.198103267,0.26754386,0.246246246,0.423076923,0.378378378
FlowOCT,german_train_calibration_4.csv,4,SP,0.49,502,1,2,0,10800,2,375,0.747011952,0,131735,3076.105528,0.682730924,0.714859438,0.105702174,0.107404219,0.177405119,0.151515152,0.180926916,0.155080214,0.85,0.95,0.888888889,0.8,0.9,0.3,0.246246246,0.423076923,0.378378378,0.116067904,0.198103267,0.26754386,0.246246246,0.423076923,0.378378378
FlowOCT,german_train_calibration_4.csv,4,SP,0.4,502,1,2,0,10800,2,375,0.747011952,0,95362,2607.528787,0.682730924,0.714859438,0.105702174,0.107404219,0.177405119,0.151515152,0.180926916,0.155080214,0.85,0.95,0.888888889,0.8,0.9,0.3,0.246246246,0.423076923,0.378378378,0.116067904,0.198103267,0.26754386,0.246246246,0.423076923,0.378378378
FlowOCT,german_train_calibration_4.csv,4,SP,0.51,502,1,2,0,10800,2,375,0.747011952,0,72892,2221.975806,0.682730924,0.714859438,0.105702174,0.107404219,0.177405119,0.151515152,0.180926916,0.155080214,0.85,0.95,0.888888889,0.8,0.9,0.3,0.246246246,0.423076923,0.378378378,0.116067904,0.198103267,0.26754386,0.246246246,0.423076923,0.378378378
FlowOCT,german_train_calibration_4.csv,4,SP,0.52,502,1,2,0,10800,2,375,0.747011952,0,80992,5236.337739,0.682730924,0.714859438,0.105702174,0.107404219,0.177405119,0.151515152,0.180926916,0.155080214,0.85,0.95,0.888888889,0.8,0.9,0.3,0.246246246,0.423076923,0.378378378,0.116067904,0.198103267,0.26754386,0.246246246,0.423076923,0.378378378
FlowOCT,german_train_calibration_4.csv,4,SP,0.53,502,1,2,0,10800,2,375,0.747011952,0,96885,3073.16986,0.682730924,0.714859438,0.105702174,0.107404219,0.177405119,0.151515152,0.180926916,0.155080214,0.85,0.95,0.888888889,0.8,0.9,0.3,0.246246246,0.423076923,0.378378378,0.116067904,0.198103267,0.26754386,0.246246246,0.423076923,0.378378378
FlowOCT,german_train_calibration_4.csv,4,SP,0.54,502,1,2,0,10800,2,375,0.747011952,0,122817,2791.992444,0.682730924,0.714859438,0.105702174,0.107404219,0.177405119,0.151515152,0.180926916,0.155080214,0.85,0.95,0.888888889,0.8,0.9,0.3,0.246246246,0.423076923,0.378378378,0.116067904,0.198103267,0.26754386,0.246246246,0.423076923,0.378378378
FlowOCT,german_train_calibration_4.csv,4,SP,0.55,502,1,2,0,10800,2,375,0.747011952,0,124475,2347.358528,0.682730924,0.714859438,0.105702174,0.107404219,0.177405119,0.151515152,0.180926916,0.155080214,0.85,0.95,0.888888889,0.8,0.9,0.3,0.246246246,0.423076923,0.378378378,0.116067904,0.198103267,0.26754386,0.246246246,0.423076923,0.378378378
FlowOCT,german_train_calibration_4.csv,4,SP,0.5,502,1,2,0,10800,2,375,0.747011952,0,109155,2431.395838,0.682730924,0.714859438,0.105702174,0.107404219,0.177405119,0.151515152,0.180926916,0.155080214,0.85,0.95,0.888888889,0.8,0.9,0.3,0.246246246,0.423076923,0.378378378,0.116067904,0.198103267,0.26754386,0.246246246,0.423076923,0.378378378
FlowOCT,german_train_calibration_5.csv,5,None,1,502,1,2,0,10800,2,371,0.739043825,0,92691,2751.206422,0.686746988,0.710843373,0.105702174,0.091388772,0.177405119,0.067961165,0.180926916,0.107843137,0.85,1,0.888888889,0.75,0.9,0.25,0.351351351,0.108108108,0.162162162,0.060402685,0.054794521,0.076923077,0.351351351,0.108108108,0.162162162
FlowOCT,german_train_calibration_5.csv,5,SP,0.01,502,1,2,0,10800,2,360,0.717131474,0,91258,7932.396824,0.714859438,0.710843373,0.105702174,0.009286619,0.177405119,0.083333333,0.180926916,0.098039216,0.85,0.333333333,0.888888889,0.25,0.9,0.5,0.198198198,0.2,0.222222222,0.053691275,0.045454545,0.065789474,0.198198198,0.2,0.222222222
FlowOCT,german_train_calibration_5.csv,5,SP,0.02,502,1,2,0,10800,2,364,0.725099602,0,83179,7089.165852,0.714859438,0.722891566,0.105702174,0.016293377,0.177405119,0.090909091,0.180926916,0.098039216,0.85,0.25,0.888888889,0.5,0.9,0.6,0.184684685,0.2,0.222222222,0.053691275,0.054794521,0.065789474,0.184684685,0.2,0.222222222
FlowOCT,german_train_calibration_5.csv,5,SP,0.03,502,1,2,0,10800,2,371,0.739043825,0,89994,10152.45487,0.694779116,0.742971888,0.105702174,0.021954369,0.177405119,0.033441208,0.180926916,0.117647059,0.85,1,0.888888889,0.5,0.9,0.333333333,0.157657658,0.192307692,0.333333333,0.053691275,0.085081585,0.061538462,0.157657658,0.192307692,0.333333333
FlowOCT,german_train_calibration_5.csv,5,SP,0.04,502,1,2,0,10800,2,371,0.739043825,0,86028,6525.71559,0.694779116,0.742971888,0.105702174,0.021954369,0.177405119,0.033441208,0.180926916,0.117647059,0.85,1,0.888888889,0.5,0.9,0.333333333,0.157657658,0.192307692,0.333333333,0.053691275,0.085081585,0.061538462,0.157657658,0.192307692,0.333333333
FlowOCT,german_train_calibration_5.csv,5,SP,0.05,502,1,2,0,10800,9,371,0.739043825,7.547169811,100456,10800.2382,0.694779116,0.742971888,0.105702174,0.021954369,0.177405119,0.033441208,0.180926916,0.117647059,0.85,1,0.888888889,0.5,0.9,0.333333333,0.157657658,0.192307692,0.333333333,0.053691275,0.085081585,0.061538462,0.157657658,0.192307692,0.333333333
FlowOCT,german_train_calibration_5.csv,5,SP,0.06,502,1,2,0,10800,2,371,0.739043825,0,127357,10406.2749,0.694779116,0.742971888,0.105702174,0.021954369,0.177405119,0.033441208,0.180926916,0.117647059,0.85,1,0.888888889,0.5,0.9,0.333333333,0.157657658,0.192307692,0.333333333,0.053691275,0.085081585,0.061538462,0.157657658,0.192307692,0.333333333
FlowOCT,german_train_calibration_5.csv,5,SP,0.07,502,1,2,0,10800,2,371,0.739043825,0,110461,9401.309723,0.694779116,0.742971888,0.105702174,0.021954369,0.177405119,0.033441208,0.180926916,0.117647059,0.85,1,0.888888889,0.5,0.9,0.333333333,0.157657658,0.192307692,0.333333333,0.053691275,0.085081585,0.061538462,0.157657658,0.192307692,0.333333333
FlowOCT,german_train_calibration_5.csv,5,SP,0.08,502,1,2,0,10800,2,371,0.739043825,0,104335,8086.184989,0.694779116,0.742971888,0.105702174,0.021954369,0.177405119,0.033441208,0.180926916,0.117647059,0.85,1,0.888888889,0.5,0.9,0.333333333,0.157657658,0.192307692,0.333333333,0.053691275,0.085081585,0.061538462,0.157657658,0.192307692,0.333333333
FlowOCT,german_train_calibration_5.csv,5,SP,0.09,502,1,2,0,10800,2,371,0.739043825,0,48109,3054.949769,0.694779116,0.742971888,0.105702174,0.021954369,0.177405119,0.033441208,0.180926916,0.117647059,0.85,1,0.888888889,0.5,0.9,0.333333333,0.157657658,0.192307692,0.333333333,0.053691275,0.085081585,0.061538462,0.157657658,0.192307692,0.333333333
FlowOCT,german_train_calibration_5.csv,5,SP,0.11,502,1,2,0,10800,2,371,0.739043825,0,136474,2897.491852,0.694779116,0.742971888,0.105702174,0.021954369,0.177405119,0.033441208,0.180926916,0.117647059,0.85,1,0.888888889,0.5,0.9,0.333333333,0.157657658,0.192307692,0.333333333,0.053691275,0.085081585,0.061538462,0.157657658,0.192307692,0.333333333
FlowOCT,german_train_calibration_5.csv,5,SP,0.12,502,1,2,0,10800,2,371,0.739043825,0,211098,4196.479888,0.694779116,0.742971888,0.105702174,0.021954369,0.177405119,0.033441208,0.180926916,0.117647059,0.85,1,0.888888889,0.5,0.9,0.333333333,0.157657658,0.192307692,0.333333333,0.053691275,0.085081585,0.061538462,0.157657658,0.192307692,0.333333333
FlowOCT,german_train_calibration_5.csv,5,SP,0.13,502,1,2,0,10800,2,371,0.739043825,0,107610,2229.190811,0.694779116,0.742971888,0.105702174,0.021954369,0.177405119,0.033441208,0.180926916,0.117647059,0.85,1,0.888888889,0.5,0.9,0.333333333,0.157657658,0.192307692,0.333333333,0.053691275,0.085081585,0.061538462,0.157657658,0.192307692,0.333333333
FlowOCT,german_train_calibration_5.csv,5,SP,0.14,502,1,2,0,10800,2,371,0.739043825,0,123341,2687.027421,0.694779116,0.742971888,0.105702174,0.021954369,0.177405119,0.033441208,0.180926916,0.117647059,0.85,1,0.888888889,0.5,0.9,0.333333333,0.157657658,0.192307692,0.333333333,0.053691275,0.085081585,0.061538462,0.157657658,0.192307692,0.333333333
FlowOCT,german_train_calibration_5.csv,5,SP,0.15,502,1,2,0,10800,2,371,0.739043825,0,124072,2771.231051,0.694779116,0.742971888,0.105702174,0.021954369,0.177405119,0.033441208,0.180926916,0.117647059,0.85,1,0.888888889,0.5,0.9,0.333333333,0.157657658,0.192307692,0.333333333,0.053691275,0.085081585,0.061538462,0.157657658,0.192307692,0.333333333
FlowOCT,german_train_calibration_5.csv,5,SP,0.16,502,1,2,0,10800,2,371,0.739043825,0,129955,3579.011813,0.694779116,0.742971888,0.105702174,0.021954369,0.177405119,0.033441208,0.180926916,0.117647059,0.85,1,0.888888889,0.5,0.9,0.333333333,0.157657658,0.192307692,0.333333333,0.053691275,0.085081585,0.061538462,0.157657658,0.192307692,0.333333333
FlowOCT,german_train_calibration_5.csv,5,SP,0.17,502,1,2,0,10800,2,371,0.739043825,0,133916,2891.845296,0.694779116,0.742971888,0.105702174,0.021954369,0.177405119,0.033441208,0.180926916,0.117647059,0.85,1,0.888888889,0.5,0.9,0.333333333,0.157657658,0.192307692,0.333333333,0.053691275,0.085081585,0.061538462,0.157657658,0.192307692,0.333333333
FlowOCT,german_train_calibration_5.csv,5,SP,0.18,502,1,2,0,10800,2,371,0.739043825,0,111728,2311.6523,0.686746988,0.710843373,0.105702174,0.091388772,0.177405119,0.067961165,0.180926916,0.107843137,0.85,1,0.888888889,0.75,0.9,0.25,0.351351351,0.108108108,0.162162162,0.060402685,0.054794521,0.076923077,0.351351351,0.108108108,0.162162162
FlowOCT,german_train_calibration_5.csv,5,SP,0.19,502,1,2,0,10800,2,371,0.739043825,0,139063,2747.76491,0.694779116,0.742971888,0.105702174,0.021954369,0.177405119,0.033441208,0.180926916,0.117647059,0.85,1,0.888888889,0.5,0.9,0.333333333,0.157657658,0.192307692,0.333333333,0.053691275,0.085081585,0.061538462,0.157657658,0.192307692,0.333333333
FlowOCT,german_train_calibration_5.csv,5,SP,0.1,502,1,2,0,10800,2,371,0.739043825,0,50434,2331.58362,0.694779116,0.742971888,0.105702174,0.021954369,0.177405119,0.033441208,0.180926916,0.117647059,0.85,1,0.888888889,0.5,0.9,0.333333333,0.157657658,0.192307692,0.333333333,0.053691275,0.085081585,0.061538462,0.157657658,0.192307692,0.333333333
FlowOCT,german_train_calibration_5.csv,5,SP,0.21,502,1,2,0,10800,2,371,0.739043825,0,131423,2366.193414,0.694779116,0.742971888,0.105702174,0.021954369,0.177405119,0.033441208,0.180926916,0.117647059,0.85,1,0.888888889,0.5,0.9,0.333333333,0.157657658,0.192307692,0.333333333,0.053691275,0.085081585,0.061538462,0.157657658,0.192307692,0.333333333
FlowOCT,german_train_calibration_5.csv,5,SP,0.22,502,1,2,0,10800,2,371,0.739043825,0,98742,1922.89222,0.694779116,0.742971888,0.105702174,0.021954369,0.177405119,0.033441208,0.180926916,0.117647059,0.85,1,0.888888889,0.5,0.9,0.333333333,0.157657658,0.192307692,0.333333333,0.053691275,0.085081585,0.061538462,0.157657658,0.192307692,0.333333333
FlowOCT,german_train_calibration_5.csv,5,SP,0.23,502,1,2,0,10800,2,371,0.739043825,0,121845,2843.731775,0.686746988,0.710843373,0.105702174,0.091388772,0.177405119,0.067961165,0.180926916,0.107843137,0.85,1,0.888888889,0.75,0.9,0.25,0.351351351,0.108108108,0.162162162,0.060402685,0.054794521,0.076923077,0.351351351,0.108108108,0.162162162
FlowOCT,german_train_calibration_5.csv,5,SP,0.24,502,1,2,0,10800,2,371,0.739043825,0,68137,2244.940372,0.694779116,0.742971888,0.105702174,0.021954369,0.177405119,0.033441208,0.180926916,0.117647059,0.85,1,0.888888889,0.5,0.9,0.333333333,0.157657658,0.192307692,0.333333333,0.053691275,0.085081585,0.061538462,0.157657658,0.192307692,0.333333333
FlowOCT,german_train_calibration_5.csv,5,SP,0.25,502,1,2,0,10800,2,371,0.739043825,0,73799,2703.753956,0.686746988,0.710843373,0.105702174,0.091388772,0.177405119,0.067961165,0.180926916,0.107843137,0.85,1,0.888888889,0.75,0.9,0.25,0.351351351,0.108108108,0.162162162,0.060402685,0.054794521,0.076923077,0.351351351,0.108108108,0.162162162
FlowOCT,german_train_calibration_5.csv,5,SP,0.26,502,1,2,0,10800,2,371,0.739043825,0,148974,2481.21834,0.694779116,0.742971888,0.105702174,0.021954369,0.177405119,0.033441208,0.180926916,0.117647059,0.85,1,0.888888889,0.5,0.9,0.333333333,0.157657658,0.192307692,0.333333333,0.053691275,0.085081585,0.061538462,0.157657658,0.192307692,0.333333333
FlowOCT,german_train_calibration_5.csv,5,SP,0.27,502,1,2,0,10800,2,371,0.739043825,0,97630,3805.561672,0.686746988,0.710843373,0.105702174,0.091388772,0.177405119,0.067961165,0.180926916,0.107843137,0.85,1,0.888888889,0.75,0.9,0.25,0.351351351,0.108108108,0.162162162,0.060402685,0.054794521,0.076923077,0.351351351,0.108108108,0.162162162
FlowOCT,german_train_calibration_5.csv,5,SP,0.28,502,1,2,0,10800,2,371,0.739043825,0,105370,2562.354182,0.694779116,0.742971888,0.105702174,0.021954369,0.177405119,0.033441208,0.180926916,0.117647059,0.85,1,0.888888889,0.5,0.9,0.333333333,0.157657658,0.192307692,0.333333333,0.053691275,0.085081585,0.061538462,0.157657658,0.192307692,0.333333333
FlowOCT,german_train_calibration_5.csv,5,SP,0.29,502,1,2,0,10800,2,371,0.739043825,0,75977,2114.006908,0.686746988,0.710843373,0.105702174,0.091388772,0.177405119,0.067961165,0.180926916,0.107843137,0.85,1,0.888888889,0.75,0.9,0.25,0.351351351,0.108108108,0.162162162,0.060402685,0.054794521,0.076923077,0.351351351,0.108108108,0.162162162
FlowOCT,german_train_calibration_5.csv,5,SP,0.2,502,1,2,0,10800,2,371,0.739043825,0,76084,1858.003334,0.694779116,0.742971888,0.105702174,0.021954369,0.177405119,0.033441208,0.180926916,0.117647059,0.85,1,0.888888889,0.5,0.9,0.333333333,0.157657658,0.192307692,0.333333333,0.053691275,0.085081585,0.061538462,0.157657658,0.192307692,0.333333333
FlowOCT,german_train_calibration_5.csv,5,SP,0.31,502,1,2,0,10800,2,371,0.739043825,0,86199,4088.18698,0.694779116,0.742971888,0.105702174,0.021954369,0.177405119,0.033441208,0.180926916,0.117647059,0.85,1,0.888888889,0.5,0.9,0.333333333,0.157657658,0.192307692,0.333333333,0.053691275,0.085081585,0.061538462,0.157657658,0.192307692,0.333333333
FlowOCT,german_train_calibration_5.csv,5,SP,0.32,502,1,2,0,10800,2,371,0.739043825,0,92369,2321.846013,0.686746988,0.710843373,0.105702174,0.091388772,0.177405119,0.067961165,0.180926916,0.107843137,0.85,1,0.888888889,0.75,0.9,0.25,0.351351351,0.108108108,0.162162162,0.060402685,0.054794521,0.076923077,0.351351351,0.108108108,0.162162162
FlowOCT,german_train_calibration_5.csv,5,SP,0.33,502,1,2,0,10800,2,371,0.739043825,0,114632,2696.839571,0.686746988,0.710843373,0.105702174,0.091388772,0.177405119,0.067961165,0.180926916,0.107843137,0.85,1,0.888888889,0.75,0.9,0.25,0.351351351,0.108108108,0.162162162,0.060402685,0.054794521,0.076923077,0.351351351,0.108108108,0.162162162
FlowOCT,german_train_calibration_5.csv,5,SP,0.34,502,1,2,0,10800,2,371,0.739043825,0,93029,2214.602321,0.686746988,0.710843373,0.105702174,0.091388772,0.177405119,0.067961165,0.180926916,0.107843137,0.85,1,0.888888889,0.75,0.9,0.25,0.351351351,0.108108108,0.162162162,0.060402685,0.054794521,0.076923077,0.351351351,0.108108108,0.162162162
FlowOCT,german_train_calibration_5.csv,5,SP,0.35,502,1,2,0,10800,2,371,0.739043825,0,90229,2627.163477,0.686746988,0.710843373,0.105702174,0.091388772,0.177405119,0.067961165,0.180926916,0.107843137,0.85,1,0.888888889,0.75,0.9,0.25,0.351351351,0.108108108,0.162162162,0.060402685,0.054794521,0.076923077,0.351351351,0.108108108,0.162162162
FlowOCT,german_train_calibration_5.csv,5,SP,0.36,502,1,2,0,10800,2,371,0.739043825,0,113023,2341.864142,0.694779116,0.742971888,0.105702174,0.021954369,0.177405119,0.033441208,0.180926916,0.117647059,0.85,1,0.888888889,0.5,0.9,0.333333333,0.157657658,0.192307692,0.333333333,0.053691275,0.085081585,0.061538462,0.157657658,0.192307692,0.333333333
FlowOCT,german_train_calibration_5.csv,5,SP,0.37,502,1,2,0,10800,2,371,0.739043825,0,143707,2601.923319,0.694779116,0.742971888,0.105702174,0.021954369,0.177405119,0.033441208,0.180926916,0.117647059,0.85,1,0.888888889,0.5,0.9,0.333333333,0.157657658,0.192307692,0.333333333,0.053691275,0.085081585,0.061538462,0.157657658,0.192307692,0.333333333
FlowOCT,german_train_calibration_5.csv,5,SP,0.38,502,1,2,0,10800,2,371,0.739043825,0,116443,2235.330945,0.694779116,0.742971888,0.105702174,0.021954369,0.177405119,0.033441208,0.180926916,0.117647059,0.85,1,0.888888889,0.5,0.9,0.333333333,0.157657658,0.192307692,0.333333333,0.053691275,0.085081585,0.061538462,0.157657658,0.192307692,0.333333333
FlowOCT,german_train_calibration_5.csv,5,SP,0.39,502,1,2,0,10800,2,371,0.739043825,0,84293,4083.062239,0.694779116,0.742971888,0.105702174,0.021954369,0.177405119,0.033441208,0.180926916,0.117647059,0.85,1,0.888888889,0.5,0.9,0.333333333,0.157657658,0.192307692,0.333333333,0.053691275,0.085081585,0.061538462,0.157657658,0.192307692,0.333333333
FlowOCT,german_train_calibration_5.csv,5,SP,0.3,502,1,2,0,10800,2,371,0.739043825,0,164032,4197.966959,0.686746988,0.710843373,0.105702174,0.091388772,0.177405119,0.067961165,0.180926916,0.107843137,0.85,1,0.888888889,0.75,0.9,0.25,0.351351351,0.108108108,0.162162162,0.060402685,0.054794521,0.076923077,0.351351351,0.108108108,0.162162162
FlowOCT,german_train_calibration_5.csv,5,SP,0.41,502,1,2,0,10800,2,371,0.739043825,0,94970,2164.100907,0.686746988,0.710843373,0.105702174,0.091388772,0.177405119,0.067961165,0.180926916,0.107843137,0.85,1,0.888888889,0.75,0.9,0.25,0.351351351,0.108108108,0.162162162,0.060402685,0.054794521,0.076923077,0.351351351,0.108108108,0.162162162
FlowOCT,german_train_calibration_5.csv,5,SP,0.42,502,1,2,0,10800,2,371,0.739043825,0,130475,2928.629704,0.694779116,0.742971888,0.105702174,0.021954369,0.177405119,0.033441208,0.180926916,0.117647059,0.85,1,0.888888889,0.5,0.9,0.333333333,0.157657658,0.192307692,0.333333333,0.053691275,0.085081585,0.061538462,0.157657658,0.192307692,0.333333333
FlowOCT,german_train_calibration_5.csv,5,SP,0.43,502,1,2,0,10800,2,371,0.739043825,0,104340,2219.977051,0.694779116,0.742971888,0.105702174,0.021954369,0.177405119,0.033441208,0.180926916,0.117647059,0.85,1,0.888888889,0.5,0.9,0.333333333,0.157657658,0.192307692,0.333333333,0.053691275,0.085081585,0.061538462,0.157657658,0.192307692,0.333333333
FlowOCT,german_train_calibration_5.csv,5,SP,0.44,502,1,2,0,10800,2,371,0.739043825,0,159197,2928.269025,0.686746988,0.710843373,0.105702174,0.091388772,0.177405119,0.067961165,0.180926916,0.107843137,0.85,1,0.888888889,0.75,0.9,0.25,0.351351351,0.108108108,0.162162162,0.060402685,0.054794521,0.076923077,0.351351351,0.108108108,0.162162162
FlowOCT,german_train_calibration_5.csv,5,SP,0.45,502,1,2,0,10800,2,371,0.739043825,0,129933,2909.223964,0.694779116,0.742971888,0.105702174,0.021954369,0.177405119,0.033441208,0.180926916,0.117647059,0.85,1,0.888888889,0.5,0.9,0.333333333,0.157657658,0.192307692,0.333333333,0.053691275,0.085081585,0.061538462,0.157657658,0.192307692,0.333333333
FlowOCT,german_train_calibration_5.csv,5,SP,0.46,502,1,2,0,10800,2,371,0.739043825,0,115833,2381.039786,0.694779116,0.742971888,0.105702174,0.021954369,0.177405119,0.033441208,0.180926916,0.117647059,0.85,1,0.888888889,0.5,0.9,0.333333333,0.157657658,0.192307692,0.333333333,0.053691275,0.085081585,0.061538462,0.157657658,0.192307692,0.333333333
FlowOCT,german_train_calibration_5.csv,5,SP,0.47,502,1,2,0,10800,2,371,0.739043825,0,122731,3187.635334,0.686746988,0.710843373,0.105702174,0.091388772,0.177405119,0.067961165,0.180926916,0.107843137,0.85,1,0.888888889,0.75,0.9,0.25,0.351351351,0.108108108,0.162162162,0.060402685,0.054794521,0.076923077,0.351351351,0.108108108,0.162162162
FlowOCT,german_train_calibration_5.csv,5,SP,0.48,502,1,2,0,10800,2,371,0.739043825,0,105129,2778.204515,0.686746988,0.710843373,0.105702174,0.091388772,0.177405119,0.067961165,0.180926916,0.107843137,0.85,1,0.888888889,0.75,0.9,0.25,0.351351351,0.108108108,0.162162162,0.060402685,0.054794521,0.076923077,0.351351351,0.108108108,0.162162162
FlowOCT,german_train_calibration_5.csv,5,SP,0.49,502,1,2,0,10800,2,371,0.739043825,0,100517,3008.629829,0.694779116,0.742971888,0.105702174,0.021954369,0.177405119,0.033441208,0.180926916,0.117647059,0.85,1,0.888888889,0.5,0.9,0.333333333,0.157657658,0.192307692,0.333333333,0.053691275,0.085081585,0.061538462,0.157657658,0.192307692,0.333333333
FlowOCT,german_train_calibration_5.csv,5,SP,0.4,502,1,2,0,10800,2,371,0.739043825,0,115624,2793.751197,0.686746988,0.710843373,0.105702174,0.091388772,0.177405119,0.067961165,0.180926916,0.107843137,0.85,1,0.888888889,0.75,0.9,0.25,0.351351351,0.108108108,0.162162162,0.060402685,0.054794521,0.076923077,0.351351351,0.108108108,0.162162162
FlowOCT,german_train_calibration_5.csv,5,SP,0.51,502,1,2,0,10800,2,371,0.739043825,0,113399,1787.023386,0.694779116,0.742971888,0.105702174,0.021954369,0.177405119,0.033441208,0.180926916,0.117647059,0.85,1,0.888888889,0.5,0.9,0.333333333,0.157657658,0.192307692,0.333333333,0.053691275,0.085081585,0.061538462,0.157657658,0.192307692,0.333333333
FlowOCT,german_train_calibration_5.csv,5,SP,0.52,502,1,2,0,10800,2,371,0.739043825,0,102832,2463.718605,0.694779116,0.742971888,0.105702174,0.021954369,0.177405119,0.033441208,0.180926916,0.117647059,0.85,1,0.888888889,0.5,0.9,0.333333333,0.157657658,0.192307692,0.333333333,0.053691275,0.085081585,0.061538462,0.157657658,0.192307692,0.333333333
FlowOCT,german_train_calibration_5.csv,5,SP,0.53,502,1,2,0,10800,2,371,0.739043825,0,117243,2345.596303,0.686746988,0.710843373,0.105702174,0.091388772,0.177405119,0.067961165,0.180926916,0.107843137,0.85,1,0.888888889,0.75,0.9,0.25,0.351351351,0.108108108,0.162162162,0.060402685,0.054794521,0.076923077,0.351351351,0.108108108,0.162162162
FlowOCT,german_train_calibration_5.csv,5,SP,0.54,502,1,2,0,10800,2,371,0.739043825,0,77497,1968.647403,0.694779116,0.742971888,0.105702174,0.021954369,0.177405119,0.033441208,0.180926916,0.117647059,0.85,1,0.888888889,0.5,0.9,0.333333333,0.157657658,0.192307692,0.333333333,0.053691275,0.085081585,0.061538462,0.157657658,0.192307692,0.333333333
FlowOCT,german_train_calibration_5.csv,5,SP,0.55,502,1,2,0,10800,2,371,0.739043825,0,113939,2216.45062,0.694779116,0.742971888,0.105702174,0.021954369,0.177405119,0.033441208,0.180926916,0.117647059,0.85,1,0.888888889,0.5,0.9,0.333333333,0.157657658,0.192307692,0.333333333,0.053691275,0.085081585,0.061538462,0.157657658,0.192307692,0.333333333
FlowOCT,german_train_calibration_5.csv,5,SP,0.5,502,1,2,0,10800,2,371,0.739043825,0,141889,2555.545218,0.686746988,0.710843373,0.105702174,0.091388772,0.177405119,0.067961165,0.180926916,0.107843137,0.85,1,0.888888889,0.75,0.9,0.25,0.351351351,0.108108108,0.162162162,0.060402685,0.054794521,0.076923077,0.351351351,0.108108108,0.162162162