1,0.01,2,67.498,0.16507,67.834,0.17244,67.617,0.16556,56.286,0,54.929,-0.050191,55.505,-0.024333
1,0.01,3,67.952,0.1621,68.158,0.15904,67.94,0.16283,61.439,0.0095019,59.857,0.031584,59.715,0.054466
1,0.01,4,68.276,0.17705,68.807,0.16008,68.199,0.16206,61.99,0.002172,59.274,0.032814,60.363,0.066903
1,0.02,2,67.498,0.16507,67.834,0.17244,67.617,0.16556,56.286,0,54.929,-0.050191,55.505,-0.024333
1,0.02,3,67.952,0.1621,68.158,0.15904,67.94,0.16283,62.054,0.017439,60.571,0.043501,60.298,0.064953
1,0.02,4,68.276,0.17705,68.807,0.16008,68.199,0.16206,61.99,0.002172,59.274,0.032814,60.363,0.066903
1,0.03,2,67.498,0.16507,67.834,0.17244,67.617,0.16556,56.286,0,54.929,-0.050191,55.505,-0.024333
1,0.03,3,67.952,0.1621,68.158,0.15904,67.94,0.16283,62.054,0.017439,60.571,0.043501,60.298,0.064953
1,0.03,4,68.276,0.17705,68.807,0.16008,68.199,0.16206,61.99,0.002172,59.274,0.032814,60.363,0.066903
1,0.04,2,67.498,0.16507,67.834,0.17244,67.617,0.16556,56.286,0,54.929,-0.050191,55.505,-0.024333
1,0.04,3,67.952,0.1621,68.158,0.15904,67.94,0.16283,62.054,0.017439,60.571,0.043501,60.298,0.064953
1,0.04,4,68.276,0.17705,68.807,0.16008,68.199,0.16206,63.318,0.030996,60.636,0.058509,61.399,0.088726
1,0.05,2,67.498,0.16507,67.834,0.17244,67.617,0.16556,56.286,0,54.929,-0.050191,55.505,-0.024333
1,0.05,3,67.952,0.1621,68.158,0.15904,67.94,0.16283,62.054,0.017439,60.571,0.043501,60.298,0.064953
1,0.05,4,68.276,0.17705,68.807,0.16008,68.199,0.16206,64.031,0.046972,62.062,0.062937,62.63,0.094195
1,0.06,2,67.498,0.16507,67.834,0.17244,67.617,0.16556,56.286,0,54.929,-0.050191,55.505,-0.024333
1,0.06,3,67.952,0.1621,68.158,0.15904,67.94,0.16283,63.772,0.051281,62.776,0.070674,62.5,0.10292
1,0.06,4,68.276,0.17705,68.807,0.16008,68.199,0.16206,64.031,0.046972,62.062,0.062937,62.63,0.094195
1,0.07,2,67.498,0.16507,67.834,0.17244,67.617,0.16556,56.286,0,54.929,-0.050191,55.505,-0.024333
1,0.07,3,67.952,0.1621,68.158,0.15904,67.94,0.16283,63.772,0.051281,62.776,0.070674,62.5,0.10292
1,0.07,4,68.276,0.17705,68.807,0.16008,68.199,0.16206,64.031,0.046972,62.062,0.062937,62.63,0.094195
1,0.08,2,67.498,0.16507,67.834,0.17244,67.617,0.16556,64.128,0.075553,62.905,0.091114,62.759,0.091328
1,0.08,3,67.952,0.1621,68.158,0.15904,67.94,0.16283,63.772,0.051281,62.776,0.070674,62.5,0.10292
1,0.08,4,68.276,0.17705,68.807,0.16008,68.199,0.16206,64.031,0.046972,62.062,0.062937,62.63,0.094195
1,0.09,2,67.498,0.16507,67.834,0.17244,67.617,0.16556,64.128,0.075553,62.905,0.091114,62.759,0.091328
1,0.09,3,67.952,0.1621,68.158,0.15904,67.94,0.16283,63.772,0.051281,62.776,0.070674,62.5,0.10292
1,0.09,4,68.276,0.17705,68.807,0.16008,68.199,0.16206,64.031,0.046972,62.062,0.062937,62.63,0.094195
1,0.1,2,67.498,0.16507,67.834,0.17244,67.617,0.16556,64.128,0.075553,62.905,0.091114,62.759,0.091328
1,0.1,3,67.952,0.1621,68.158,0.15904,67.94,0.16283,63.772,0.051281,62.776,0.070674,62.5,0.10292
1,0.1,4,68.276,0.17705,68.807,0.16008,68.199,0.16206,65.943,0.096648,64.137,0.098324,64.184,0.10749
1,0.11,2,67.498,0.16507,67.834,0.17244,67.617,0.16556,64.128,0.075553,62.905,0.091114,62.759,0.091328
1,0.11,3,67.952,0.1621,68.158,0.15904,67.94,0.16283,65.878,0.10398,65.824,0.11143,65.479,0.13646
1,0.11,4,68.276,0.17705,68.807,0.16008,68.199,0.16206,65.943,0.096648,64.137,0.098324,64.184,0.10749
1,0.12,2,67.498,0.16507,67.834,0.17244,67.617,0.16556,65.619,0.11367,64.851,0.1264,64.767,0.12964
1,0.12,3,67.952,0.1621,68.158,0.15904,67.94,0.16283,65.878,0.10398,65.824,0.11143,65.479,0.13646
1,0.12,4,68.276,0.17705,68.807,0.16008,68.199,0.16206,65.943,0.096648,64.137,0.098324,64.184,0.10749
1,0.13,2,67.498,0.16507,67.834,0.17244,67.617,0.16556,65.619,0.11367,64.851,0.1264,64.767,0.12964
1,0.13,3,67.952,0.1621,68.158,0.15904,67.94,0.16283,65.878,0.10398,65.824,0.11143,65.479,0.13646
1,0.13,4,68.276,0.17705,68.807,0.16008,68.199,0.16206,65.943,0.096648,64.137,0.098324,64.184,0.10749
1,0.14,2,67.498,0.16507,67.834,0.17244,67.617,0.16556,65.619,0.11367,64.851,0.1264,64.767,0.12964
1,0.14,3,67.952,0.1621,68.158,0.15904,67.94,0.16283,65.878,0.10398,65.824,0.11143,65.479,0.13646
1,0.14,4,68.276,0.17705,68.807,0.16008,68.199,0.16206,65.943,0.096648,64.137,0.098324,64.184,0.10749
1,0.15,2,67.498,0.16507,67.834,0.17244,67.617,0.16556,65.619,0.11367,64.851,0.1264,64.767,0.12964
1,0.15,3,67.952,0.1621,68.158,0.15904,67.94,0.16283,65.878,0.10398,65.824,0.11143,65.479,0.13646
1,0.15,4,68.276,0.17705,68.807,0.16008,68.199,0.16206,67.628,0.14336,67.25,0.14086,66.904,0.13801
1,0.16,2,67.498,0.16507,67.834,0.17244,67.617,0.16556,65.619,0.11367,64.851,0.1264,64.767,0.12964
1,0.16,3,67.952,0.1621,68.158,0.15904,67.94,0.16283,65.878,0.10398,65.824,0.11143,65.479,0.13646
1,0.16,4,68.276,0.17705,68.807,0.16008,68.199,0.16206,68.017,0.15944,68.353,0.14817,67.358,0.14933
1,0.17,2,67.498,0.16507,67.834,0.17244,67.617,0.16556,67.498,0.16507,67.834,0.17244,67.617,0.16556
1,0.17,3,67.952,0.1621,68.158,0.15904,67.94,0.16283,67.952,0.1621,68.158,0.15904,67.94,0.16283
1,0.17,4,68.276,0.17705,68.807,0.16008,68.199,0.16206,68.082,0.16272,68.288,0.14614,67.293,0.15214
1,0.18,2,67.498,0.16507,67.834,0.17244,67.617,0.16556,67.498,0.16507,67.834,0.17244,67.617,0.16556
1,0.18,3,67.952,0.1621,68.158,0.15904,67.94,0.16283,67.952,0.1621,68.158,0.15904,67.94,0.16283
1,0.18,4,68.276,0.17705,68.807,0.16008,68.199,0.16206,68.276,0.17705,68.807,0.16008,68.199,0.16206
1,0.19,2,67.498,0.16507,67.834,0.17244,67.617,0.16556,67.498,0.16507,67.834,0.17244,67.617,0.16556
1,0.19,3,67.952,0.1621,68.158,0.15904,67.94,0.16283,67.952,0.1621,68.158,0.15904,67.94,0.16283
1,0.19,4,68.276,0.17705,68.807,0.16008,68.199,0.16206,68.276,0.17705,68.807,0.16008,68.199,0.16206
1,0.2,2,67.498,0.16507,67.834,0.17244,67.617,0.16556,67.498,0.16507,67.834,0.17244,67.617,0.16556
1,0.2,3,67.952,0.1621,68.158,0.15904,67.94,0.16283,67.952,0.1621,68.158,0.15904,67.94,0.16283
1,0.2,4,68.276,0.17705,68.807,0.16008,68.199,0.16206,68.276,0.17705,68.807,0.16008,68.199,0.16206
1,0.21,2,67.498,0.16507,67.834,0.17244,67.617,0.16556,67.498,0.16507,67.834,0.17244,67.617,0.16556
1,0.21,3,67.952,0.1621,68.158,0.15904,67.94,0.16283,67.952,0.1621,68.158,0.15904,67.94,0.16283
1,0.21,4,68.276,0.17705,68.807,0.16008,68.199,0.16206,68.276,0.17705,68.807,0.16008,68.199,0.16206
1,0.22,2,67.498,0.16507,67.834,0.17244,67.617,0.16556,67.498,0.16507,67.834,0.17244,67.617,0.16556
1,0.22,3,67.952,0.1621,68.158,0.15904,67.94,0.16283,67.952,0.1621,68.158,0.15904,67.94,0.16283
1,0.22,4,68.276,0.17705,68.807,0.16008,68.199,0.16206,68.276,0.17705,68.807,0.16008,68.199,0.16206
1,0.23,2,67.498,0.16507,67.834,0.17244,67.617,0.16556,67.498,0.16507,67.834,0.17244,67.617,0.16556
1,0.23,3,67.952,0.1621,68.158,0.15904,67.94,0.16283,67.952,0.1621,68.158,0.15904,67.94,0.16283
1,0.23,4,68.276,0.17705,68.807,0.16008,68.199,0.16206,68.276,0.17705,68.807,0.16008,68.199,0.16206
1,0.24,2,67.498,0.16507,67.834,0.17244,67.617,0.16556,67.498,0.16507,67.834,0.17244,67.617,0.16556
1,0.24,3,67.952,0.1621,68.158,0.15904,67.94,0.16283,67.952,0.1621,68.158,0.15904,67.94,0.16283
1,0.24,4,68.276,0.17705,68.807,0.16008,68.199,0.16206,68.276,0.17705,68.807,0.16008,68.199,0.16206
1,0.25,2,67.498,0.16507,67.834,0.17244,67.617,0.16556,67.498,0.16507,67.834,0.17244,67.617,0.16556
1,0.25,3,67.952,0.1621,68.158,0.15904,67.94,0.16283,67.952,0.1621,68.158,0.15904,67.94,0.16283
1,0.25,4,68.276,0.17705,68.807,0.16008,68.199,0.16206,68.276,0.17705,68.807,0.16008,68.199,0.16206
1,0.26,2,67.498,0.16507,67.834,0.17244,67.617,0.16556,67.498,0.16507,67.834,0.17244,67.617,0.16556
1,0.26,3,67.952,0.1621,68.158,0.15904,67.94,0.16283,67.952,0.1621,68.158,0.15904,67.94,0.16283
1,0.26,4,68.276,0.17705,68.807,0.16008,68.199,0.16206,68.276,0.17705,68.807,0.16008,68.199,0.16206
1,0.27,2,67.498,0.16507,67.834,0.17244,67.617,0.16556,67.498,0.16507,67.834,0.17244,67.617,0.16556
1,0.27,3,67.952,0.1621,68.158,0.15904,67.94,0.16283,67.952,0.1621,68.158,0.15904,67.94,0.16283
1,0.27,4,68.276,0.17705,68.807,0.16008,68.199,0.16206,68.276,0.17705,68.807,0.16008,68.199,0.16206
1,0.28,2,67.498,0.16507,67.834,0.17244,67.617,0.16556,67.498,0.16507,67.834,0.17244,67.617,0.16556
1,0.28,3,67.952,0.1621,68.158,0.15904,67.94,0.16283,67.952,0.1621,68.158,0.15904,67.94,0.16283
1,0.28,4,68.276,0.17705,68.807,0.16008,68.199,0.16206,68.276,0.17705,68.807,0.16008,68.199,0.16206
1,0.29,2,67.498,0.16507,67.834,0.17244,67.617,0.16556,67.498,0.16507,67.834,0.17244,67.617,0.16556
1,0.29,3,67.952,0.1621,68.158,0.15904,67.94,0.16283,67.952,0.1621,68.158,0.15904,67.94,0.16283
1,0.29,4,68.276,0.17705,68.807,0.16008,68.199,0.16206,68.276,0.17705,68.807,0.16008,68.199,0.16206
1,0.3,2,67.498,0.16507,67.834,0.17244,67.617,0.16556,67.498,0.16507,67.834,0.17244,67.617,0.16556
1,0.3,3,67.952,0.1621,68.158,0.15904,67.94,0.16283,67.952,0.1621,68.158,0.15904,67.94,0.16283
1,0.3,4,68.276,0.17705,68.807,0.16008,68.199,0.16206,68.276,0.17705,68.807,0.16008,68.199,0.16206
1,0.31,2,67.498,0.16507,67.834,0.17244,67.617,0.16556,67.498,0.16507,67.834,0.17244,67.617,0.16556
1,0.31,3,67.952,0.1621,68.158,0.15904,67.94,0.16283,67.952,0.1621,68.158,0.15904,67.94,0.16283
1,0.31,4,68.276,0.17705,68.807,0.16008,68.199,0.16206,68.276,0.17705,68.807,0.16008,68.199,0.16206
1,0.32,2,67.498,0.16507,67.834,0.17244,67.617,0.16556,67.498,0.16507,67.834,0.17244,67.617,0.16556
1,0.32,3,67.952,0.1621,68.158,0.15904,67.94,0.16283,67.952,0.1621,68.158,0.15904,67.94,0.16283
1,0.32,4,68.276,0.17705,68.807,0.16008,68.199,0.16206,68.276,0.17705,68.807,0.16008,68.199,0.16206
1,0.33,2,67.498,0.16507,67.834,0.17244,67.617,0.16556,67.498,0.16507,67.834,0.17244,67.617,0.16556
1,0.33,3,67.952,0.1621,68.158,0.15904,67.94,0.16283,67.952,0.1621,68.158,0.15904,67.94,0.16283
1,0.33,4,68.276,0.17705,68.807,0.16008,68.199,0.16206,68.276,0.17705,68.807,0.16008,68.199,0.16206
1,0.34,2,67.498,0.16507,67.834,0.17244,67.617,0.16556,67.498,0.16507,67.834,0.17244,67.617,0.16556
1,0.34,3,67.952,0.1621,68.158,0.15904,67.94,0.16283,67.952,0.1621,68.158,0.15904,67.94,0.16283
1,0.34,4,68.276,0.17705,68.807,0.16008,68.199,0.16206,68.276,0.17705,68.807,0.16008,68.199,0.16206
1,0.35,2,67.498,0.16507,67.834,0.17244,67.617,0.16556,67.498,0.16507,67.834,0.17244,67.617,0.16556
1,0.35,3,67.952,0.1621,68.158,0.15904,67.94,0.16283,67.952,0.1621,68.158,0.15904,67.94,0.16283
1,0.35,4,68.276,0.17705,68.807,0.16008,68.199,0.16206,68.276,0.17705,68.807,0.16008,68.199,0.16206
1,0.36,2,67.498,0.16507,67.834,0.17244,67.617,0.16556,67.498,0.16507,67.834,0.17244,67.617,0.16556
1,0.36,3,67.952,0.1621,68.158,0.15904,67.94,0.16283,67.952,0.1621,68.158,0.15904,67.94,0.16283
1,0.36,4,68.276,0.17705,68.807,0.16008,68.199,0.16206,68.276,0.17705,68.807,0.16008,68.199,0.16206
1,0.37,2,67.498,0.16507,67.834,0.17244,67.617,0.16556,67.498,0.16507,67.834,0.17244,67.617,0.16556
1,0.37,3,67.952,0.1621,68.158,0.15904,67.94,0.16283,67.952,0.1621,68.158,0.15904,67.94,0.16283
1,0.37,4,68.276,0.17705,68.807,0.16008,68.199,0.16206,68.276,0.17705,68.807,0.16008,68.199,0.16206
1,0.38,2,67.498,0.16507,67.834,0.17244,67.617,0.16556,67.498,0.16507,67.834,0.17244,67.617,0.16556
1,0.38,3,67.952,0.1621,68.158,0.15904,67.94,0.16283,67.952,0.1621,68.158,0.15904,67.94,0.16283
1,0.38,4,68.276,0.17705,68.807,0.16008,68.199,0.16206,68.276,0.17705,68.807,0.16008,68.199,0.16206
1,0.39,2,67.498,0.16507,67.834,0.17244,67.617,0.16556,67.498,0.16507,67.834,0.17244,67.617,0.16556
1,0.39,3,67.952,0.1621,68.158,0.15904,67.94,0.16283,67.952,0.1621,68.158,0.15904,67.94,0.16283
1,0.39,4,68.276,0.17705,68.807,0.16008,68.199,0.16206,68.276,0.17705,68.807,0.16008,68.199,0.16206
1,0.4,2,67.498,0.16507,67.834,0.17244,67.617,0.16556,67.498,0.16507,67.834,0.17244,67.617,0.16556
1,0.4,3,67.952,0.1621,68.158,0.15904,67.94,0.16283,67.952,0.1621,68.158,0.15904,67.94,0.16283
1,0.4,4,68.276,0.17705,68.807,0.16008,68.199,0.16206,68.276,0.17705,68.807,0.16008,68.199,0.16206
1,0.41,2,67.498,0.16507,67.834,0.17244,67.617,0.16556,67.498,0.16507,67.834,0.17244,67.617,0.16556
1,0.41,3,67.952,0.1621,68.158,0.15904,67.94,0.16283,67.952,0.1621,68.158,0.15904,67.94,0.16283
1,0.41,4,68.276,0.17705,68.807,0.16008,68.199,0.16206,68.276,0.17705,68.807,0.16008,68.199,0.16206
1,0.42,2,67.498,0.16507,67.834,0.17244,67.617,0.16556,67.498,0.16507,67.834,0.17244,67.617,0.16556
1,0.42,3,67.952,0.1621,68.158,0.15904,67.94,0.16283,67.952,0.1621,68.158,0.15904,67.94,0.16283
1,0.42,4,68.276,0.17705,68.807,0.16008,68.199,0.16206,68.276,0.17705,68.807,0.16008,68.199,0.16206
1,0.43,2,67.498,0.16507,67.834,0.17244,67.617,0.16556,67.498,0.16507,67.834,0.17244,67.617,0.16556
1,0.43,3,67.952,0.1621,68.158,0.15904,67.94,0.16283,67.952,0.1621,68.158,0.15904,67.94,0.16283
1,0.43,4,68.276,0.17705,68.807,0.16008,68.199,0.16206,68.276,0.17705,68.807,0.16008,68.199,0.16206
1,0.44,2,67.498,0.16507,67.834,0.17244,67.617,0.16556,67.498,0.16507,67.834,0.17244,67.617,0.16556
1,0.44,3,67.952,0.1621,68.158,0.15904,67.94,0.16283,67.952,0.1621,68.158,0.15904,67.94,0.16283
1,0.44,4,68.276,0.17705,68.807,0.16008,68.199,0.16206,68.276,0.17705,68.807,0.16008,68.199,0.16206
1,0.45,2,67.498,0.16507,67.834,0.17244,67.617,0.16556,67.498,0.16507,67.834,0.17244,67.617,0.16556
1,0.45,3,67.952,0.1621,68.158,0.15904,67.94,0.16283,67.952,0.1621,68.158,0.15904,67.94,0.16283
1,0.45,4,68.276,0.17705,68.807,0.16008,68.199,0.16206,68.276,0.17705,68.807,0.16008,68.199,0.16206
1,0.46,2,67.498,0.16507,67.834,0.17244,67.617,0.16556,67.498,0.16507,67.834,0.17244,67.617,0.16556
1,0.46,3,67.952,0.1621,68.158,0.15904,67.94,0.16283,67.952,0.1621,68.158,0.15904,67.94,0.16283
1,0.46,4,68.276,0.17705,68.807,0.16008,68.199,0.16206,68.276,0.17705,68.807,0.16008,68.199,0.16206
1,0.47,2,67.498,0.16507,67.834,0.17244,67.617,0.16556,67.498,0.16507,67.834,0.17244,67.617,0.16556
1,0.47,3,67.952,0.1621,68.158,0.15904,67.94,0.16283,67.952,0.1621,68.158,0.15904,67.94,0.16283
1,0.47,4,68.276,0.17705,68.807,0.16008,68.199,0.16206,68.276,0.17705,68.807,0.16008,68.199,0.16206
1,0.48,2,67.498,0.16507,67.834,0.17244,67.617,0.16556,67.498,0.16507,67.834,0.17244,67.617,0.16556
1,0.48,3,67.952,0.1621,68.158,0.15904,67.94,0.16283,67.952,0.1621,68.158,0.15904,67.94,0.16283
1,0.48,4,68.276,0.17705,68.807,0.16008,68.199,0.16206,68.276,0.17705,68.807,0.16008,68.199,0.16206
1,0.49,2,67.498,0.16507,67.834,0.17244,67.617,0.16556,67.498,0.16507,67.834,0.17244,67.617,0.16556
1,0.49,3,67.952,0.1621,68.158,0.15904,67.94,0.16283,67.952,0.1621,68.158,0.15904,67.94,0.16283
1,0.49,4,68.276,0.17705,68.807,0.16008,68.199,0.16206,68.276,0.17705,68.807,0.16008,68.199,0.16206
1,0.5,2,67.498,0.16507,67.834,0.17244,67.617,0.16556,67.498,0.16507,67.834,0.17244,67.617,0.16556
1,0.5,3,67.952,0.1621,68.158,0.15904,67.94,0.16283,67.952,0.1621,68.158,0.15904,67.94,0.16283
1,0.5,4,68.276,0.17705,68.807,0.16008,68.199,0.16206,68.276,0.17705,68.807,0.16008,68.199,0.16206
1,0.51,2,67.498,0.16507,67.834,0.17244,67.617,0.16556,67.498,0.16507,67.834,0.17244,67.617,0.16556
1,0.51,3,67.952,0.1621,68.158,0.15904,67.94,0.16283,67.952,0.1621,68.158,0.15904,67.94,0.16283
1,0.51,4,68.276,0.17705,68.807,0.16008,68.199,0.16206,68.276,0.17705,68.807,0.16008,68.199,0.16206
1,0.52,2,67.498,0.16507,67.834,0.17244,67.617,0.16556,67.498,0.16507,67.834,0.17244,67.617,0.16556
1,0.52,3,67.952,0.1621,68.158,0.15904,67.94,0.16283,67.952,0.1621,68.158,0.15904,67.94,0.16283
1,0.52,4,68.276,0.17705,68.807,0.16008,68.199,0.16206,68.276,0.17705,68.807,0.16008,68.199,0.16206
1,0.53,2,67.498,0.16507,67.834,0.17244,67.617,0.16556,67.498,0.16507,67.834,0.17244,67.617,0.16556
1,0.53,3,67.952,0.1621,68.158,0.15904,67.94,0.16283,67.952,0.1621,68.158,0.15904,67.94,0.16283
1,0.53,4,68.276,0.17705,68.807,0.16008,68.199,0.16206,68.276,0.17705,68.807,0.16008,68.199,0.16206
1,0.54,2,67.498,0.16507,67.834,0.17244,67.617,0.16556,67.498,0.16507,67.834,0.17244,67.617,0.16556
1,0.54,3,67.952,0.1621,68.158,0.15904,67.94,0.16283,67.952,0.1621,68.158,0.15904,67.94,0.16283
1,0.54,4,68.276,0.17705,68.807,0.16008,68.199,0.16206,68.276,0.17705,68.807,0.16008,68.199,0.16206
1,0.55,2,67.498,0.16507,67.834,0.17244,67.617,0.16556,67.498,0.16507,67.834,0.17244,67.617,0.16556
1,0.55,3,67.952,0.1621,68.158,0.15904,67.94,0.16283,67.952,0.1621,68.158,0.15904,67.94,0.16283
1,0.55,4,68.276,0.17705,68.807,0.16008,68.199,0.16206,68.276,0.17705,68.807,0.16008,68.199,0.16206
2,0.01,2,67.628,0.17602,67.056,0.15161,66.256,0.1723,55.282,0,54.215,-0.081842,52.655,-0.061645
2,0.01,3,67.887,0.17743,66.991,0.14042,66.451,0.17562,61.633,0,58.495,0.025195,59.262,0.02445
2,0.01,4,68.568,0.1776,67.51,0.1709,68.005,0.18293,59.916,0,56.226,-0.011838,57.448,-0.025643
1,0.01,5,68.957,0.16255,67.575,0.16063,68.135,0.16482,63.772,0,60.052,0.078843,60.557,0.035336
2,0.02,2,67.628,0.17602,67.056,0.15161,66.256,0.1723,55.282,0,54.215,-0.081842,52.655,-0.061645
2,0.02,3,67.887,0.17743,66.991,0.14042,66.451,0.17562,62.735,0.012783,58.82,0.040439,59.845,0.041581
2,0.02,4,68.568,0.1776,67.51,0.1709,68.005,0.18293,63.318,0.017905,59.403,0.050278,61.205,0.038821
1,0.02,5,68.957,0.16255,67.575,0.16063,68.135,0.16482,65.23,0.017245,62.062,0.11056,63.407,0.071062
2,0.03,2,67.628,0.17602,67.056,0.15161,66.256,0.1723,55.282,0,54.215,-0.081842,52.655,-0.061645
2,0.03,3,67.887,0.17743,66.991,0.14042,66.451,0.17562,63.415,0.029837,59.274,0.035702,60.557,0.050516
2,0.03,4,68.568,0.1776,67.51,0.1709,68.005,0.18293,63.513,0.021272,60.182,0.059369,61.464,0.041288
1,0.03,5,68.957,0.16255,67.575,0.16063,68.135,0.16482,65.684,0.026969,62.581,0.1014,63.925,0.072615
2,0.04,2,67.628,0.17602,67.056,0.15161,66.256,0.1723,55.282,0,54.215,-0.081842,52.655,-0.061645
2,0.04,3,67.887,0.17743,66.991,0.14042,66.451,0.17562,63.415,0.029837,59.274,0.035702,60.557,0.050516
2,0.04,4,68.568,0.1776,67.51,0.1709,68.005,0.18293,64.128,0.033328,60.311,0.052975,61.982,0.043754
1,0.04,5,68.957,0.16255,67.575,0.16063,68.135,0.16482,65.684,0.026969,62.581,0.1014,63.925,0.072615
2,0.05,2,67.628,0.17602,67.056,0.15161,66.256,0.1723,55.282,0,54.215,-0.081842,52.655,-0.061645
2,0.05,3,67.887,0.17743,66.991,0.14042,66.451,0.17562,63.415,0.029837,59.274,0.035702,60.557,0.050516
2,0.05,4,68.568,0.1776,67.51,0.1709,68.005,0.18293,64.128,0.033328,60.311,0.052975,61.982,0.043754
1,0.05,5,68.957,0.16255,67.575,0.16063,68.135,0.16482,65.684,0.026969,62.581,0.1014,63.925,0.072615
2,0.06,2,67.628,0.17602,67.056,0.15161,66.256,0.1723,55.282,0,54.215,-0.081842,52.655,-0.061645
2,0.06,3,67.887,0.17743,66.991,0.14042,66.451,0.17562,63.415,0.029837,59.274,0.035702,60.557,0.050516
2,0.06,4,68.568,0.1776,67.51,0.1709,68.005,0.18293,65.262,0.057471,61.608,0.084923,63.86,0.065903
1,0.06,5,68.957,0.16255,67.575,0.16063,68.135,0.16482,66.785,0.055848,63.554,0.12604,65.026,0.098059
2,0.07,2,67.628,0.17602,67.056,0.15161,66.256,0.1723,62.443,0.063424,62.062,0.087546,61.399,0.068213
2,0.07,3,67.887,0.17743,66.991,0.14042,66.451,0.17562,63.415,0.029837,59.274,0.035702,60.557,0.050516
2,0.07,4,68.568,0.1776,67.51,0.1709,68.005,0.18293,65.262,0.057471,61.608,0.084923,63.86,0.065903
1,0.07,5,68.957,0.16255,67.575,0.16063,68.135,0.16482,66.785,0.055848,63.554,0.12604,65.026,0.098059
2,0.08,2,67.628,0.17602,67.056,0.15161,66.256,0.1723,62.443,0.063424,62.062,0.087546,61.399,0.068213
2,0.08,3,67.887,0.17743,66.991,0.14042,66.451,0.17562,65.198,0.079848,61.803,0.08522,63.407,0.091157
2,0.08,4,68.568,0.1776,67.51,0.1709,68.005,0.18293,65.262,0.057471,61.608,0.084923,63.86,0.065903
1,0.08,5,68.957,0.16255,67.575,0.16063,68.135,0.16482,67.272,0.070872,64.527,0.1497,65.091,0.11217
2,0.09,2,67.628,0.17602,67.056,0.15161,66.256,0.1723,62.443,0.063424,62.062,0.087546,61.399,0.068213
2,0.09,3,67.887,0.17743,66.991,0.14042,66.451,0.17562,65.198,0.079848,61.803,0.08522,63.407,0.091157
2,0.09,4,68.568,0.1776,67.51,0.1709,68.005,0.18293,65.262,0.057471,61.608,0.084923,63.86,0.065903
1,0.09,5,68.957,0.16255,67.575,0.16063,68.135,0.16482,67.272,0.070872,64.527,0.1497,65.091,0.11217
2,0.1,2,67.628,0.17602,67.056,0.15161,66.256,0.1723,62.443,0.063424,62.062,0.087546,61.399,0.068213
2,0.1,3,67.887,0.17743,66.991,0.14042,66.451,0.17562,65.198,0.079848,61.803,0.08522,63.407,0.091157
2,0.1,4,68.568,0.1776,67.51,0.1709,68.005,0.18293,65.262,0.057471,61.608,0.084923,63.86,0.065903
1,0.1,5,68.957,0.16255,67.575,0.16063,68.135,0.16482,67.984,0.094753,65.564,0.15695,66.386,0.1263
2,0.11,2,67.628,0.17602,67.056,0.15161,66.256,0.1723,62.443,0.063424,62.062,0.087546,61.399,0.068213
2,0.11,3,67.887,0.17743,66.991,0.14042,66.451,0.17562,65.198,0.079848,61.803,0.08522,63.407,0.091157
2,0.11,4,68.568,0.1776,67.51,0.1709,68.005,0.18293,67.142,0.10412,64.137,0.11412,66.775,0.10984
1,0.11,5,68.957,0.16255,67.575,0.16063,68.135,0.16482,68.341,0.10976,65.824,0.16629,67.163,0.13937
2,0.12,2,67.628,0.17602,67.056,0.15161,66.256,0.1723,65.068,0.11625,65.045,0.11762,64.961,0.11683
2,0.12,3,67.887,0.17743,66.991,0.14042,66.451,0.17562,65.198,0.079848,61.803,0.08522,63.407,0.091157
2,0.12,4,68.568,0.1776,67.51,0.1709,68.005,0.18293,67.142,0.10412,64.137,0.11412,66.775,0.10984
1,0.12,5,68.957,0.16255,67.575,0.16063,68.135,0.16482,68.341,0.10976,65.824,0.16629,67.163,0.13937
2,0.13,2,67.628,0.17602,67.056,0.15161,66.256,0.1723,65.068,0.11625,65.045,0.11762,64.961,0.11683
2,0.13,3,67.887,0.17743,66.991,0.14042,66.451,0.17562,65.198,0.079848,61.803,0.08522,63.407,0.091157
2,0.13,4,68.568,0.1776,67.51,0.1709,68.005,0.18293,67.79,0.12999,65.37,0.13169,67.746,0.12833
1,0.13,5,68.957,0.16255,67.575,0.16063,68.135,0.16482,68.341,0.10976,65.824,0.16629,67.163,0.13937
2,0.14,2,67.628,0.17602,67.056,0.15161,66.256,0.1723,65.911,0.13373,65.629,0.11565,66.062,0.13518
2,0.14,3,67.887,0.17743,66.991,0.14042,66.451,0.17562,66.883,0.13359,64.332,0.10908,66.127,0.12973
2,0.14,4,68.568,0.1776,67.51,0.1709,68.005,0.18293,67.855,0.133,65.37,0.13378,68.07,0.13627
1,0.14,5,68.957,0.16255,67.575,0.16063,68.135,0.16482,68.924,0.13498,66.407,0.16211,67.876,0.15271
2,0.15,2,67.628,0.17602,67.056,0.15161,66.256,0.1723,65.911,0.13373,65.629,0.11565,66.062,0.13518
2,0.15,3,67.887,0.17743,66.991,0.14042,66.451,0.17562,67.272,0.14881,65.888,0.1197,66.839,0.15562
2,0.15,4,68.568,0.1776,67.51,0.1709,68.005,0.18293,68.049,0.14486,66.148,0.13531,68.523,0.15969
1,0.15,5,68.957,0.16255,67.575,0.16063,68.135,0.16482,68.957,0.14046,66.537,0.15504,67.94,0.15538
2,0.16,2,67.628,0.17602,67.056,0.15161,66.256,0.1723,65.911,0.13373,65.629,0.11565,66.062,0.13518
2,0.16,3,67.887,0.17743,66.991,0.14042,66.451,0.17562,67.272,0.14881,65.888,0.1197,66.839,0.15562
2,0.16,4,68.568,0.1776,67.51,0.1709,68.005,0.18293,68.049,0.14486,66.148,0.13531,68.523,0.15969
1,0.16,5,68.957,0.16255,67.575,0.16063,68.135,0.16482,68.957,0.15835,67.315,0.1559,68.07,0.15821
2,0.17,2,67.628,0.17602,67.056,0.15161,66.256,0.1723,65.911,0.13373,65.629,0.11565,66.062,0.13518
2,0.17,3,67.887,0.17743,66.991,0.14042,66.451,0.17562,67.272,0.14881,65.888,0.1197,66.839,0.15562
2,0.17,4,68.568,0.1776,67.51,0.1709,68.005,0.18293,68.049,0.14486,66.148,0.13531,68.523,0.15969
1,0.17,5,68.957,0.16255,67.575,0.16063,68.135,0.16482,68.957,0.16255,67.575,0.16063,68.135,0.16482
2,0.18,2,67.628,0.17602,67.056,0.15161,66.256,0.1723,67.628,0.17602,67.056,0.15161,66.256,0.1723
2,0.18,3,67.887,0.17743,66.991,0.14042,66.451,0.17562,67.887,0.17743,66.991,0.14042,66.451,0.17562
2,0.18,4,68.568,0.1776,67.51,0.1709,68.005,0.18293,68.568,0.1776,67.51,0.1709,68.005,0.18293
1,0.18,5,68.957,0.16255,67.575,0.16063,68.135,0.16482,68.957,0.16255,67.575,0.16063,68.135,0.16482
2,0.19,2,67.628,0.17602,67.056,0.15161,66.256,0.1723,67.628,0.17602,67.056,0.15161,66.256,0.1723
2,0.19,3,67.887,0.17743,66.991,0.14042,66.451,0.17562,67.887,0.17743,66.991,0.14042,66.451,0.17562
2,0.19,4,68.568,0.1776,67.51,0.1709,68.005,0.18293,68.568,0.1776,67.51,0.1709,68.005,0.18293
1,0.19,5,68.957,0.16255,67.575,0.16063,68.135,0.16482,68.957,0.16255,67.575,0.16063,68.135,0.16482
2,0.2,2,67.628,0.17602,67.056,0.15161,66.256,0.1723,67.628,0.17602,67.056,0.15161,66.256,0.1723
2,0.2,3,67.887,0.17743,66.991,0.14042,66.451,0.17562,67.887,0.17743,66.991,0.14042,66.451,0.17562
2,0.2,4,68.568,0.1776,67.51,0.1709,68.005,0.18293,68.568,0.1776,67.51,0.1709,68.005,0.18293
1,0.2,5,68.957,0.16255,67.575,0.16063,68.135,0.16482,68.957,0.16255,67.575,0.16063,68.135,0.16482
2,0.21,2,67.628,0.17602,67.056,0.15161,66.256,0.1723,67.628,0.17602,67.056,0.15161,66.256,0.1723
2,0.21,3,67.887,0.17743,66.991,0.14042,66.451,0.17562,67.887,0.17743,66.991,0.14042,66.451,0.17562
2,0.21,4,68.568,0.1776,67.51,0.1709,68.005,0.18293,68.568,0.1776,67.51,0.1709,68.005,0.18293
1,0.21,5,68.957,0.16255,67.575,0.16063,68.135,0.16482,68.957,0.16255,67.575,0.16063,68.135,0.16482
2,0.22,2,67.628,0.17602,67.056,0.15161,66.256,0.1723,67.628,0.17602,67.056,0.15161,66.256,0.1723
2,0.22,3,67.887,0.17743,66.991,0.14042,66.451,0.17562,67.887,0.17743,66.991,0.14042,66.451,0.17562
2,0.22,4,68.568,0.1776,67.51,0.1709,68.005,0.18293,68.568,0.1776,67.51,0.1709,68.005,0.18293
1,0.22,5,68.957,0.16255,67.575,0.16063,68.135,0.16482,68.957,0.16255,67.575,0.16063,68.135,0.16482
2,0.23,2,67.628,0.17602,67.056,0.15161,66.256,0.1723,67.628,0.17602,67.056,0.15161,66.256,0.1723
2,0.23,3,67.887,0.17743,66.991,0.14042,66.451,0.17562,67.887,0.17743,66.991,0.14042,66.451,0.17562
2,0.23,4,68.568,0.1776,67.51,0.1709,68.005,0.18293,68.568,0.1776,67.51,0.1709,68.005,0.18293
1,0.23,5,68.957,0.16255,67.575,0.16063,68.135,0.16482,68.957,0.16255,67.575,0.16063,68.135,0.16482
2,0.24,2,67.628,0.17602,67.056,0.15161,66.256,0.1723,67.628,0.17602,67.056,0.15161,66.256,0.1723
2,0.24,3,67.887,0.17743,66.991,0.14042,66.451,0.17562,67.887,0.17743,66.991,0.14042,66.451,0.17562
2,0.24,4,68.568,0.1776,67.51,0.1709,68.005,0.18293,68.568,0.1776,67.51,0.1709,68.005,0.18293
1,0.24,5,68.957,0.16255,67.575,0.16063,68.135,0.16482,68.957,0.16255,67.575,0.16063,68.135,0.16482
2,0.25,2,67.628,0.17602,67.056,0.15161,66.256,0.1723,67.628,0.17602,67.056,0.15161,66.256,0.1723
2,0.25,3,67.887,0.17743,66.991,0.14042,66.451,0.17562,67.887,0.17743,66.991,0.14042,66.451,0.17562
2,0.25,4,68.568,0.1776,67.51,0.1709,68.005,0.18293,68.568,0.1776,67.51,0.1709,68.005,0.18293
1,0.25,5,68.957,0.16255,67.575,0.16063,68.135,0.16482,68.957,0.16255,67.575,0.16063,68.135,0.16482
2,0.26,2,67.628,0.17602,67.056,0.15161,66.256,0.1723,67.628,0.17602,67.056,0.15161,66.256,0.1723
2,0.26,3,67.887,0.17743,66.991,0.14042,66.451,0.17562,67.887,0.17743,66.991,0.14042,66.451,0.17562
2,0.26,4,68.568,0.1776,67.51,0.1709,68.005,0.18293,68.568,0.1776,67.51,0.1709,68.005,0.18293
1,0.26,5,68.957,0.16255,67.575,0.16063,68.135,0.16482,68.957,0.16255,67.575,0.16063,68.135,0.16482
2,0.27,2,67.628,0.17602,67.056,0.15161,66.256,0.1723,67.628,0.17602,67.056,0.15161,66.256,0.1723
2,0.27,3,67.887,0.17743,66.991,0.14042,66.451,0.17562,67.887,0.17743,66.991,0.14042,66.451,0.17562
2,0.27,4,68.568,0.1776,67.51,0.1709,68.005,0.18293,68.568,0.1776,67.51,0.1709,68.005,0.18293
1,0.27,5,68.957,0.16255,67.575,0.16063,68.135,0.16482,68.957,0.16255,67.575,0.16063,68.135,0.16482
2,0.28,2,67.628,0.17602,67.056,0.15161,66.256,0.1723,67.628,0.17602,67.056,0.15161,66.256,0.1723
2,0.28,3,67.887,0.17743,66.991,0.14042,66.451,0.17562,67.887,0.17743,66.991,0.14042,66.451,0.17562
2,0.28,4,68.568,0.1776,67.51,0.1709,68.005,0.18293,68.568,0.1776,67.51,0.1709,68.005,0.18293
1,0.28,5,68.957,0.16255,67.575,0.16063,68.135,0.16482,68.957,0.16255,67.575,0.16063,68.135,0.16482
2,0.29,2,67.628,0.17602,67.056,0.15161,66.256,0.1723,67.628,0.17602,67.056,0.15161,66.256,0.1723
2,0.29,3,67.887,0.17743,66.991,0.14042,66.451,0.17562,67.887,0.17743,66.991,0.14042,66.451,0.17562
2,0.29,4,68.568,0.1776,67.51,0.1709,68.005,0.18293,68.568,0.1776,67.51,0.1709,68.005,0.18293
1,0.29,5,68.957,0.16255,67.575,0.16063,68.135,0.16482,68.957,0.16255,67.575,0.16063,68.135,0.16482
2,0.3,2,67.628,0.17602,67.056,0.15161,66.256,0.1723,67.628,0.17602,67.056,0.15161,66.256,0.1723
2,0.3,3,67.887,0.17743,66.991,0.14042,66.451,0.17562,67.887,0.17743,66.991,0.14042,66.451,0.17562
2,0.3,4,68.568,0.1776,67.51,0.1709,68.005,0.18293,68.568,0.1776,67.51,0.1709,68.005,0.18293
1,0.3,5,68.957,0.16255,67.575,0.16063,68.135,0.16482,68.957,0.16255,67.575,0.16063,68.135,0.16482
2,0.31,2,67.628,0.17602,67.056,0.15161,66.256,0.1723,67.628,0.17602,67.056,0.15161,66.256,0.1723
2,0.31,3,67.887,0.17743,66.991,0.14042,66.451,0.17562,67.887,0.17743,66.991,0.14042,66.451,0.17562
2,0.31,4,68.568,0.1776,67.51,0.1709,68.005,0.18293,68.568,0.1776,67.51,0.1709,68.005,0.18293
1,0.31,5,68.957,0.16255,67.575,0.16063,68.135,0.16482,68.957,0.16255,67.575,0.16063,68.135,0.16482
2,0.32,2,67.628,0.17602,67.056,0.15161,66.256,0.1723,67.628,0.17602,67.056,0.15161,66.256,0.1723
2,0.32,3,67.887,0.17743,66.991,0.14042,66.451,0.17562,67.887,0.17743,66.991,0.14042,66.451,0.17562
2,0.32,4,68.568,0.1776,67.51,0.1709,68.005,0.18293,68.568,0.1776,67.51,0.1709,68.005,0.18293
1,0.32,5,68.957,0.16255,67.575,0.16063,68.135,0.16482,68.957,0.16255,67.575,0.16063,68.135,0.16482
2,0.33,2,67.628,0.17602,67.056,0.15161,66.256,0.1723,67.628,0.17602,67.056,0.15161,66.256,0.1723
2,0.33,3,67.887,0.17743,66.991,0.14042,66.451,0.17562,67.887,0.17743,66.991,0.14042,66.451,0.17562
2,0.33,4,68.568,0.1776,67.51,0.1709,68.005,0.18293,68.568,0.1776,67.51,0.1709,68.005,0.18293
1,0.33,5,68.957,0.16255,67.575,0.16063,68.135,0.16482,68.957,0.16255,67.575,0.16063,68.135,0.16482
2,0.34,2,67.628,0.17602,67.056,0.15161,66.256,0.1723,67.628,0.17602,67.056,0.15161,66.256,0.1723
2,0.34,3,67.887,0.17743,66.991,0.14042,66.451,0.17562,67.887,0.17743,66.991,0.14042,66.451,0.17562
2,0.34,4,68.568,0.1776,67.51,0.1709,68.005,0.18293,68.568,0.1776,67.51,0.1709,68.005,0.18293
1,0.34,5,68.957,0.16255,67.575,0.16063,68.135,0.16482,68.957,0.16255,67.575,0.16063,68.135,0.16482
2,0.35,2,67.628,0.17602,67.056,0.15161,66.256,0.1723,67.628,0.17602,67.056,0.15161,66.256,0.1723
2,0.35,3,67.887,0.17743,66.991,0.14042,66.451,0.17562,67.887,0.17743,66.991,0.14042,66.451,0.17562
2,0.35,4,68.568,0.1776,67.51,0.1709,68.005,0.18293,68.568,0.1776,67.51,0.1709,68.005,0.18293
1,0.35,5,68.957,0.16255,67.575,0.16063,68.135,0.16482,68.957,0.16255,67.575,0.16063,68.135,0.16482
2,0.36,2,67.628,0.17602,67.056,0.15161,66.256,0.1723,67.628,0.17602,67.056,0.15161,66.256,0.1723
2,0.36,3,67.887,0.17743,66.991,0.14042,66.451,0.17562,67.887,0.17743,66.991,0.14042,66.451,0.17562
2,0.36,4,68.568,0.1776,67.51,0.1709,68.005,0.18293,68.568,0.1776,67.51,0.1709,68.005,0.18293
1,0.36,5,68.957,0.16255,67.575,0.16063,68.135,0.16482,68.957,0.16255,67.575,0.16063,68.135,0.16482
2,0.37,2,67.628,0.17602,67.056,0.15161,66.256,0.1723,67.628,0.17602,67.056,0.15161,66.256,0.1723
2,0.37,3,67.887,0.17743,66.991,0.14042,66.451,0.17562,67.887,0.17743,66.991,0.14042,66.451,0.17562
2,0.37,4,68.568,0.1776,67.51,0.1709,68.005,0.18293,68.568,0.1776,67.51,0.1709,68.005,0.18293
1,0.37,5,68.957,0.16255,67.575,0.16063,68.135,0.16482,68.957,0.16255,67.575,0.16063,68.135,0.16482
2,0.38,2,67.628,0.17602,67.056,0.15161,66.256,0.1723,67.628,0.17602,67.056,0.15161,66.256,0.1723
2,0.38,3,67.887,0.17743,66.991,0.14042,66.451,0.17562,67.887,0.17743,66.991,0.14042,66.451,0.17562
2,0.38,4,68.568,0.1776,67.51,0.1709,68.005,0.18293,68.568,0.1776,67.51,0.1709,68.005,0.18293
1,0.38,5,68.957,0.16255,67.575,0.16063,68.135,0.16482,68.957,0.16255,67.575,0.16063,68.135,0.16482
2,0.39,2,67.628,0.17602,67.056,0.15161,66.256,0.1723,67.628,0.17602,67.056,0.15161,66.256,0.1723
2,0.39,3,67.887,0.17743,66.991,0.14042,66.451,0.17562,67.887,0.17743,66.991,0.14042,66.451,0.17562
2,0.39,4,68.568,0.1776,67.51,0.1709,68.005,0.18293,68.568,0.1776,67.51,0.1709,68.005,0.18293
1,0.39,5,68.957,0.16255,67.575,0.16063,68.135,0.16482,68.957,0.16255,67.575,0.16063,68.135,0.16482
2,0.4,2,67.628,0.17602,67.056,0.15161,66.256,0.1723,67.628,0.17602,67.056,0.15161,66.256,0.1723
2,0.4,3,67.887,0.17743,66.991,0.14042,66.451,0.17562,67.887,0.17743,66.991,0.14042,66.451,0.17562
2,0.4,4,68.568,0.1776,67.51,0.1709,68.005,0.18293,68.568,0.1776,67.51,0.1709,68.005,0.18293
1,0.4,5,68.957,0.16255,67.575,0.16063,68.135,0.16482,68.957,0.16255,67.575,0.16063,68.135,0.16482
2,0.41,2,67.628,0.17602,67.056,0.15161,66.256,0.1723,67.628,0.17602,67.056,0.15161,66.256,0.1723
2,0.41,3,67.887,0.17743,66.991,0.14042,66.451,0.17562,67.887,0.17743,66.991,0.14042,66.451,0.17562
2,0.41,4,68.568,0.1776,67.51,0.1709,68.005,0.18293,68.568,0.1776,67.51,0.1709,68.005,0.18293
1,0.41,5,68.957,0.16255,67.575,0.16063,68.135,0.16482,68.957,0.16255,67.575,0.16063,68.135,0.16482
2,0.42,2,67.628,0.17602,67.056,0.15161,66.256,0.1723,67.628,0.17602,67.056,0.15161,66.256,0.1723
2,0.42,3,67.887,0.17743,66.991,0.14042,66.451,0.17562,67.887,0.17743,66.991,0.14042,66.451,0.17562
2,0.42,4,68.568,0.1776,67.51,0.1709,68.005,0.18293,68.568,0.1776,67.51,0.1709,68.005,0.18293
1,0.42,5,68.957,0.16255,67.575,0.16063,68.135,0.16482,68.957,0.16255,67.575,0.16063,68.135,0.16482
2,0.43,2,67.628,0.17602,67.056,0.15161,66.256,0.1723,67.628,0.17602,67.056,0.15161,66.256,0.1723
2,0.43,3,67.887,0.17743,66.991,0.14042,66.451,0.17562,67.887,0.17743,66.991,0.14042,66.451,0.17562
2,0.43,4,68.568,0.1776,67.51,0.1709,68.005,0.18293,68.568,0.1776,67.51,0.1709,68.005,0.18293
1,0.43,5,68.957,0.16255,67.575,0.16063,68.135,0.16482,68.957,0.16255,67.575,0.16063,68.135,0.16482
2,0.44,2,67.628,0.17602,67.056,0.15161,66.256,0.1723,67.628,0.17602,67.056,0.15161,66.256,0.1723
2,0.44,3,67.887,0.17743,66.991,0.14042,66.451,0.17562,67.887,0.17743,66.991,0.14042,66.451,0.17562
2,0.44,4,68.568,0.1776,67.51,0.1709,68.005,0.18293,68.568,0.1776,67.51,0.1709,68.005,0.18293
1,0.44,5,68.957,0.16255,67.575,0.16063,68.135,0.16482,68.957,0.16255,67.575,0.16063,68.135,0.16482
2,0.45,2,67.628,0.17602,67.056,0.15161,66.256,0.1723,67.628,0.17602,67.056,0.15161,66.256,0.1723
2,0.45,3,67.887,0.17743,66.991,0.14042,66.451,0.17562,67.887,0.17743,66.991,0.14042,66.451,0.17562
2,0.45,4,68.568,0.1776,67.51,0.1709,68.005,0.18293,68.568,0.1776,67.51,0.1709,68.005,0.18293
1,0.45,5,68.957,0.16255,67.575,0.16063,68.135,0.16482,68.957,0.16255,67.575,0.16063,68.135,0.16482
2,0.46,2,67.628,0.17602,67.056,0.15161,66.256,0.1723,67.628,0.17602,67.056,0.15161,66.256,0.1723
2,0.46,3,67.887,0.17743,66.991,0.14042,66.451,0.17562,67.887,0.17743,66.991,0.14042,66.451,0.17562
2,0.46,4,68.568,0.1776,67.51,0.1709,68.005,0.18293,68.568,0.1776,67.51,0.1709,68.005,0.18293
1,0.46,5,68.957,0.16255,67.575,0.16063,68.135,0.16482,68.957,0.16255,67.575,0.16063,68.135,0.16482
2,0.47,2,67.628,0.17602,67.056,0.15161,66.256,0.1723,67.628,0.17602,67.056,0.15161,66.256,0.1723
2,0.47,3,67.887,0.17743,66.991,0.14042,66.451,0.17562,67.887,0.17743,66.991,0.14042,66.451,0.17562
2,0.47,4,68.568,0.1776,67.51,0.1709,68.005,0.18293,68.568,0.1776,67.51,0.1709,68.005,0.18293
1,0.47,5,68.957,0.16255,67.575,0.16063,68.135,0.16482,68.957,0.16255,67.575,0.16063,68.135,0.16482
2,0.48,2,67.628,0.17602,67.056,0.15161,66.256,0.1723,67.628,0.17602,67.056,0.15161,66.256,0.1723
2,0.48,3,67.887,0.17743,66.991,0.14042,66.451,0.17562,67.887,0.17743,66.991,0.14042,66.451,0.17562
2,0.48,4,68.568,0.1776,67.51,0.1709,68.005,0.18293,68.568,0.1776,67.51,0.1709,68.005,0.18293
1,0.48,5,68.957,0.16255,67.575,0.16063,68.135,0.16482,68.957,0.16255,67.575,0.16063,68.135,0.16482
2,0.49,2,67.628,0.17602,67.056,0.15161,66.256,0.1723,67.628,0.17602,67.056,0.15161,66.256,0.1723
2,0.49,3,67.887,0.17743,66.991,0.14042,66.451,0.17562,67.887,0.17743,66.991,0.14042,66.451,0.17562
2,0.49,4,68.568,0.1776,67.51,0.1709,68.005,0.18293,68.568,0.1776,67.51,0.1709,68.005,0.18293
1,0.49,5,68.957,0.16255,67.575,0.16063,68.135,0.16482,68.957,0.16255,67.575,0.16063,68.135,0.16482
2,0.5,2,67.628,0.17602,67.056,0.15161,66.256,0.1723,67.628,0.17602,67.056,0.15161,66.256,0.1723
2,0.5,3,67.887,0.17743,66.991,0.14042,66.451,0.17562,67.887,0.17743,66.991,0.14042,66.451,0.17562
2,0.5,4,68.568,0.1776,67.51,0.1709,68.005,0.18293,68.568,0.1776,67.51,0.1709,68.005,0.18293
1,0.5,5,68.957,0.16255,67.575,0.16063,68.135,0.16482,68.957,0.16255,67.575,0.16063,68.135,0.16482
2,0.51,2,67.628,0.17602,67.056,0.15161,66.256,0.1723,67.628,0.17602,67.056,0.15161,66.256,0.1723
2,0.51,3,67.887,0.17743,66.991,0.14042,66.451,0.17562,67.887,0.17743,66.991,0.14042,66.451,0.17562
2,0.51,4,68.568,0.1776,67.51,0.1709,68.005,0.18293,68.568,0.1776,67.51,0.1709,68.005,0.18293
1,0.51,5,68.957,0.16255,67.575,0.16063,68.135,0.16482,68.957,0.16255,67.575,0.16063,68.135,0.16482
2,0.52,2,67.628,0.17602,67.056,0.15161,66.256,0.1723,67.628,0.17602,67.056,0.15161,66.256,0.1723
2,0.52,3,67.887,0.17743,66.991,0.14042,66.451,0.17562,67.887,0.17743,66.991,0.14042,66.451,0.17562
2,0.52,4,68.568,0.1776,67.51,0.1709,68.005,0.18293,68.568,0.1776,67.51,0.1709,68.005,0.18293
1,0.52,5,68.957,0.16255,67.575,0.16063,68.135,0.16482,68.957,0.16255,67.575,0.16063,68.135,0.16482
2,0.53,2,67.628,0.17602,67.056,0.15161,66.256,0.1723,67.628,0.17602,67.056,0.15161,66.256,0.1723
2,0.53,3,67.887,0.17743,66.991,0.14042,66.451,0.17562,67.887,0.17743,66.991,0.14042,66.451,0.17562
2,0.53,4,68.568,0.1776,67.51,0.1709,68.005,0.18293,68.568,0.1776,67.51,0.1709,68.005,0.18293
1,0.53,5,68.957,0.16255,67.575,0.16063,68.135,0.16482,68.957,0.16255,67.575,0.16063,68.135,0.16482
2,0.54,2,67.628,0.17602,67.056,0.15161,66.256,0.1723,67.628,0.17602,67.056,0.15161,66.256,0.1723
2,0.54,3,67.887,0.17743,66.991,0.14042,66.451,0.17562,67.887,0.17743,66.991,0.14042,66.451,0.17562
2,0.54,4,68.568,0.1776,67.51,0.1709,68.005,0.18293,68.568,0.1776,67.51,0.1709,68.005,0.18293
1,0.54,5,68.957,0.16255,67.575,0.16063,68.135,0.16482,68.957,0.16255,67.575,0.16063,68.135,0.16482
2,0.55,2,67.628,0.17602,67.056,0.15161,66.256,0.1723,67.628,0.17602,67.056,0.15161,66.256,0.1723
2,0.55,3,67.887,0.17743,66.991,0.14042,66.451,0.17562,67.887,0.17743,66.991,0.14042,66.451,0.17562
2,0.55,4,68.568,0.1776,67.51,0.1709,68.005,0.18293,68.568,0.1776,67.51,0.1709,68.005,0.18293
1,0.55,5,68.957,0.16255,67.575,0.16063,68.135,0.16482,68.957,0.16255,67.575,0.16063,68.135,0.16482
3,0.01,2,67.822,0.16021,67.834,0.17545,66.969,0.17224,57.453,0,58.301,0.0050637,59.391,0.023107
3,0.01,3,68.049,0.156,68.418,0.17318,67.098,0.16332,57.161,0,57.717,0.021734,58.096,0.046235
3,0.01,4,68.438,0.15857,68.029,0.17465,67.098,0.15975,60.823,0,59.079,0.037484,59.974,0.090364
3,0.02,2,67.822,0.16021,67.834,0.17545,66.969,0.17224,57.453,0,58.301,0.0050637,59.391,0.023107
3,0.02,3,68.049,0.156,68.418,0.17318,67.098,0.16332,57.161,0,57.717,0.021734,58.096,0.046235
3,0.02,4,68.438,0.15857,68.029,0.17465,67.098,0.15975,60.823,0,59.079,0.037484,59.974,0.090364
3,0.03,2,67.822,0.16021,67.834,0.17545,66.969,0.17224,57.453,0,58.301,0.0050637,59.391,0.023107
3,0.03,3,68.049,0.156,68.418,0.17318,67.098,0.16332,57.161,0,57.717,0.021734,58.096,0.046235
3,0.03,4,68.438,0.15857,68.029,0.17465,67.098,0.15975,60.823,0,59.079,0.037484,59.974,0.090364
3,0.04,2,67.822,0.16021,67.834,0.17545,66.969,0.17224,57.453,0,58.301,0.0050637,59.391,0.023107
3,0.04,3,68.049,0.156,68.418,0.17318,67.098,0.16332,57.161,0,57.717,0.021734,58.096,0.046235
3,0.04,4,68.438,0.15857,68.029,0.17465,67.098,0.15975,60.823,0,59.079,0.037484,59.974,0.090364
3,0.05,2,67.822,0.16021,67.834,0.17545,66.969,0.17224,57.453,0,58.301,0.0050637,59.391,0.023107
3,0.05,3,68.049,0.156,68.418,0.17318,67.098,0.16332,57.161,0,57.717,0.021734,58.096,0.046235
3,0.05,4,68.438,0.15857,68.029,0.17465,67.098,0.15975,60.823,0,59.079,0.037484,59.974,0.090364
3,0.06,2,67.822,0.16021,67.834,0.17545,66.969,0.17224,57.453,0,58.301,0.0050637,59.391,0.023107
3,0.06,3,68.049,0.156,68.418,0.17318,67.098,0.16332,57.161,0,57.717,0.021734,58.096,0.046235
3,0.06,4,68.438,0.15857,68.029,0.17465,67.098,0.15975,60.823,0,59.079,0.037484,59.974,0.090364
3,0.07,2,67.822,0.16021,67.834,0.17545,66.969,0.17224,57.453,0,58.301,0.0050637,59.391,0.023107
3,0.07,3,68.049,0.156,68.418,0.17318,67.098,0.16332,63.642,0.069995,64.332,0.095745,64.832,0.12062
3,0.07,4,68.438,0.15857,68.029,0.17465,67.098,0.15975,65.068,0.067045,63.684,0.082664,65.091,0.12397
3,0.08,2,67.822,0.16021,67.834,0.17545,66.969,0.17224,57.453,0,58.301,0.0050637,59.391,0.023107
3,0.08,3,68.049,0.156,68.418,0.17318,67.098,0.16332,63.642,0.069995,64.332,0.095745,64.832,0.12062
3,0.08,4,68.438,0.15857,68.029,0.17465,67.098,0.15975,65.684,0.078412,63.943,0.09507,65.285,0.12645
3,0.09,2,67.822,0.16021,67.834,0.17545,66.969,0.17224,57.453,0,58.301,0.0050637,59.391,0.023107
3,0.09,3,68.049,0.156,68.418,0.17318,67.098,0.16332,63.642,0.069995,64.332,0.095745,64.832,0.12062
3,0.09,4,68.438,0.15857,68.029,0.17465,67.098,0.15975,66.235,0.089673,64.981,0.11215,65.479,0.13763
3,0.1,2,67.822,0.16021,67.834,0.17545,66.969,0.17224,57.453,0,58.301,0.0050637,59.391,0.023107
3,0.1,3,68.049,0.156,68.418,0.17318,67.098,0.16332,63.642,0.069995,64.332,0.095745,64.832,0.12062
3,0.1,4,68.438,0.15857,68.029,0.17465,67.098,0.15975,66.235,0.089673,64.981,0.11215,65.479,0.13763
3,0.11,2,67.822,0.16021,67.834,0.17545,66.969,0.17224,57.453,0,58.301,0.0050637,59.391,0.023107
3,0.11,3,68.049,0.156,68.418,0.17318,67.098,0.16332,65.489,0.10043,67.121,0.13674,66.192,0.15157
3,0.11,4,68.438,0.15857,68.029,0.17465,67.098,0.15975,66.235,0.089673,64.981,0.11215,65.479,0.13763
3,0.12,2,67.822,0.16021,67.834,0.17545,66.969,0.17224,57.453,0,58.301,0.0050637,59.391,0.023107
3,0.12,3,68.049,0.156,68.418,0.17318,67.098,0.16332,65.489,0.10043,67.121,0.13674,66.192,0.15157
3,0.12,4,68.438,0.15857,68.029,0.17465,67.098,0.15975,66.235,0.089673,64.981,0.11215,65.479,0.13763
3,0.13,2,67.822,0.16021,67.834,0.17545,66.969,0.17224,66.04,0.12501,65.629,0.13125,65.803,0.13701
3,0.13,3,68.049,0.156,68.418,0.17318,67.098,0.16332,65.489,0.10043,67.121,0.13674,66.192,0.15157
3,0.13,4,68.438,0.15857,68.029,0.17465,67.098,0.15975,67.628,0.12994,66.018,0.14041,65.868,0.14508
3,0.14,2,67.822,0.16021,67.834,0.17545,66.969,0.17224,66.04,0.12501,65.629,0.13125,65.803,0.13701
3,0.14,3,68.049,0.156,68.418,0.17318,67.098,0.16332,65.489,0.10043,67.121,0.13674,66.192,0.15157
3,0.14,4,68.438,0.15857,68.029,0.17465,67.098,0.15975,67.628,0.12994,66.018,0.14041,65.868,0.14508
3,0.15,2,67.822,0.16021,67.834,0.17545,66.969,0.17224,66.04,0.12501,65.629,0.13125,65.803,0.13701
3,0.15,3,68.049,0.156,68.418,0.17318,67.098,0.16332,65.489,0.10043,67.121,0.13674,66.192,0.15157
3,0.15,4,68.438,0.15857,68.029,0.17465,67.098,0.15975,67.628,0.12994,66.018,0.14041,65.868,0.14508
3,0.16,2,67.822,0.16021,67.834,0.17545,66.969,0.17224,66.04,0.12501,65.629,0.13125,65.803,0.13701
3,0.16,3,68.049,0.156,68.418,0.17318,67.098,0.16332,68.049,0.156,68.418,0.17318,67.098,0.16332
3,0.16,4,68.438,0.15857,68.029,0.17465,67.098,0.15975,68.438,0.15857,68.029,0.17465,67.098,0.15975
3,0.17,2,67.822,0.16021,67.834,0.17545,66.969,0.17224,67.822,0.16021,67.834,0.17545,66.969,0.17224
3,0.17,3,68.049,0.156,68.418,0.17318,67.098,0.16332,68.049,0.156,68.418,0.17318,67.098,0.16332
3,0.17,4,68.438,0.15857,68.029,0.17465,67.098,0.15975,68.438,0.15857,68.029,0.17465,67.098,0.15975
3,0.18,2,67.822,0.16021,67.834,0.17545,66.969,0.17224,67.822,0.16021,67.834,0.17545,66.969,0.17224
3,0.18,3,68.049,0.156,68.418,0.17318,67.098,0.16332,68.049,0.156,68.418,0.17318,67.098,0.16332
3,0.18,4,68.438,0.15857,68.029,0.17465,67.098,0.15975,68.438,0.15857,68.029,0.17465,67.098,0.15975
3,0.19,2,67.822,0.16021,67.834,0.17545,66.969,0.17224,67.822,0.16021,67.834,0.17545,66.969,0.17224
3,0.19,3,68.049,0.156,68.418,0.17318,67.098,0.16332,68.049,0.156,68.418,0.17318,67.098,0.16332
3,0.19,4,68.438,0.15857,68.029,0.17465,67.098,0.15975,68.438,0.15857,68.029,0.17465,67.098,0.15975
3,0.2,2,67.822,0.16021,67.834,0.17545,66.969,0.17224,67.822,0.16021,67.834,0.17545,66.969,0.17224
3,0.2,3,68.049,0.156,68.418,0.17318,67.098,0.16332,68.049,0.156,68.418,0.17318,67.098,0.16332
3,0.2,4,68.438,0.15857,68.029,0.17465,67.098,0.15975,68.438,0.15857,68.029,0.17465,67.098,0.15975
3,0.21,2,67.822,0.16021,67.834,0.17545,66.969,0.17224,67.822,0.16021,67.834,0.17545,66.969,0.17224
3,0.21,3,68.049,0.156,68.418,0.17318,67.098,0.16332,68.049,0.156,68.418,0.17318,67.098,0.16332
3,0.21,4,68.438,0.15857,68.029,0.17465,67.098,0.15975,68.438,0.15857,68.029,0.17465,67.098,0.15975
3,0.22,2,67.822,0.16021,67.834,0.17545,66.969,0.17224,67.822,0.16021,67.834,0.17545,66.969,0.17224
3,0.22,3,68.049,0.156,68.418,0.17318,67.098,0.16332,68.049,0.156,68.418,0.17318,67.098,0.16332
3,0.22,4,68.438,0.15857,68.029,0.17465,67.098,0.15975,68.438,0.15857,68.029,0.17465,67.098,0.15975
3,0.23,2,67.822,0.16021,67.834,0.17545,66.969,0.17224,67.822,0.16021,67.834,0.17545,66.969,0.17224
3,0.23,3,68.049,0.156,68.418,0.17318,67.098,0.16332,68.049,0.156,68.418,0.17318,67.098,0.16332
3,0.23,4,68.438,0.15857,68.029,0.17465,67.098,0.15975,68.438,0.15857,68.029,0.17465,67.098,0.15975
3,0.24,2,67.822,0.16021,67.834,0.17545,66.969,0.17224,67.822,0.16021,67.834,0.17545,66.969,0.17224
3,0.24,3,68.049,0.156,68.418,0.17318,67.098,0.16332,68.049,0.156,68.418,0.17318,67.098,0.16332
3,0.24,4,68.438,0.15857,68.029,0.17465,67.098,0.15975,68.438,0.15857,68.029,0.17465,67.098,0.15975
3,0.25,2,67.822,0.16021,67.834,0.17545,66.969,0.17224,67.822,0.16021,67.834,0.17545,66.969,0.17224
3,0.25,3,68.049,0.156,68.418,0.17318,67.098,0.16332,68.049,0.156,68.418,0.17318,67.098,0.16332
3,0.25,4,68.438,0.15857,68.029,0.17465,67.098,0.15975,68.438,0.15857,68.029,0.17465,67.098,0.15975
3,0.26,2,67.822,0.16021,67.834,0.17545,66.969,0.17224,67.822,0.16021,67.834,0.17545,66.969,0.17224
3,0.26,3,68.049,0.156,68.418,0.17318,67.098,0.16332,68.049,0.156,68.418,0.17318,67.098,0.16332
3,0.26,4,68.438,0.15857,68.029,0.17465,67.098,0.15975,68.438,0.15857,68.029,0.17465,67.098,0.15975
3,0.27,2,67.822,0.16021,67.834,0.17545,66.969,0.17224,67.822,0.16021,67.834,0.17545,66.969,0.17224
3,0.27,3,68.049,0.156,68.418,0.17318,67.098,0.16332,68.049,0.156,68.418,0.17318,67.098,0.16332
3,0.27,4,68.438,0.15857,68.029,0.17465,67.098,0.15975,68.438,0.15857,68.029,0.17465,67.098,0.15975
3,0.28,2,67.822,0.16021,67.834,0.17545,66.969,0.17224,67.822,0.16021,67.834,0.17545,66.969,0.17224
3,0.28,3,68.049,0.156,68.418,0.17318,67.098,0.16332,68.049,0.156,68.418,0.17318,67.098,0.16332
3,0.28,4,68.438,0.15857,68.029,0.17465,67.098,0.15975,68.438,0.15857,68.029,0.17465,67.098,0.15975
3,0.29,2,67.822,0.16021,67.834,0.17545,66.969,0.17224,67.822,0.16021,67.834,0.17545,66.969,0.17224
3,0.29,3,68.049,0.156,68.418,0.17318,67.098,0.16332,68.049,0.156,68.418,0.17318,67.098,0.16332
3,0.29,4,68.438,0.15857,68.029,0.17465,67.098,0.15975,68.438,0.15857,68.029,0.17465,67.098,0.15975
3,0.3,2,67.822,0.16021,67.834,0.17545,66.969,0.17224,67.822,0.16021,67.834,0.17545,66.969,0.17224
3,0.3,3,68.049,0.156,68.418,0.17318,67.098,0.16332,68.049,0.156,68.418,0.17318,67.098,0.16332
3,0.3,4,68.438,0.15857,68.029,0.17465,67.098,0.15975,68.438,0.15857,68.029,0.17465,67.098,0.15975
3,0.31,2,67.822,0.16021,67.834,0.17545,66.969,0.17224,67.822,0.16021,67.834,0.17545,66.969,0.17224
3,0.31,3,68.049,0.156,68.418,0.17318,67.098,0.16332,68.049,0.156,68.418,0.17318,67.098,0.16332
3,0.31,4,68.438,0.15857,68.029,0.17465,67.098,0.15975,68.438,0.15857,68.029,0.17465,67.098,0.15975
3,0.32,2,67.822,0.16021,67.834,0.17545,66.969,0.17224,67.822,0.16021,67.834,0.17545,66.969,0.17224
3,0.32,3,68.049,0.156,68.418,0.17318,67.098,0.16332,68.049,0.156,68.418,0.17318,67.098,0.16332
3,0.32,4,68.438,0.15857,68.029,0.17465,67.098,0.15975,68.438,0.15857,68.029,0.17465,67.098,0.15975
3,0.33,2,67.822,0.16021,67.834,0.17545,66.969,0.17224,67.822,0.16021,67.834,0.17545,66.969,0.17224
3,0.33,3,68.049,0.156,68.418,0.17318,67.098,0.16332,68.049,0.156,68.418,0.17318,67.098,0.16332
3,0.33,4,68.438,0.15857,68.029,0.17465,67.098,0.15975,68.438,0.15857,68.029,0.17465,67.098,0.15975
3,0.34,2,67.822,0.16021,67.834,0.17545,66.969,0.17224,67.822,0.16021,67.834,0.17545,66.969,0.17224
3,0.34,3,68.049,0.156,68.418,0.17318,67.098,0.16332,68.049,0.156,68.418,0.17318,67.098,0.16332
3,0.34,4,68.438,0.15857,68.029,0.17465,67.098,0.15975,68.438,0.15857,68.029,0.17465,67.098,0.15975
3,0.35,2,67.822,0.16021,67.834,0.17545,66.969,0.17224,67.822,0.16021,67.834,0.17545,66.969,0.17224
3,0.35,3,68.049,0.156,68.418,0.17318,67.098,0.16332,68.049,0.156,68.418,0.17318,67.098,0.16332
3,0.35,4,68.438,0.15857,68.029,0.17465,67.098,0.15975,68.438,0.15857,68.029,0.17465,67.098,0.15975
3,0.36,2,67.822,0.16021,67.834,0.17545,66.969,0.17224,67.822,0.16021,67.834,0.17545,66.969,0.17224
3,0.36,3,68.049,0.156,68.418,0.17318,67.098,0.16332,68.049,0.156,68.418,0.17318,67.098,0.16332
3,0.36,4,68.438,0.15857,68.029,0.17465,67.098,0.15975,68.438,0.15857,68.029,0.17465,67.098,0.15975
3,0.37,2,67.822,0.16021,67.834,0.17545,66.969,0.17224,67.822,0.16021,67.834,0.17545,66.969,0.17224
3,0.37,3,68.049,0.156,68.418,0.17318,67.098,0.16332,68.049,0.156,68.418,0.17318,67.098,0.16332
3,0.37,4,68.438,0.15857,68.029,0.17465,67.098,0.15975,68.438,0.15857,68.029,0.17465,67.098,0.15975
3,0.38,2,67.822,0.16021,67.834,0.17545,66.969,0.17224,67.822,0.16021,67.834,0.17545,66.969,0.17224
3,0.38,3,68.049,0.156,68.418,0.17318,67.098,0.16332,68.049,0.156,68.418,0.17318,67.098,0.16332
3,0.38,4,68.438,0.15857,68.029,0.17465,67.098,0.15975,68.438,0.15857,68.029,0.17465,67.098,0.15975
3,0.39,2,67.822,0.16021,67.834,0.17545,66.969,0.17224,67.822,0.16021,67.834,0.17545,66.969,0.17224
3,0.39,3,68.049,0.156,68.418,0.17318,67.098,0.16332,68.049,0.156,68.418,0.17318,67.098,0.16332
3,0.39,4,68.438,0.15857,68.029,0.17465,67.098,0.15975,68.438,0.15857,68.029,0.17465,67.098,0.15975
3,0.4,2,67.822,0.16021,67.834,0.17545,66.969,0.17224,67.822,0.16021,67.834,0.17545,66.969,0.17224
3,0.4,3,68.049,0.156,68.418,0.17318,67.098,0.16332,68.049,0.156,68.418,0.17318,67.098,0.16332
3,0.4,4,68.438,0.15857,68.029,0.17465,67.098,0.15975,68.438,0.15857,68.029,0.17465,67.098,0.15975
3,0.41,2,67.822,0.16021,67.834,0.17545,66.969,0.17224,67.822,0.16021,67.834,0.17545,66.969,0.17224
3,0.41,3,68.049,0.156,68.418,0.17318,67.098,0.16332,68.049,0.156,68.418,0.17318,67.098,0.16332
3,0.41,4,68.438,0.15857,68.029,0.17465,67.098,0.15975,68.438,0.15857,68.029,0.17465,67.098,0.15975
3,0.42,2,67.822,0.16021,67.834,0.17545,66.969,0.17224,67.822,0.16021,67.834,0.17545,66.969,0.17224
3,0.42,3,68.049,0.156,68.418,0.17318,67.098,0.16332,68.049,0.156,68.418,0.17318,67.098,0.16332
3,0.42,4,68.438,0.15857,68.029,0.17465,67.098,0.15975,68.438,0.15857,68.029,0.17465,67.098,0.15975
3,0.43,2,67.822,0.16021,67.834,0.17545,66.969,0.17224,67.822,0.16021,67.834,0.17545,66.969,0.17224
3,0.43,3,68.049,0.156,68.418,0.17318,67.098,0.16332,68.049,0.156,68.418,0.17318,67.098,0.16332
3,0.43,4,68.438,0.15857,68.029,0.17465,67.098,0.15975,68.438,0.15857,68.029,0.17465,67.098,0.15975
3,0.44,2,67.822,0.16021,67.834,0.17545,66.969,0.17224,67.822,0.16021,67.834,0.17545,66.969,0.17224
3,0.44,3,68.049,0.156,68.418,0.17318,67.098,0.16332,68.049,0.156,68.418,0.17318,67.098,0.16332
3,0.44,4,68.438,0.15857,68.029,0.17465,67.098,0.15975,68.438,0.15857,68.029,0.17465,67.098,0.15975
3,0.45,2,67.822,0.16021,67.834,0.17545,66.969,0.17224,67.822,0.16021,67.834,0.17545,66.969,0.17224
3,0.45,3,68.049,0.156,68.418,0.17318,67.098,0.16332,68.049,0.156,68.418,0.17318,67.098,0.16332
3,0.45,4,68.438,0.15857,68.029,0.17465,67.098,0.15975,68.438,0.15857,68.029,0.17465,67.098,0.15975
3,0.46,2,67.822,0.16021,67.834,0.17545,66.969,0.17224,67.822,0.16021,67.834,0.17545,66.969,0.17224
3,0.46,3,68.049,0.156,68.418,0.17318,67.098,0.16332,68.049,0.156,68.418,0.17318,67.098,0.16332
3,0.46,4,68.438,0.15857,68.029,0.17465,67.098,0.15975,68.438,0.15857,68.029,0.17465,67.098,0.15975
3,0.47,2,67.822,0.16021,67.834,0.17545,66.969,0.17224,67.822,0.16021,67.834,0.17545,66.969,0.17224
3,0.47,3,68.049,0.156,68.418,0.17318,67.098,0.16332,68.049,0.156,68.418,0.17318,67.098,0.16332
3,0.47,4,68.438,0.15857,68.029,0.17465,67.098,0.15975,68.438,0.15857,68.029,0.17465,67.098,0.15975
3,0.48,2,67.822,0.16021,67.834,0.17545,66.969,0.17224,67.822,0.16021,67.834,0.17545,66.969,0.17224
3,0.48,3,68.049,0.156,68.418,0.17318,67.098,0.16332,68.049,0.156,68.418,0.17318,67.098,0.16332
3,0.48,4,68.438,0.15857,68.029,0.17465,67.098,0.15975,68.438,0.15857,68.029,0.17465,67.098,0.15975
3,0.49,2,67.822,0.16021,67.834,0.17545,66.969,0.17224,67.822,0.16021,67.834,0.17545,66.969,0.17224
3,0.49,3,68.049,0.156,68.418,0.17318,67.098,0.16332,68.049,0.156,68.418,0.17318,67.098,0.16332
3,0.49,4,68.438,0.15857,68.029,0.17465,67.098,0.15975,68.438,0.15857,68.029,0.17465,67.098,0.15975
3,0.5,2,67.822,0.16021,67.834,0.17545,66.969,0.17224,67.822,0.16021,67.834,0.17545,66.969,0.17224
3,0.5,3,68.049,0.156,68.418,0.17318,67.098,0.16332,68.049,0.156,68.418,0.17318,67.098,0.16332
3,0.5,4,68.438,0.15857,68.029,0.17465,67.098,0.15975,68.438,0.15857,68.029,0.17465,67.098,0.15975
3,0.51,2,67.822,0.16021,67.834,0.17545,66.969,0.17224,67.822,0.16021,67.834,0.17545,66.969,0.17224
3,0.51,3,68.049,0.156,68.418,0.17318,67.098,0.16332,68.049,0.156,68.418,0.17318,67.098,0.16332
3,0.51,4,68.438,0.15857,68.029,0.17465,67.098,0.15975,68.438,0.15857,68.029,0.17465,67.098,0.15975
3,0.52,2,67.822,0.16021,67.834,0.17545,66.969,0.17224,67.822,0.16021,67.834,0.17545,66.969,0.17224
3,0.52,3,68.049,0.156,68.418,0.17318,67.098,0.16332,68.049,0.156,68.418,0.17318,67.098,0.16332
3,0.52,4,68.438,0.15857,68.029,0.17465,67.098,0.15975,68.438,0.15857,68.029,0.17465,67.098,0.15975
3,0.53,2,67.822,0.16021,67.834,0.17545,66.969,0.17224,67.822,0.16021,67.834,0.17545,66.969,0.17224
3,0.53,3,68.049,0.156,68.418,0.17318,67.098,0.16332,68.049,0.156,68.418,0.17318,67.098,0.16332
3,0.53,4,68.438,0.15857,68.029,0.17465,67.098,0.15975,68.438,0.15857,68.029,0.17465,67.098,0.15975
3,0.54,2,67.822,0.16021,67.834,0.17545,66.969,0.17224,67.822,0.16021,67.834,0.17545,66.969,0.17224
3,0.54,3,68.049,0.156,68.418,0.17318,67.098,0.16332,68.049,0.156,68.418,0.17318,67.098,0.16332
3,0.54,4,68.438,0.15857,68.029,0.17465,67.098,0.15975,68.438,0.15857,68.029,0.17465,67.098,0.15975
3,0.55,2,67.822,0.16021,67.834,0.17545,66.969,0.17224,67.822,0.16021,67.834,0.17545,66.969,0.17224
3,0.55,3,68.049,0.156,68.418,0.17318,67.098,0.16332,68.049,0.156,68.418,0.17318,67.098,0.16332
3,0.55,4,68.438,0.15857,68.029,0.17465,67.098,0.15975,68.438,0.15857,68.029,0.17465,67.098,0.15975
4,0.01,2,67.142,0.14636,66.342,0.14164,65.997,0.14367,58.296,0.0041732,56.939,-0.024305,59.067,0.012706
4,0.01,3,68.373,0.17827,67.834,0.18769,65.997,0.19847,58.782,0,57.004,-0.0292,58.614,-0.0009957
4,0.01,4,69.054,0.14824,68.677,0.16647,66.71,0.18119,60.499,0,59.339,-0.0011735,60.039,0.048583
4,0.02,2,67.142,0.14636,66.342,0.14164,65.997,0.14367,58.296,0.0041732,56.939,-0.024305,59.067,0.012706
4,0.02,3,68.373,0.17827,67.834,0.18769,65.997,0.19847,58.782,0,57.004,-0.0292,58.614,-0.0009957
4,0.02,4,69.054,0.14824,68.677,0.16647,66.71,0.18119,60.499,0,59.339,-0.0011735,60.039,0.048583
4,0.03,2,67.142,0.14636,66.342,0.14164,65.997,0.14367,58.296,0.0041732,56.939,-0.024305,59.067,0.012706
4,0.03,3,68.373,0.17827,67.834,0.18769,65.997,0.19847,58.782,0,57.004,-0.0292,58.614,-0.0009957
4,0.03,4,69.054,0.14824,68.677,0.16647,66.71,0.18119,63.351,0.027143,62.451,0.084658,61.982,0.096038
4,0.04,2,67.142,0.14636,66.342,0.14164,65.997,0.14367,58.296,0.0041732,56.939,-0.024305,59.067,0.012706
4,0.04,3,68.373,0.17827,67.834,0.18769,65.997,0.19847,61.828,0.03943,60.441,0.06038,60.687,0.052083
4,0.04,4,69.054,0.14824,68.677,0.16647,66.71,0.18119,63.351,0.027143,62.451,0.084658,61.982,0.096038
4,0.05,2,67.142,0.14636,66.342,0.14164,65.997,0.14367,58.296,0.0041732,56.939,-0.024305,59.067,0.012706
4,0.05,3,68.373,0.17827,67.834,0.18769,65.997,0.19847,61.828,0.03943,60.441,0.06038,60.687,0.052083
4,0.05,4,69.054,0.14824,68.677,0.16647,66.71,0.18119,64.258,0.043453,62.905,0.087058,62.111,0.10327
4,0.06,2,67.142,0.14636,66.342,0.14164,65.997,0.14367,58.296,0.0041732,56.939,-0.024305,59.067,0.012706
4,0.06,3,68.373,0.17827,67.834,0.18769,65.997,0.19847,61.828,0.03943,60.441,0.06038,60.687,0.052083
4,0.06,4,69.054,0.14824,68.677,0.16647,66.71,0.18119,64.258,0.043453,62.905,0.087058,62.111,0.10327
4,0.07,2,67.142,0.14636,66.342,0.14164,65.997,0.14367,58.296,0.0041732,56.939,-0.024305,59.067,0.012706
4,0.07,3,68.373,0.17827,67.834,0.18769,65.997,0.19847,61.828,0.03943,60.441,0.06038,60.687,0.052083
4,0.07,4,69.054,0.14824,68.677,0.16647,66.71,0.18119,64.258,0.043453,62.905,0.087058,62.111,0.10327
4,0.08,2,67.142,0.14636,66.342,0.14164,65.997,0.14367,58.296,0.0041732,56.939,-0.024305,59.067,0.012706
4,0.08,3,68.373,0.17827,67.834,0.18769,65.997,0.19847,61.828,0.03943,60.441,0.06038,60.687,0.052083
4,0.08,4,69.054,0.14824,68.677,0.16647,66.71,0.18119,64.258,0.043453,62.905,0.087058,62.111,0.10327
4,0.09,2,67.142,0.14636,66.342,0.14164,65.997,0.14367,58.296,0.0041732,56.939,-0.024305,59.067,0.012706
4,0.09,3,68.373,0.17827,67.834,0.18769,65.997,0.19847,61.828,0.03943,60.441,0.06038,60.687,0.052083
4,0.09,4,69.054,0.14824,68.677,0.16647,66.71,0.18119,64.258,0.043453,62.905,0.087058,62.111,0.10327
4,0.1,2,67.142,0.14636,66.342,0.14164,65.997,0.14367,58.296,0.0041732,56.939,-0.024305,59.067,0.012706
4,0.1,3,68.373,0.17827,67.834,0.18769,65.997,0.19847,61.828,0.03943,60.441,0.06038,60.687,0.052083
4,0.1,4,69.054,0.14824,68.677,0.16647,66.71,0.18119,64.258,0.043453,62.905,0.087058,62.111,0.10327
4,0.11,2,67.142,0.14636,66.342,0.14164,65.997,0.14367,58.296,0.0041732,56.939,-0.024305,59.067,0.012706
4,0.11,3,68.373,0.17827,67.834,0.18769,65.997,0.19847,61.828,0.03943,60.441,0.06038,60.687,0.052083
4,0.11,4,69.054,0.14824,68.677,0.16647,66.71,0.18119,64.258,0.043453,62.905,0.087058,62.111,0.10327
4,0.12,2,67.142,0.14636,66.342,0.14164,65.997,0.14367,58.296,0.0041732,56.939,-0.024305,59.067,0.012706
4,0.12,3,68.373,0.17827,67.834,0.18769,65.997,0.19847,61.828,0.03943,60.441,0.06038,60.687,0.052083
4,0.12,4,69.054,0.14824,68.677,0.16647,66.71,0.18119,64.258,0.043453,62.905,0.087058,62.111,0.10327
4,0.13,2,67.142,0.14636,66.342,0.14164,65.997,0.14367,66.137,0.12597,65.564,0.13605,65.674,0.13033
4,0.13,3,68.373,0.17827,67.834,0.18769,65.997,0.19847,66.559,0.12182,65.953,0.13463,65.35,0.125
4,0.13,4,69.054,0.14824,68.677,0.16647,66.71,0.18119,68.697,0.12464,67.964,0.15824,66.451,0.1672
4,0.14,2,67.142,0.14636,66.342,0.14164,65.997,0.14367,66.137,0.12597,65.564,0.13605,65.674,0.13033
4,0.14,3,68.373,0.17827,67.834,0.18769,65.997,0.19847,67.498,0.13914,66.537,0.14096,65.609,0.12844
4,0.14,4,69.054,0.14824,68.677,0.16647,66.71,0.18119,68.957,0.13737,68.353,0.15996,66.386,0.17367
4,0.15,2,67.142,0.14636,66.342,0.14164,65.997,0.14367,67.142,0.14636,66.342,0.14164,65.997,0.14367
4,0.15,3,68.373,0.17827,67.834,0.18769,65.997,0.19847,67.498,0.13914,66.537,0.14096,65.609,0.12844
4,0.15,4,69.054,0.14824,68.677,0.16647,66.71,0.18119,69.054,0.14824,68.677,0.16647,66.71,0.18119
4,0.16,2,67.142,0.14636,66.342,0.14164,65.997,0.14367,67.142,0.14636,66.342,0.14164,65.997,0.14367
4,0.16,3,68.373,0.17827,67.834,0.18769,65.997,0.19847,67.498,0.13914,66.537,0.14096,65.609,0.12844
4,0.16,4,69.054,0.14824,68.677,0.16647,66.71,0.18119,69.054,0.14824,68.677,0.16647,66.71,0.18119
4,0.17,2,67.142,0.14636,66.342,0.14164,65.997,0.14367,67.142,0.14636,66.342,0.14164,65.997,0.14367
4,0.17,3,68.373,0.17827,67.834,0.18769,65.997,0.19847,67.498,0.13914,66.537,0.14096,65.609,0.12844
4,0.17,4,69.054,0.14824,68.677,0.16647,66.71,0.18119,69.054,0.14824,68.677,0.16647,66.71,0.18119
4,0.18,2,67.142,0.14636,66.342,0.14164,65.997,0.14367,67.142,0.14636,66.342,0.14164,65.997,0.14367
4,0.18,3,68.373,0.17827,67.834,0.18769,65.997,0.19847,68.373,0.17827,67.834,0.18769,65.997,0.19847
4,0.18,4,69.054,0.14824,68.677,0.16647,66.71,0.18119,69.054,0.14824,68.677,0.16647,66.71,0.18119
4,0.19,2,67.142,0.14636,66.342,0.14164,65.997,0.14367,67.142,0.14636,66.342,0.14164,65.997,0.14367
4,0.19,3,68.373,0.17827,67.834,0.18769,65.997,0.19847,68.373,0.17827,67.834,0.18769,65.997,0.19847
4,0.19,4,69.054,0.14824,68.677,0.16647,66.71,0.18119,69.054,0.14824,68.677,0.16647,66.71,0.18119
4,0.2,2,67.142,0.14636,66.342,0.14164,65.997,0.14367,67.142,0.14636,66.342,0.14164,65.997,0.14367
4,0.2,3,68.373,0.17827,67.834,0.18769,65.997,0.19847,68.373,0.17827,67.834,0.18769,65.997,0.19847
4,0.2,4,69.054,0.14824,68.677,0.16647,66.71,0.18119,69.054,0.14824,68.677,0.16647,66.71,0.18119
4,0.21,2,67.142,0.14636,66.342,0.14164,65.997,0.14367,67.142,0.14636,66.342,0.14164,65.997,0.14367
4,0.21,3,68.373,0.17827,67.834,0.18769,65.997,0.19847,68.373,0.17827,67.834,0.18769,65.997,0.19847
4,0.21,4,69.054,0.14824,68.677,0.16647,66.71,0.18119,69.054,0.14824,68.677,0.16647,66.71,0.18119
4,0.22,2,67.142,0.14636,66.342,0.14164,65.997,0.14367,67.142,0.14636,66.342,0.14164,65.997,0.14367
4,0.22,3,68.373,0.17827,67.834,0.18769,65.997,0.19847,68.373,0.17827,67.834,0.18769,65.997,0.19847
4,0.22,4,69.054,0.14824,68.677,0.16647,66.71,0.18119,69.054,0.14824,68.677,0.16647,66.71,0.18119
4,0.23,2,67.142,0.14636,66.342,0.14164,65.997,0.14367,67.142,0.14636,66.342,0.14164,65.997,0.14367
4,0.23,3,68.373,0.17827,67.834,0.18769,65.997,0.19847,68.373,0.17827,67.834,0.18769,65.997,0.19847
4,0.23,4,69.054,0.14824,68.677,0.16647,66.71,0.18119,69.054,0.14824,68.677,0.16647,66.71,0.18119
4,0.24,2,67.142,0.14636,66.342,0.14164,65.997,0.14367,67.142,0.14636,66.342,0.14164,65.997,0.14367
4,0.24,3,68.373,0.17827,67.834,0.18769,65.997,0.19847,68.373,0.17827,67.834,0.18769,65.997,0.19847
4,0.24,4,69.054,0.14824,68.677,0.16647,66.71,0.18119,69.054,0.14824,68.677,0.16647,66.71,0.18119
4,0.25,2,67.142,0.14636,66.342,0.14164,65.997,0.14367,67.142,0.14636,66.342,0.14164,65.997,0.14367
4,0.25,3,68.373,0.17827,67.834,0.18769,65.997,0.19847,68.373,0.17827,67.834,0.18769,65.997,0.19847
4,0.25,4,69.054,0.14824,68.677,0.16647,66.71,0.18119,69.054,0.14824,68.677,0.16647,66.71,0.18119
4,0.26,2,67.142,0.14636,66.342,0.14164,65.997,0.14367,67.142,0.14636,66.342,0.14164,65.997,0.14367
4,0.26,3,68.373,0.17827,67.834,0.18769,65.997,0.19847,68.373,0.17827,67.834,0.18769,65.997,0.19847
4,0.26,4,69.054,0.14824,68.677,0.16647,66.71,0.18119,69.054,0.14824,68.677,0.16647,66.71,0.18119
4,0.27,2,67.142,0.14636,66.342,0.14164,65.997,0.14367,67.142,0.14636,66.342,0.14164,65.997,0.14367
4,0.27,3,68.373,0.17827,67.834,0.18769,65.997,0.19847,68.373,0.17827,67.834,0.18769,65.997,0.19847
4,0.27,4,69.054,0.14824,68.677,0.16647,66.71,0.18119,69.054,0.14824,68.677,0.16647,66.71,0.18119
4,0.28,2,67.142,0.14636,66.342,0.14164,65.997,0.14367,67.142,0.14636,66.342,0.14164,65.997,0.14367
4,0.28,3,68.373,0.17827,67.834,0.18769,65.997,0.19847,68.373,0.17827,67.834,0.18769,65.997,0.19847
4,0.28,4,69.054,0.14824,68.677,0.16647,66.71,0.18119,69.054,0.14824,68.677,0.16647,66.71,0.18119
4,0.29,2,67.142,0.14636,66.342,0.14164,65.997,0.14367,67.142,0.14636,66.342,0.14164,65.997,0.14367
4,0.29,3,68.373,0.17827,67.834,0.18769,65.997,0.19847,68.373,0.17827,67.834,0.18769,65.997,0.19847
4,0.29,4,69.054,0.14824,68.677,0.16647,66.71,0.18119,69.054,0.14824,68.677,0.16647,66.71,0.18119
4,0.3,2,67.142,0.14636,66.342,0.14164,65.997,0.14367,67.142,0.14636,66.342,0.14164,65.997,0.14367
4,0.3,3,68.373,0.17827,67.834,0.18769,65.997,0.19847,68.373,0.17827,67.834,0.18769,65.997,0.19847
4,0.3,4,69.054,0.14824,68.677,0.16647,66.71,0.18119,69.054,0.14824,68.677,0.16647,66.71,0.18119
4,0.31,2,67.142,0.14636,66.342,0.14164,65.997,0.14367,67.142,0.14636,66.342,0.14164,65.997,0.14367
4,0.31,3,68.373,0.17827,67.834,0.18769,65.997,0.19847,68.373,0.17827,67.834,0.18769,65.997,0.19847
4,0.31,4,69.054,0.14824,68.677,0.16647,66.71,0.18119,69.054,0.14824,68.677,0.16647,66.71,0.18119
4,0.32,2,67.142,0.14636,66.342,0.14164,65.997,0.14367,67.142,0.14636,66.342,0.14164,65.997,0.14367
4,0.32,3,68.373,0.17827,67.834,0.18769,65.997,0.19847,68.373,0.17827,67.834,0.18769,65.997,0.19847
4,0.32,4,69.054,0.14824,68.677,0.16647,66.71,0.18119,69.054,0.14824,68.677,0.16647,66.71,0.18119
4,0.33,2,67.142,0.14636,66.342,0.14164,65.997,0.14367,67.142,0.14636,66.342,0.14164,65.997,0.14367
4,0.33,3,68.373,0.17827,67.834,0.18769,65.997,0.19847,68.373,0.17827,67.834,0.18769,65.997,0.19847
4,0.33,4,69.054,0.14824,68.677,0.16647,66.71,0.18119,69.054,0.14824,68.677,0.16647,66.71,0.18119
4,0.34,2,67.142,0.14636,66.342,0.14164,65.997,0.14367,67.142,0.14636,66.342,0.14164,65.997,0.14367
4,0.34,3,68.373,0.17827,67.834,0.18769,65.997,0.19847,68.373,0.17827,67.834,0.18769,65.997,0.19847
4,0.34,4,69.054,0.14824,68.677,0.16647,66.71,0.18119,69.054,0.14824,68.677,0.16647,66.71,0.18119
4,0.35,2,67.142,0.14636,66.342,0.14164,65.997,0.14367,67.142,0.14636,66.342,0.14164,65.997,0.14367
4,0.35,3,68.373,0.17827,67.834,0.18769,65.997,0.19847,68.373,0.17827,67.834,0.18769,65.997,0.19847
4,0.35,4,69.054,0.14824,68.677,0.16647,66.71,0.18119,69.054,0.14824,68.677,0.16647,66.71,0.18119
4,0.36,2,67.142,0.14636,66.342,0.14164,65.997,0.14367,67.142,0.14636,66.342,0.14164,65.997,0.14367
4,0.36,3,68.373,0.17827,67.834,0.18769,65.997,0.19847,68.373,0.17827,67.834,0.18769,65.997,0.19847
4,0.36,4,69.054,0.14824,68.677,0.16647,66.71,0.18119,69.054,0.14824,68.677,0.16647,66.71,0.18119
4,0.37,2,67.142,0.14636,66.342,0.14164,65.997,0.14367,67.142,0.14636,66.342,0.14164,65.997,0.14367
4,0.37,3,68.373,0.17827,67.834,0.18769,65.997,0.19847,68.373,0.17827,67.834,0.18769,65.997,0.19847
4,0.37,4,69.054,0.14824,68.677,0.16647,66.71,0.18119,69.054,0.14824,68.677,0.16647,66.71,0.18119
4,0.38,2,67.142,0.14636,66.342,0.14164,65.997,0.14367,67.142,0.14636,66.342,0.14164,65.997,0.14367
4,0.38,3,68.373,0.17827,67.834,0.18769,65.997,0.19847,68.373,0.17827,67.834,0.18769,65.997,0.19847
4,0.38,4,69.054,0.14824,68.677,0.16647,66.71,0.18119,69.054,0.14824,68.677,0.16647,66.71,0.18119
4,0.39,2,67.142,0.14636,66.342,0.14164,65.997,0.14367,67.142,0.14636,66.342,0.14164,65.997,0.14367
4,0.39,3,68.373,0.17827,67.834,0.18769,65.997,0.19847,68.373,0.17827,67.834,0.18769,65.997,0.19847
4,0.39,4,69.054,0.14824,68.677,0.16647,66.71,0.18119,69.054,0.14824,68.677,0.16647,66.71,0.18119
4,0.4,2,67.142,0.14636,66.342,0.14164,65.997,0.14367,67.142,0.14636,66.342,0.14164,65.997,0.14367
4,0.4,3,68.373,0.17827,67.834,0.18769,65.997,0.19847,68.373,0.17827,67.834,0.18769,65.997,0.19847
4,0.4,4,69.054,0.14824,68.677,0.16647,66.71,0.18119,69.054,0.14824,68.677,0.16647,66.71,0.18119
4,0.41,2,67.142,0.14636,66.342,0.14164,65.997,0.14367,67.142,0.14636,66.342,0.14164,65.997,0.14367
4,0.41,3,68.373,0.17827,67.834,0.18769,65.997,0.19847,68.373,0.17827,67.834,0.18769,65.997,0.19847
4,0.41,4,69.054,0.14824,68.677,0.16647,66.71,0.18119,69.054,0.14824,68.677,0.16647,66.71,0.18119
4,0.42,2,67.142,0.14636,66.342,0.14164,65.997,0.14367,67.142,0.14636,66.342,0.14164,65.997,0.14367
4,0.42,3,68.373,0.17827,67.834,0.18769,65.997,0.19847,68.373,0.17827,67.834,0.18769,65.997,0.19847
4,0.42,4,69.054,0.14824,68.677,0.16647,66.71,0.18119,69.054,0.14824,68.677,0.16647,66.71,0.18119
4,0.43,2,67.142,0.14636,66.342,0.14164,65.997,0.14367,67.142,0.14636,66.342,0.14164,65.997,0.14367
4,0.43,3,68.373,0.17827,67.834,0.18769,65.997,0.19847,68.373,0.17827,67.834,0.18769,65.997,0.19847
4,0.43,4,69.054,0.14824,68.677,0.16647,66.71,0.18119,69.054,0.14824,68.677,0.16647,66.71,0.18119
4,0.44,2,67.142,0.14636,66.342,0.14164,65.997,0.14367,67.142,0.14636,66.342,0.14164,65.997,0.14367
4,0.44,3,68.373,0.17827,67.834,0.18769,65.997,0.19847,68.373,0.17827,67.834,0.18769,65.997,0.19847
4,0.44,4,69.054,0.14824,68.677,0.16647,66.71,0.18119,69.054,0.14824,68.677,0.16647,66.71,0.18119
4,0.45,2,67.142,0.14636,66.342,0.14164,65.997,0.14367,67.142,0.14636,66.342,0.14164,65.997,0.14367
4,0.45,3,68.373,0.17827,67.834,0.18769,65.997,0.19847,68.373,0.17827,67.834,0.18769,65.997,0.19847
4,0.45,4,69.054,0.14824,68.677,0.16647,66.71,0.18119,69.054,0.14824,68.677,0.16647,66.71,0.18119
4,0.46,2,67.142,0.14636,66.342,0.14164,65.997,0.14367,67.142,0.14636,66.342,0.14164,65.997,0.14367
4,0.46,3,68.373,0.17827,67.834,0.18769,65.997,0.19847,68.373,0.17827,67.834,0.18769,65.997,0.19847
4,0.46,4,69.054,0.14824,68.677,0.16647,66.71,0.18119,69.054,0.14824,68.677,0.16647,66.71,0.18119
4,0.47,2,67.142,0.14636,66.342,0.14164,65.997,0.14367,67.142,0.14636,66.342,0.14164,65.997,0.14367
4,0.47,3,68.373,0.17827,67.834,0.18769,65.997,0.19847,68.373,0.17827,67.834,0.18769,65.997,0.19847
4,0.47,4,69.054,0.14824,68.677,0.16647,66.71,0.18119,69.054,0.14824,68.677,0.16647,66.71,0.18119
4,0.48,2,67.142,0.14636,66.342,0.14164,65.997,0.14367,67.142,0.14636,66.342,0.14164,65.997,0.14367
4,0.48,3,68.373,0.17827,67.834,0.18769,65.997,0.19847,68.373,0.17827,67.834,0.18769,65.997,0.19847
4,0.48,4,69.054,0.14824,68.677,0.16647,66.71,0.18119,69.054,0.14824,68.677,0.16647,66.71,0.18119
4,0.49,2,67.142,0.14636,66.342,0.14164,65.997,0.14367,67.142,0.14636,66.342,0.14164,65.997,0.14367
4,0.49,3,68.373,0.17827,67.834,0.18769,65.997,0.19847,68.373,0.17827,67.834,0.18769,65.997,0.19847
4,0.49,4,69.054,0.14824,68.677,0.16647,66.71,0.18119,69.054,0.14824,68.677,0.16647,66.71,0.18119
4,0.5,2,67.142,0.14636,66.342,0.14164,65.997,0.14367,67.142,0.14636,66.342,0.14164,65.997,0.14367
4,0.5,3,68.373,0.17827,67.834,0.18769,65.997,0.19847,68.373,0.17827,67.834,0.18769,65.997,0.19847
4,0.5,4,69.054,0.14824,68.677,0.16647,66.71,0.18119,69.054,0.14824,68.677,0.16647,66.71,0.18119
4,0.51,2,67.142,0.14636,66.342,0.14164,65.997,0.14367,67.142,0.14636,66.342,0.14164,65.997,0.14367
4,0.51,3,68.373,0.17827,67.834,0.18769,65.997,0.19847,68.373,0.17827,67.834,0.18769,65.997,0.19847
4,0.51,4,69.054,0.14824,68.677,0.16647,66.71,0.18119,69.054,0.14824,68.677,0.16647,66.71,0.18119
4,0.52,2,67.142,0.14636,66.342,0.14164,65.997,0.14367,67.142,0.14636,66.342,0.14164,65.997,0.14367
4,0.52,3,68.373,0.17827,67.834,0.18769,65.997,0.19847,68.373,0.17827,67.834,0.18769,65.997,0.19847
4,0.52,4,69.054,0.14824,68.677,0.16647,66.71,0.18119,69.054,0.14824,68.677,0.16647,66.71,0.18119
4,0.53,2,67.142,0.14636,66.342,0.14164,65.997,0.14367,67.142,0.14636,66.342,0.14164,65.997,0.14367
4,0.53,3,68.373,0.17827,67.834,0.18769,65.997,0.19847,68.373,0.17827,67.834,0.18769,65.997,0.19847
4,0.53,4,69.054,0.14824,68.677,0.16647,66.71,0.18119,69.054,0.14824,68.677,0.16647,66.71,0.18119
4,0.54,2,67.142,0.14636,66.342,0.14164,65.997,0.14367,67.142,0.14636,66.342,0.14164,65.997,0.14367
4,0.54,3,68.373,0.17827,67.834,0.18769,65.997,0.19847,68.373,0.17827,67.834,0.18769,65.997,0.19847
4,0.54,4,69.054,0.14824,68.677,0.16647,66.71,0.18119,69.054,0.14824,68.677,0.16647,66.71,0.18119
4,0.55,2,67.142,0.14636,66.342,0.14164,65.997,0.14367,67.142,0.14636,66.342,0.14164,65.997,0.14367
4,0.55,3,68.373,0.17827,67.834,0.18769,65.997,0.19847,68.373,0.17827,67.834,0.18769,65.997,0.19847
4,0.55,4,69.054,0.14824,68.677,0.16647,66.71,0.18119,69.054,0.14824,68.677,0.16647,66.71,0.18119
5,0.01,2,66.397,0.12555,64.527,0.10132,65.091,0.13401,57.129,0,56.874,-0.033156,55.505,0.0053851
5,0.01,3,67.077,0.15172,65.37,0.11448,65.933,0.13751,56.254,0,56.096,-0.033954,54.469,-0.012538
5,0.01,4,67.401,0.18423,67.51,0.16993,68.264,0.20508,58.976,0,60.182,0.035062,57.772,0.032953
5,0.02,2,66.397,0.12555,64.527,0.10132,65.091,0.13401,57.129,0,56.874,-0.033156,55.505,0.0053851
5,0.02,3,67.077,0.15172,65.37,0.11448,65.933,0.13751,56.254,0,56.096,-0.033954,54.469,-0.012538
5,0.02,4,67.401,0.18423,67.51,0.16993,68.264,0.20508,58.976,0,60.182,0.035062,57.772,0.032953
5,0.03,2,66.397,0.12555,64.527,0.10132,65.091,0.13401,57.129,0,56.874,-0.033156,55.505,0.0053851
5,0.03,3,67.077,0.15172,65.37,0.11448,65.933,0.13751,56.254,0,56.096,-0.033954,54.469,-0.012538
5,0.03,4,67.401,0.18423,67.51,0.16993,68.264,0.20508,58.976,0,60.182,0.035062,57.772,0.032953
5,0.04,2,66.397,0.12555,64.527,0.10132,65.091,0.13401,57.129,0,56.874,-0.033156,55.505,0.0053851
5,0.04,3,67.077,0.15172,65.37,0.11448,65.933,0.13751,56.254,0,56.096,-0.033954,54.469,-0.012538
5,0.04,4,67.401,0.18423,67.51,0.16993,68.264,0.20508,58.976,0,60.182,0.035062,57.772,0.032953
5,0.05,2,66.397,0.12555,64.527,0.10132,65.091,0.13401,57.129,0,56.874,-0.033156,55.505,0.0053851
5,0.05,3,67.077,0.15172,65.37,0.11448,65.933,0.13751,62.152,0.04085,60.895,0.029359,59.909,0.038198
5,0.05,4,67.401,0.18423,67.51,0.16993,68.264,0.20508,58.976,0,60.182,0.035062,57.772,0.032953
5,0.06,2,66.397,0.12555,64.527,0.10132,65.091,0.13401,57.129,0,56.874,-0.033156,55.505,0.0053851
5,0.06,3,67.077,0.15172,65.37,0.11448,65.933,0.13751,62.152,0.04085,60.895,0.029359,59.909,0.038198
5,0.06,4,67.401,0.18423,67.51,0.16993,68.264,0.20508,64.355,0.052077,64.202,0.095913,62.047,0.079341
5,0.07,2,66.397,0.12555,64.527,0.10132,65.091,0.13401,57.129,0,56.874,-0.033156,55.505,0.0053851
5,0.07,3,67.077,0.15172,65.37,0.11448,65.933,0.13751,62.152,0.04085,60.895,0.029359,59.909,0.038198
5,0.07,4,67.401,0.18423,67.51,0.16993,68.264,0.20508,65.262,0.068493,65.045,0.10912,63.083,0.10001
5,0.08,2,66.397,0.12555,64.527,0.10132,65.091,0.13401,57.129,0,56.874,-0.033156,55.505,0.0053851
5,0.08,3,67.077,0.15172,65.37,0.11448,65.933,0.13751,64.874,0.07995,62.905,0.067471,62.694,0.10153
5,0.08,4,67.401,0.18423,67.51,0.16993,68.264,0.20508,65.262,0.068493,65.045,0.10912,63.083,0.10001
5,0.09,2,66.397,0.12555,64.527,0.10132,65.091,0.13401,57.129,0,56.874,-0.033156,55.505,0.0053851
5,0.09,3,67.077,0.15172,65.37,0.11448,65.933,0.13751,64.874,0.07995,62.905,0.067471,62.694,0.10153
5,0.09,4,67.401,0.18423,67.51,0.16993,68.264,0.20508,65.911,0.082963,65.499,0.11638,64.054,0.10822
5,0.1,2,66.397,0.12555,64.527,0.10132,65.091,0.13401,57.129,0,56.874,-0.033156,55.505,0.0053851
5,0.1,3,67.077,0.15172,65.37,0.11448,65.933,0.13751,64.874,0.07995,62.905,0.067471,62.694,0.10153
5,0.1,4,67.401,0.18423,67.51,0.16993,68.264,0.20508,66.461,0.09713,65.694,0.12572,64.896,0.12036
5,0.11,2,66.397,0.12555,64.527,0.10132,65.091,0.13401,65.749,0.10545,63.684,0.068269,63.731,0.11945
5,0.11,3,67.077,0.15172,65.37,0.11448,65.933,0.13751,66.008,0.10631,64.008,0.087254,63.86,0.12205
5,0.11,4,67.401,0.18423,67.51,0.16993,68.264,0.20508,66.461,0.09713,65.694,0.12572,64.896,0.12036
5,0.12,2,66.397,0.12555,64.527,0.10132,65.091,0.13401,65.749,0.10545,63.684,0.068269,63.731,0.11945
5,0.12,3,67.077,0.15172,65.37,0.11448,65.933,0.13751,66.008,0.10631,64.008,0.087254,63.86,0.12205
5,0.12,4,67.401,0.18423,67.51,0.16993,68.264,0.20508,66.883,0.11305,66.148,0.13788,65.868,0.12655
5,0.13,2,66.397,0.12555,64.527,0.10132,65.091,0.13401,66.397,0.12555,64.527,0.10132,65.091,0.13401
5,0.13,3,67.077,0.15172,65.37,0.11448,65.933,0.13751,66.688,0.12821,64.916,0.097582,64.702,0.12766
5,0.13,4,67.401,0.18423,67.51,0.16993,68.264,0.20508,67.239,0.12917,66.537,0.14538,66.451,0.12621
5,0.14,2,66.397,0.12555,64.527,0.10132,65.091,0.13401,66.397,0.12555,64.527,0.10132,65.091,0.13401
5,0.14,3,67.077,0.15172,65.37,0.11448,65.933,0.13751,66.688,0.12821,64.916,0.097582,64.702,0.12766
5,0.14,4,67.401,0.18423,67.51,0.16993,68.264,0.20508,67.304,0.13389,66.148,0.11983,66.127,0.14572
5,0.15,2,66.397,0.12555,64.527,0.10132,65.091,0.13401,66.397,0.12555,64.527,0.10132,65.091,0.13401
5,0.15,3,67.077,0.15172,65.37,0.11448,65.933,0.13751,67.077,0.14745,65.435,0.11165,65.933,0.13961
5,0.15,4,67.401,0.18423,67.51,0.16993,68.264,0.20508,67.336,0.14132,66.602,0.1229,65.997,0.14312
5,0.16,2,66.397,0.12555,64.527,0.10132,65.091,0.13401,66.397,0.12555,64.527,0.10132,65.091,0.13401
5,0.16,3,67.077,0.15172,65.37,0.11448,65.933,0.13751,67.077,0.15172,65.37,0.11448,65.933,0.13751
5,0.16,4,67.401,0.18423,67.51,0.16993,68.264,0.20508,67.336,0.14132,66.602,0.1229,65.997,0.14312
5,0.17,2,66.397,0.12555,64.527,0.10132,65.091,0.13401,66.397,0.12555,64.527,0.10132,65.091,0.13401
5,0.17,3,67.077,0.15172,65.37,0.11448,65.933,0.13751,67.077,0.15172,65.37,0.11448,65.933,0.13751
5,0.17,4,67.401,0.18423,67.51,0.16993,68.264,0.20508,67.336,0.14132,66.602,0.1229,65.997,0.14312
5,0.18,2,66.397,0.12555,64.527,0.10132,65.091,0.13401,66.397,0.12555,64.527,0.10132,65.091,0.13401
5,0.18,3,67.077,0.15172,65.37,0.11448,65.933,0.13751,67.077,0.15172,65.37,0.11448,65.933,0.13751
5,0.18,4,67.401,0.18423,67.51,0.16993,68.264,0.20508,67.401,0.1795,67.445,0.1671,68.07,0.20227
5,0.19,2,66.397,0.12555,64.527,0.10132,65.091,0.13401,66.397,0.12555,64.527,0.10132,65.091,0.13401
5,0.19,3,67.077,0.15172,65.37,0.11448,65.933,0.13751,67.077,0.15172,65.37,0.11448,65.933,0.13751
5,0.19,4,67.401,0.18423,67.51,0.16993,68.264,0.20508,67.401,0.18423,67.51,0.16993,68.264,0.20508
5,0.2,2,66.397,0.12555,64.527,0.10132,65.091,0.13401,66.397,0.12555,64.527,0.10132,65.091,0.13401
5,0.2,3,67.077,0.15172,65.37,0.11448,65.933,0.13751,67.077,0.15172,65.37,0.11448,65.933,0.13751
5,0.2,4,67.401,0.18423,67.51,0.16993,68.264,0.20508,67.401,0.18423,67.51,0.16993,68.264,0.20508
5,0.21,2,66.397,0.12555,64.527,0.10132,65.091,0.13401,66.397,0.12555,64.527,0.10132,65.091,0.13401
5,0.21,3,67.077,0.15172,65.37,0.11448,65.933,0.13751,67.077,0.15172,65.37,0.11448,65.933,0.13751
5,0.21,4,67.401,0.18423,67.51,0.16993,68.264,0.20508,67.401,0.18423,67.51,0.16993,68.264,0.20508
5,0.22,2,66.397,0.12555,64.527,0.10132,65.091,0.13401,66.397,0.12555,64.527,0.10132,65.091,0.13401
5,0.22,3,67.077,0.15172,65.37,0.11448,65.933,0.13751,67.077,0.15172,65.37,0.11448,65.933,0.13751
5,0.22,4,67.401,0.18423,67.51,0.16993,68.264,0.20508,67.401,0.18423,67.51,0.16993,68.264,0.20508
5,0.23,2,66.397,0.12555,64.527,0.10132,65.091,0.13401,66.397,0.12555,64.527,0.10132,65.091,0.13401
5,0.23,3,67.077,0.15172,65.37,0.11448,65.933,0.13751,67.077,0.15172,65.37,0.11448,65.933,0.13751
5,0.23,4,67.401,0.18423,67.51,0.16993,68.264,0.20508,67.401,0.18423,67.51,0.16993,68.264,0.20508
5,0.24,2,66.397,0.12555,64.527,0.10132,65.091,0.13401,66.397,0.12555,64.527,0.10132,65.091,0.13401
5,0.24,3,67.077,0.15172,65.37,0.11448,65.933,0.13751,67.077,0.15172,65.37,0.11448,65.933,0.13751
5,0.24,4,67.401,0.18423,67.51,0.16993,68.264,0.20508,67.401,0.18423,67.51,0.16993,68.264,0.20508
5,0.25,2,66.397,0.12555,64.527,0.10132,65.091,0.13401,66.397,0.12555,64.527,0.10132,65.091,0.13401
5,0.25,3,67.077,0.15172,65.37,0.11448,65.933,0.13751,67.077,0.15172,65.37,0.11448,65.933,0.13751
5,0.25,4,67.401,0.18423,67.51,0.16993,68.264,0.20508,67.401,0.18423,67.51,0.16993,68.264,0.20508
5,0.26,2,66.397,0.12555,64.527,0.10132,65.091,0.13401,66.397,0.12555,64.527,0.10132,65.091,0.13401
5,0.26,3,67.077,0.15172,65.37,0.11448,65.933,0.13751,67.077,0.15172,65.37,0.11448,65.933,0.13751
5,0.26,4,67.401,0.18423,67.51,0.16993,68.264,0.20508,67.401,0.18423,67.51,0.16993,68.264,0.20508
5,0.27,2,66.397,0.12555,64.527,0.10132,65.091,0.13401,66.397,0.12555,64.527,0.10132,65.091,0.13401
5,0.27,3,67.077,0.15172,65.37,0.11448,65.933,0.13751,67.077,0.15172,65.37,0.11448,65.933,0.13751
5,0.27,4,67.401,0.18423,67.51,0.16993,68.264,0.20508,67.401,0.18423,67.51,0.16993,68.264,0.20508
5,0.28,2,66.397,0.12555,64.527,0.10132,65.091,0.13401,66.397,0.12555,64.527,0.10132,65.091,0.13401
5,0.28,3,67.077,0.15172,65.37,0.11448,65.933,0.13751,67.077,0.15172,65.37,0.11448,65.933,0.13751
5,0.28,4,67.401,0.18423,67.51,0.16993,68.264,0.20508,67.401,0.18423,67.51,0.16993,68.264,0.20508
5,0.29,2,66.397,0.12555,64.527,0.10132,65.091,0.13401,66.397,0.12555,64.527,0.10132,65.091,0.13401
5,0.29,3,67.077,0.15172,65.37,0.11448,65.933,0.13751,67.077,0.15172,65.37,0.11448,65.933,0.13751
5,0.29,4,67.401,0.18423,67.51,0.16993,68.264,0.20508,67.401,0.18423,67.51,0.16993,68.264,0.20508
5,0.3,2,66.397,0.12555,64.527,0.10132,65.091,0.13401,66.397,0.12555,64.527,0.10132,65.091,0.13401
5,0.3,3,67.077,0.15172,65.37,0.11448,65.933,0.13751,67.077,0.15172,65.37,0.11448,65.933,0.13751
5,0.3,4,67.401,0.18423,67.51,0.16993,68.264,0.20508,67.401,0.18423,67.51,0.16993,68.264,0.20508
5,0.31,2,66.397,0.12555,64.527,0.10132,65.091,0.13401,66.397,0.12555,64.527,0.10132,65.091,0.13401
5,0.31,3,67.077,0.15172,65.37,0.11448,65.933,0.13751,67.077,0.15172,65.37,0.11448,65.933,0.13751
5,0.31,4,67.401,0.18423,67.51,0.16993,68.264,0.20508,67.401,0.18423,67.51,0.16993,68.264,0.20508
5,0.32,2,66.397,0.12555,64.527,0.10132,65.091,0.13401,66.397,0.12555,64.527,0.10132,65.091,0.13401
5,0.32,3,67.077,0.15172,65.37,0.11448,65.933,0.13751,67.077,0.15172,65.37,0.11448,65.933,0.13751
5,0.32,4,67.401,0.18423,67.51,0.16993,68.264,0.20508,67.401,0.18423,67.51,0.16993,68.264,0.20508
5,0.33,2,66.397,0.12555,64.527,0.10132,65.091,0.13401,66.397,0.12555,64.527,0.10132,65.091,0.13401
5,0.33,3,67.077,0.15172,65.37,0.11448,65.933,0.13751,67.077,0.15172,65.37,0.11448,65.933,0.13751
5,0.33,4,67.401,0.18423,67.51,0.16993,68.264,0.20508,67.401,0.18423,67.51,0.16993,68.264,0.20508
5,0.34,2,66.397,0.12555,64.527,0.10132,65.091,0.13401,66.397,0.12555,64.527,0.10132,65.091,0.13401
5,0.34,3,67.077,0.15172,65.37,0.11448,65.933,0.13751,67.077,0.15172,65.37,0.11448,65.933,0.13751
5,0.34,4,67.401,0.18423,67.51,0.16993,68.264,0.20508,67.401,0.18423,67.51,0.16993,68.264,0.20508
5,0.35,2,66.397,0.12555,64.527,0.10132,65.091,0.13401,66.397,0.12555,64.527,0.10132,65.091,0.13401
5,0.35,3,67.077,0.15172,65.37,0.11448,65.933,0.13751,67.077,0.15172,65.37,0.11448,65.933,0.13751
5,0.35,4,67.401,0.18423,67.51,0.16993,68.264,0.20508,67.401,0.18423,67.51,0.16993,68.264,0.20508
5,0.36,2,66.397,0.12555,64.527,0.10132,65.091,0.13401,66.397,0.12555,64.527,0.10132,65.091,0.13401
5,0.36,3,67.077,0.15172,65.37,0.11448,65.933,0.13751,67.077,0.15172,65.37,0.11448,65.933,0.13751
5,0.36,4,67.401,0.18423,67.51,0.16993,68.264,0.20508,67.401,0.18423,67.51,0.16993,68.264,0.20508
5,0.37,2,66.397,0.12555,64.527,0.10132,65.091,0.13401,66.397,0.12555,64.527,0.10132,65.091,0.13401
5,0.37,3,67.077,0.15172,65.37,0.11448,65.933,0.13751,67.077,0.15172,65.37,0.11448,65.933,0.13751
5,0.37,4,67.401,0.18423,67.51,0.16993,68.264,0.20508,67.401,0.18423,67.51,0.16993,68.264,0.20508
5,0.38,2,66.397,0.12555,64.527,0.10132,65.091,0.13401,66.397,0.12555,64.527,0.10132,65.091,0.13401
5,0.38,3,67.077,0.15172,65.37,0.11448,65.933,0.13751,67.077,0.15172,65.37,0.11448,65.933,0.13751
5,0.38,4,67.401,0.18423,67.51,0.16993,68.264,0.20508,67.401,0.18423,67.51,0.16993,68.264,0.20508
5,0.39,2,66.397,0.12555,64.527,0.10132,65.091,0.13401,66.397,0.12555,64.527,0.10132,65.091,0.13401
5,0.39,3,67.077,0.15172,65.37,0.11448,65.933,0.13751,67.077,0.15172,65.37,0.11448,65.933,0.13751
5,0.39,4,67.401,0.18423,67.51,0.16993,68.264,0.20508,67.401,0.18423,67.51,0.16993,68.264,0.20508
5,0.4,2,66.397,0.12555,64.527,0.10132,65.091,0.13401,66.397,0.12555,64.527,0.10132,65.091,0.13401
5,0.4,3,67.077,0.15172,65.37,0.11448,65.933,0.13751,67.077,0.15172,65.37,0.11448,65.933,0.13751
5,0.4,4,67.401,0.18423,67.51,0.16993,68.264,0.20508,67.401,0.18423,67.51,0.16993,68.264,0.20508
5,0.41,2,66.397,0.12555,64.527,0.10132,65.091,0.13401,66.397,0.12555,64.527,0.10132,65.091,0.13401
5,0.41,3,67.077,0.15172,65.37,0.11448,65.933,0.13751,67.077,0.15172,65.37,0.11448,65.933,0.13751
5,0.41,4,67.401,0.18423,67.51,0.16993,68.264,0.20508,67.401,0.18423,67.51,0.16993,68.264,0.20508
5,0.42,2,66.397,0.12555,64.527,0.10132,65.091,0.13401,66.397,0.12555,64.527,0.10132,65.091,0.13401
5,0.42,3,67.077,0.15172,65.37,0.11448,65.933,0.13751,67.077,0.15172,65.37,0.11448,65.933,0.13751
5,0.42,4,67.401,0.18423,67.51,0.16993,68.264,0.20508,67.401,0.18423,67.51,0.16993,68.264,0.20508
5,0.43,2,66.397,0.12555,64.527,0.10132,65.091,0.13401,66.397,0.12555,64.527,0.10132,65.091,0.13401
5,0.43,3,67.077,0.15172,65.37,0.11448,65.933,0.13751,67.077,0.15172,65.37,0.11448,65.933,0.13751
5,0.43,4,67.401,0.18423,67.51,0.16993,68.264,0.20508,67.401,0.18423,67.51,0.16993,68.264,0.20508
5,0.44,2,66.397,0.12555,64.527,0.10132,65.091,0.13401,66.397,0.12555,64.527,0.10132,65.091,0.13401
5,0.44,3,67.077,0.15172,65.37,0.11448,65.933,0.13751,67.077,0.15172,65.37,0.11448,65.933,0.13751
5,0.44,4,67.401,0.18423,67.51,0.16993,68.264,0.20508,67.401,0.18423,67.51,0.16993,68.264,0.20508
5,0.45,2,66.397,0.12555,64.527,0.10132,65.091,0.13401,66.397,0.12555,64.527,0.10132,65.091,0.13401
5,0.45,3,67.077,0.15172,65.37,0.11448,65.933,0.13751,67.077,0.15172,65.37,0.11448,65.933,0.13751
5,0.45,4,67.401,0.18423,67.51,0.16993,68.264,0.20508,67.401,0.18423,67.51,0.16993,68.264,0.20508
5,0.46,2,66.397,0.12555,64.527,0.10132,65.091,0.13401,66.397,0.12555,64.527,0.10132,65.091,0.13401
5,0.46,3,67.077,0.15172,65.37,0.11448,65.933,0.13751,67.077,0.15172,65.37,0.11448,65.933,0.13751
5,0.46,4,67.401,0.18423,67.51,0.16993,68.264,0.20508,67.401,0.18423,67.51,0.16993,68.264,0.20508
5,0.47,2,66.397,0.12555,64.527,0.10132,65.091,0.13401,66.397,0.12555,64.527,0.10132,65.091,0.13401
5,0.47,3,67.077,0.15172,65.37,0.11448,65.933,0.13751,67.077,0.15172,65.37,0.11448,65.933,0.13751
5,0.47,4,67.401,0.18423,67.51,0.16993,68.264,0.20508,67.401,0.18423,67.51,0.16993,68.264,0.20508
5,0.48,2,66.397,0.12555,64.527,0.10132,65.091,0.13401,66.397,0.12555,64.527,0.10132,65.091,0.13401
5,0.48,3,67.077,0.15172,65.37,0.11448,65.933,0.13751,67.077,0.15172,65.37,0.11448,65.933,0.13751
5,0.48,4,67.401,0.18423,67.51,0.16993,68.264,0.20508,67.401,0.18423,67.51,0.16993,68.264,0.20508
5,0.49,2,66.397,0.12555,64.527,0.10132,65.091,0.13401,66.397,0.12555,64.527,0.10132,65.091,0.13401
5,0.49,3,67.077,0.15172,65.37,0.11448,65.933,0.13751,67.077,0.15172,65.37,0.11448,65.933,0.13751
5,0.49,4,67.401,0.18423,67.51,0.16993,68.264,0.20508,67.401,0.18423,67.51,0.16993,68.264,0.20508
5,0.5,2,66.397,0.12555,64.527,0.10132,65.091,0.13401,66.397,0.12555,64.527,0.10132,65.091,0.13401
5,0.5,3,67.077,0.15172,65.37,0.11448,65.933,0.13751,67.077,0.15172,65.37,0.11448,65.933,0.13751
5,0.5,4,67.401,0.18423,67.51,0.16993,68.264,0.20508,67.401,0.18423,67.51,0.16993,68.264,0.20508
5,0.51,2,66.397,0.12555,64.527,0.10132,65.091,0.13401,66.397,0.12555,64.527,0.10132,65.091,0.13401
5,0.51,3,67.077,0.15172,65.37,0.11448,65.933,0.13751,67.077,0.15172,65.37,0.11448,65.933,0.13751
5,0.51,4,67.401,0.18423,67.51,0.16993,68.264,0.20508,67.401,0.18423,67.51,0.16993,68.264,0.20508
5,0.52,2,66.397,0.12555,64.527,0.10132,65.091,0.13401,66.397,0.12555,64.527,0.10132,65.091,0.13401
5,0.52,3,67.077,0.15172,65.37,0.11448,65.933,0.13751,67.077,0.15172,65.37,0.11448,65.933,0.13751
5,0.52,4,67.401,0.18423,67.51,0.16993,68.264,0.20508,67.401,0.18423,67.51,0.16993,68.264,0.20508
5,0.53,2,66.397,0.12555,64.527,0.10132,65.091,0.13401,66.397,0.12555,64.527,0.10132,65.091,0.13401
5,0.53,3,67.077,0.15172,65.37,0.11448,65.933,0.13751,67.077,0.15172,65.37,0.11448,65.933,0.13751
5,0.53,4,67.401,0.18423,67.51,0.16993,68.264,0.20508,67.401,0.18423,67.51,0.16993,68.264,0.20508
5,0.54,2,66.397,0.12555,64.527,0.10132,65.091,0.13401,66.397,0.12555,64.527,0.10132,65.091,0.13401
5,0.54,3,67.077,0.15172,65.37,0.11448,65.933,0.13751,67.077,0.15172,65.37,0.11448,65.933,0.13751
5,0.54,4,67.401,0.18423,67.51,0.16993,68.264,0.20508,67.401,0.18423,67.51,0.16993,68.264,0.20508
5,0.55,2,66.397,0.12555,64.527,0.10132,65.091,0.13401,66.397,0.12555,64.527,0.10132,65.091,0.13401
5,0.55,3,67.077,0.15172,65.37,0.11448,65.933,0.13751,67.077,0.15172,65.37,0.11448,65.933,0.13751
5,0.55,4,67.401,0.18423,67.51,0.16993,68.264,0.20508,67.401,0.18423,67.51,0.16993,68.264,0.20508
