approach,data,fair type,fair bound,nrow,depth,lambda,time limit,status,obj val,train acc,gap,node count,solving time,test acc,cal acc,sample,sp train data,sp train pred,sp test data,sp test pred,sp cal data,sp cal pred,csp train data,csp train pred,csp test data,csp test pred,csp cal data,csp cal pred,pe train pred,pe test pred,pe cal pred,EOpp train pred,EOpp test pred,EOpp cal pred, EOdds train pred,EOdds test pred,EOdds cal pred
FlowOCT,compas_enc.csv,CSP,0.01,3101,2,0,10800,2,1733,0.558851983,0,246,2390.719354,0.565780946,0.553664921,1,0.331754658,0.144664032,0.211919699,0.124045802,0.393410853,0.151041667,1,0,0.714285714,1,1,1,0.25,0.107969152,0.125356125,0.333333333,0.222222222,0.205128205,0.333333333,0.222222222,0.205128205
FlowOCT,compas_enc.csv,CSP,0.05,3101,2,0,10800,9,1733,0.558851983,6.001154068,5859,10800.43731,0.565780946,0.553664921,1,0.331754658,0.144664032,0.211919699,0.124045802,0.393410853,0.151041667,1,0,0.714285714,1,1,1,0.25,0.107969152,0.125356125,0.333333333,0.222222222,0.205128205,0.333333333,0.222222222,0.205128205
FlowOCT,compas_enc.csv,CSP,0.15,3101,2,0,10800,2,1780,0.574008384,0,12292,5199.290936,0.580686973,0.562827225,1,0.331754658,0.083850932,0.211919699,0.1,0.393410853,0.25,1,0.142857143,0.714285714,0.333333333,1,0.5,0.043927649,0.046272494,0.060240964,0.120813397,0.333333333,0.333333333,0.120813397,0.333333333,0.333333333
FlowOCT,compas_enc.csv,CSP,0.1,3101,2,0,10800,9,1758,0.566913899,13.3105802,6912,10800.76964,0.567725211,0.55104712,1,0.331754658,0.059627329,0.211919699,0.1,0.393410853,0.0546875,1,0.095890411,0.714285714,0.333333333,1,0.142857143,0.032299742,0.038560411,0.048192771,0.08492823,0.333333333,0.102564103,0.08492823,0.333333333,0.102564103
FlowOCT,compas_enc.csv,CSP,0.25,3101,2,0,10800,9,1829,0.589809739,34.17167851,5381,10800.34808,0.597537265,0.570026178,1,0.331754658,0.106832298,0.211919699,0.2,0.393410853,0.2,1,0.2,0.714285714,0.5,1,0.5,0.047803618,0.142857143,0.045584046,0.161483254,0.333333333,0.5,0.161483254,0.333333333,0.5
FlowOCT,compas_enc.csv,CSP,0.2,3101,2,0,10800,2,1829,0.589809739,0,9036,4928.132636,0.597537265,0.570026178,1,0.331754658,0.106832298,0.211919699,0.2,0.393410853,0.2,1,0.2,0.714285714,0.5,1,0.5,0.047803618,0.142857143,0.045584046,0.161483254,0.333333333,0.5,0.161483254,0.333333333,0.5
FlowOCT,compas_enc.csv,CSP,0.35,3101,2,0,10800,2,1884,0.607545953,0,8241,6797.561378,0.611795204,0.592277487,1,0.331754658,0.214285714,0.211919699,0.2,0.393410853,0.156976744,1,0.314285714,0.714285714,0.5,1,0.462962963,0.134366925,0.142857143,0.148148148,0.288277512,0.333333333,0.347826087,0.288277512,0.333333333,0.347826087
FlowOCT,compas_enc.csv,CSP,0.3,3101,2,0,10800,9,1829,0.589809739,44.23182067,6132,10800.84808,0.597537265,0.570026178,1,0.331754658,0.106832298,0.211919699,0.2,0.393410853,0.2,1,0.2,0.714285714,0.5,1,0.5,0.047803618,0.142857143,0.045584046,0.161483254,0.333333333,0.5,0.161483254,0.333333333,0.5
FlowOCT,compas_enc.csv,CSP,0.45,3101,2,0,10800,2,1904,0.613995485,0,9255,5636.625426,0.622164614,0.601439791,1,0.331754658,0.232298137,0.211919699,0.3,0.393410853,0.142473118,1,0.375757576,0.714285714,1,1,0.462962963,0.143410853,0.142857143,0.153846154,0.314593301,0.666666667,0.326086957,0.314593301,0.666666667,0.326086957
FlowOCT,compas_enc.csv,CSP,0.4,3101,2,0,10800,2,1904,0.613995485,0,10902,6222.383983,0.622164614,0.601439791,1,0.331754658,0.232298137,0.211919699,0.3,0.393410853,0.142473118,1,0.375757576,0.714285714,1,1,0.462962963,0.143410853,0.142857143,0.153846154,0.314593301,0.666666667,0.326086957,0.314593301,0.666666667,0.326086957
FlowOCT,compas_enc.csv,CSP,0.55,3101,2,0,10800,2,1985,0.640116092,0,7229,4600.25833,0.616979909,0.629581152,1,0.331754658,0.440993789,0.211919699,0.43412798,0.393410853,0.2375,1,0.482678984,0.714285714,0.5,1,1,0.307692308,0.329048843,0.301994302,0.575358852,0.534313725,0.225471796,0.575358852,0.534313725,0.301994302
FlowOCT,compas_enc.csv,CSP,0.5,3101,2,0,10800,2,1985,0.640116092,0,7746,5524.640726,0.616979909,0.629581152,1,0.331754658,0.440993789,0.211919699,0.43412798,0.393410853,0.2375,1,0.482678984,0.714285714,0.5,1,1,0.307692308,0.329048843,0.301994302,0.575358852,0.534313725,0.225471796,0.575358852,0.534313725,0.301994302
FlowOCT,compas_enc.csv,CSP,0.6,3101,2,0,10800,2,1985,0.640116092,0,7210,3968.344331,0.616979909,0.629581152,1,0.331754658,0.440993789,0.211919699,0.43412798,0.393410853,0.2375,1,0.482678984,0.714285714,0.5,1,1,0.307692308,0.329048843,0.301994302,0.575358852,0.534313725,0.225471796,0.575358852,0.534313725,0.301994302
FlowOCT,compas_enc.csv,EOdds,0.01,3101,2,0,10800,2,1691,0.545307965,0,9985,10035.86677,0.556707712,0.532068063,1,0.331754658,0,0.211919699,0,0.393410853,0,1,0,0.714285714,0,1,0,0,0,0,0,0,0,0,0,0
FlowOCT,compas_enc.csv,EOdds,0.05,3101,2,0,10800,9,1713,0.552402451,80.96906013,3832,10800.49241,0.572909916,0.539921466,1,0.331754658,0.017964072,0.211919699,0.048192771,0.393410853,0.021505376,1,0.15,0.714285714,0.444444444,1,0.153846154,0.009090909,0.006153846,0.018518519,0.035087719,0.142857143,0.033653846,0.035087719,0.142857143,0.033653846
FlowOCT,compas_enc.csv,EOdds,0.15,3101,2,0,10800,9,1809,0.583360206,61.91265893,4659,10800.24747,0.587815943,0.561518325,1,0.331754658,0.091925466,0.211919699,0.2,0.393410853,0.2,1,0.2,0.714285714,0.5,1,0.5,0.042635659,0.142857143,0.042735043,0.137559809,0.333333333,0.5,0.137559809,0.333333333,0.5
FlowOCT,compas_enc.csv,EOdds,0.1,3101,2,0,10800,9,1759,0.567236375,3.979533826,18327,10800.41955,0.580686973,0.555628272,1,0.331754658,0.042236025,0.211919699,0.060240964,0.393410853,0.052083333,1,0.196347032,0.714285714,0.444444444,1,0.285714286,0.018181818,0.018461538,0.036144578,0.068181818,0.142857143,0.076923077,0.068181818,0.142857143,0.076923077
FlowOCT,compas_enc.csv,EOdds,0.25,3101,2,0,10800,9,1829,0.589809739,21.70585019,5391,10800.20837,0.597537265,0.570026178,1,0.331754658,0.106832298,0.211919699,0.2,0.393410853,0.2,1,0.2,0.714285714,0.5,1,0.5,0.047803618,0.142857143,0.045584046,0.161483254,0.333333333,0.5,0.161483254,0.333333333,0.5
FlowOCT,compas_enc.csv,EOdds,0.2,3101,2,0,10800,9,1829,0.589809739,67.57791143,5592,10800.53314,0.597537265,0.570026178,1,0.331754658,0.106832298,0.211919699,0.2,0.393410853,0.2,1,0.2,0.714285714,0.5,1,0.5,0.047803618,0.142857143,0.045584046,0.161483254,0.333333333,0.5,0.161483254,0.333333333,0.5
FlowOCT,compas_enc.csv,EOdds,0.35,3101,2,0,10800,9,1862,0.600451467,66.32653061,9882,10801.15891,0.621516526,0.586387435,1,0.331754658,0.191925466,0.211919699,0.3,0.393410853,0.2,1,1,0.714285714,1,1,0.5,0.120155039,0.142857143,0.122507123,0.333333333,0.666666667,0.5,0.333333333,0.666666667,0.5
FlowOCT,compas_enc.csv,EOdds,0.3,3101,2,0,10800,2,1884,0.607545953,0,11049,5276.754058,0.611795204,0.592277487,1,0.331754658,0.214285714,0.211919699,0.2,0.393410853,0.156976744,1,0.314285714,0.714285714,0.5,1,0.462962963,0.134366925,0.142857143,0.148148148,0.288277512,0.333333333,0.347826087,0.288277512,0.333333333,0.347826087
FlowOCT,compas_enc.csv,EOdds,0.45,3101,2,0,10800,2,2012,0.64882296,0,9478,4227.301729,0.651328581,0.665575916,1,0.331754658,0.288369844,0.211919699,0.371267252,0.393410853,0.35,1,1,0.714285714,1,1,1,0.261290323,0.524421594,0.521367521,0.448192771,0.428571429,0.5,0.448192771,0.524421594,0.521367521
FlowOCT,compas_enc.csv,EOdds,0.4,3101,2,0,10800,9,1936,0.624314737,60.12396694,5644,10800.3394,0.640311082,0.621073298,1,0.331754658,0.247204969,0.211919699,0.234629862,0.393410853,0.166582661,1,0.5,0.714285714,0.5,1,0.462962963,0.25,0.142857143,0.128205128,0.351674641,0.350490196,0.391304348,0.351674641,0.350490196,0.391304348
FlowOCT,compas_enc.csv,EOdds,0.55,3101,2,0,10800,2,2032,0.655272493,0,8700,6727.55792,0.670771225,0.672120419,1,0.331754658,0.273743648,0.211919699,0.322333752,0.393410853,0.366257089,1,1,0.714285714,1,1,1,0.287096774,0.457583548,0.475783476,0.477108434,0.428571429,0.5,0.477108434,0.457583548,0.5
FlowOCT,compas_enc.csv,EOdds,0.5,3101,2,0,10800,2,2032,0.655272493,0,9632,7435.545475,0.670771225,0.672120419,1,0.331754658,0.273743648,0.211919699,0.322333752,0.393410853,0.366257089,1,1,0.714285714,1,1,1,0.287096774,0.457583548,0.475783476,0.477108434,0.428571429,0.5,0.477108434,0.457583548,0.5
FlowOCT,compas_enc.csv,EOdds,0.6,3101,2,0,10800,9,2055,0.662689455,46.32603406,10224,10800.49558,0.65521711,0.660340314,1,0.331754658,0.330538922,0.211919699,0.314870523,0.393410853,0.75,1,1,0.714285714,0.556701031,1,1,0.319354839,0.40874036,0.396011396,0.590361446,0.607142857,1,0.590361446,0.607142857,1
FlowOCT,compas_enc.csv,EOpp,0.01,3101,2,0,10800,2,1691,0.545307965,0,7596,5258.8936,0.556707712,0.532068063,1,0.331754658,0,0.211919699,0,0.393410853,0,1,0,0.714285714,0,1,0,0,0,0,0,0,0,0,0,0
FlowOCT,compas_enc.csv,EOpp,0.05,3101,2,0,10800,2,1713,0.552402451,0,14832,9823.480908,0.572909916,0.539921466,1,0.331754658,0.017964072,0.211919699,0.048192771,0.393410853,0.021505376,1,0.15,0.714285714,0.444444444,1,0.153846154,0.009090909,0.006153846,0.018518519,0.035087719,0.142857143,0.033653846,0.035087719,0.142857143,0.033653846
FlowOCT,compas_enc.csv,EOpp,0.15,3101,2,0,10800,2,1809,0.583360206,0,13412,4280.097566,0.587815943,0.561518325,1,0.331754658,0.091925466,0.211919699,0.2,0.393410853,0.2,1,0.2,0.714285714,0.5,1,0.5,0.042635659,0.142857143,0.042735043,0.137559809,0.333333333,0.5,0.137559809,0.333333333,0.5
FlowOCT,compas_enc.csv,EOpp,0.1,3101,2,0,10800,2,1759,0.567236375,0,11673,4346.1951,0.580686973,0.555628272,1,0.331754658,0.042236025,0.211919699,0.060240964,0.393410853,0.052083333,1,0.196347032,0.714285714,0.444444444,1,0.285714286,0.018181818,0.018461538,0.036144578,0.068181818,0.142857143,0.076923077,0.068181818,0.142857143,0.076923077
FlowOCT,compas_enc.csv,EOpp,0.25,3101,2,0,10800,2,1834,0.591422122,0,8301,3152.837599,0.594296824,0.603403141,1,0.331754658,0.243113772,0.211919699,0.276413055,0.393410853,0.36294896,1,1,0.714285714,1,1,1,0.313636364,0.652956298,0.5,0.210526316,0.321428571,0.217391304,0.313636364,0.652956298,0.5
FlowOCT,compas_enc.csv,EOpp,0.2,3101,2,0,10800,2,1829,0.589809739,0,10036,4947.909456,0.597537265,0.570026178,1,0.331754658,0.106832298,0.211919699,0.2,0.393410853,0.2,1,0.2,0.714285714,0.5,1,0.5,0.047803618,0.142857143,0.045584046,0.161483254,0.333333333,0.5,0.161483254,0.333333333,0.5
FlowOCT,compas_enc.csv,EOpp,0.35,3101,2,0,10800,2,1904,0.613995485,0,9620,3824.581002,0.622164614,0.601439791,1,0.331754658,0.232298137,0.211919699,0.3,0.393410853,0.142473118,1,0.375757576,0.714285714,1,1,0.462962963,0.143410853,0.142857143,0.153846154,0.314593301,0.666666667,0.326086957,0.314593301,0.666666667,0.326086957
FlowOCT,compas_enc.csv,EOpp,0.3,3101,2,0,10800,2,1884,0.607545953,0,8977,5253.045687,0.611795204,0.592277487,1,0.331754658,0.214285714,0.211919699,0.2,0.393410853,0.156976744,1,0.314285714,0.714285714,0.5,1,0.462962963,0.134366925,0.142857143,0.148148148,0.288277512,0.333333333,0.347826087,0.288277512,0.333333333,0.347826087
FlowOCT,compas_enc.csv,EOpp,0.45,3101,2,0,10800,2,2012,0.64882296,0,6352,4588.295113,0.651328581,0.665575916,1,0.331754658,0.288369844,0.211919699,0.371267252,0.393410853,0.35,1,1,0.714285714,1,1,1,0.261290323,0.524421594,0.521367521,0.448192771,0.428571429,0.5,0.448192771,0.524421594,0.521367521
FlowOCT,compas_enc.csv,EOpp,0.4,3101,2,0,10800,2,1964,0.633344083,0,7817,2900.481744,0.644199611,0.623691099,1,0.331754658,0.267701863,0.211919699,0.249686324,0.393410853,0.279947917,1,0.468812877,0.714285714,0.5,1,0.5,0.142118863,0.142857143,0.150997151,0.383971292,0.370098039,0.5,0.383971292,0.370098039,0.5
FlowOCT,compas_enc.csv,EOpp,0.55,3101,2,0,10800,2,2032,0.655272493,0,6159,2352.877716,0.670771225,0.672120419,1,0.331754658,0.273743648,0.211919699,0.322333752,0.393410853,0.366257089,1,1,0.714285714,1,1,1,0.287096774,0.457583548,0.475783476,0.477108434,0.428571429,0.5,0.477108434,0.457583548,0.5
FlowOCT,compas_enc.csv,EOpp,0.5,3101,2,0,10800,2,2032,0.655272493,0,7627,3688.926008,0.670771225,0.672120419,1,0.331754658,0.273743648,0.211919699,0.322333752,0.393410853,0.366257089,1,1,0.714285714,1,1,1,0.287096774,0.457583548,0.475783476,0.477108434,0.428571429,0.5,0.477108434,0.457583548,0.5
FlowOCT,compas_enc.csv,EOpp,0.6,3101,2,0,10800,2,2055,0.662689455,0,5760,3755.801656,0.65521711,0.660340314,1,0.331754658,0.330538922,0.211919699,0.314870523,0.393410853,0.75,1,1,0.714285714,0.556701031,1,1,0.319354839,0.40874036,0.396011396,0.590361446,0.607142857,1,0.590361446,0.607142857,1
FlowOCT,compas_enc.csv,None,1,3101,2,0,10800,2,2073,0.668494034,0,4520,710.2290373,0.69669475,0.657068063,1,0.331754658,0.5375,0.211919699,0.385164245,0.393410853,0.567204301,1,1,0.714285714,0.556701031,1,1,0.5,0.323907455,1,0.736842105,0.714285714,0.41025641,0.736842105,0.714285714,1
FlowOCT,compas_enc.csv,PE,0.01,3101,2,0,10800,2,1719,0.554337311,0,8612,2681.75346,0.561244329,0.535340314,1,0.331754658,0.2,0.211919699,0.5,0.393410853,0.02734375,1,0.5,0.714285714,1,1,0.064638783,0.007751938,0.010282776,0.022792023,1,1,0.03117506,1,1,0.03117506
FlowOCT,compas_enc.csv,PE,0.05,3101,2,0,10800,2,1829,0.589809739,0,9136,4472.25538,0.597537265,0.570026178,1,0.331754658,0.106832298,0.211919699,0.2,0.393410853,0.2,1,0.2,0.714285714,0.5,1,0.5,0.047803618,0.142857143,0.045584046,0.161483254,0.333333333,0.5,0.161483254,0.333333333,0.5
FlowOCT,compas_enc.csv,PE,0.15,3101,2,0,10800,2,2032,0.655272493,0,7247,4532.524974,0.646791964,0.65052356,1,0.331754658,0.245174248,0.211919699,0.295052229,0.393410853,0.75,1,1,0.714285714,0.444444444,1,1,0.148978154,0.36503856,0.37037037,0.666666667,0.678571429,1,0.666666667,0.678571429,1
FlowOCT,compas_enc.csv,PE,0.1,3101,2,0,10800,2,1887,0.608513383,0,9430,8653.88299,0.624756967,0.588350785,1,0.331754658,0.2,0.211919699,0.2,0.393410853,0.196236559,1,0.5,0.714285714,0.5,1,0.462962963,0.082687339,0.142857143,0.085470085,1,0.333333333,0.413043478,1,0.333333333,0.413043478
FlowOCT,compas_enc.csv,PE,0.25,3101,2,0,10800,2,2043,0.658819736,0,5606,3636.295844,0.6830849,0.645942408,1,0.331754658,0.316614907,0.211919699,0.415662651,0.393410853,0.337209302,1,1,0.714285714,0.666666667,1,1,0.215386422,0.262210797,0.319088319,0.719298246,0.75,0.41025641,0.719298246,0.75,0.41025641
FlowOCT,compas_enc.csv,PE,0.2,3101,2,0,10800,2,2040,0.657852306,0,9160,2874.234414,0.685029164,0.665575916,1,0.331754658,0.374145963,0.211919699,0.343373494,0.393410853,0.290697674,1,1,0.714285714,0.41,1,0.5,0.181474856,0.28277635,0.333333333,1,0.678571429,0.307692308,1,0.678571429,0.333333333
FlowOCT,compas_enc.csv,PE,0.35,3101,2,0,10800,2,2055,0.662689455,0,7886,2707.572056,0.65521711,0.660340314,1,0.331754658,0.330538922,0.211919699,0.314870523,0.393410853,0.75,1,1,0.714285714,0.556701031,1,1,0.319354839,0.40874036,0.396011396,0.590361446,0.607142857,1,0.590361446,0.607142857,1
FlowOCT,compas_enc.csv,PE,0.3,3101,2,0,10800,2,2054,0.662366978,0,8582,5261.81752,0.674011666,0.652486911,1,0.331754658,0.327939153,0.211919699,0.36746988,0.393410853,0.307753696,1,1,0.714285714,0.523809524,1,1,0.268451961,0.318766067,0.347578348,0.666666667,0.75,0.384615385,0.666666667,0.75,0.384615385
FlowOCT,compas_enc.csv,PE,0.45,3101,2,0,10800,2,2055,0.662689455,0,8064,3548.252297,0.65521711,0.660340314,1,0.331754658,0.330538922,0.211919699,0.314870523,0.393410853,0.75,1,1,0.714285714,0.556701031,1,1,0.319354839,0.40874036,0.396011396,0.590361446,0.607142857,1,0.590361446,0.607142857,1
FlowOCT,compas_enc.csv,PE,0.4,3101,2,0,10800,2,2055,0.662689455,0,9085,4294.351484,0.65521711,0.660340314,1,0.331754658,0.330538922,0.211919699,0.314870523,0.393410853,0.75,1,1,0.714285714,0.556701031,1,1,0.319354839,0.40874036,0.396011396,0.590361446,0.607142857,1,0.590361446,0.607142857,1
FlowOCT,compas_enc.csv,PE,0.55,3101,2,0,10800,2,2073,0.668494034,0,6735,3190.296755,0.69669475,0.657068063,1,0.331754658,0.5375,0.211919699,0.385164245,0.393410853,0.567204301,1,1,0.714285714,0.556701031,1,1,0.5,0.323907455,1,0.736842105,0.714285714,0.41025641,0.736842105,0.714285714,1
FlowOCT,compas_enc.csv,PE,0.5,3101,2,0,10800,2,2073,0.668494034,0,11390,5317.640409,0.69669475,0.657068063,1,0.331754658,0.5375,0.211919699,0.385164245,0.393410853,0.567204301,1,1,0.714285714,0.556701031,1,1,0.5,0.323907455,1,0.736842105,0.714285714,0.41025641,0.736842105,0.714285714,1
FlowOCT,compas_enc.csv,PE,0.6,3101,2,0,10800,2,2073,0.668494034,0,5110,3346.772213,0.69669475,0.657068063,1,0.331754658,0.5375,0.211919699,0.385164245,0.393410853,0.567204301,1,1,0.714285714,0.556701031,1,1,0.5,0.323907455,1,0.736842105,0.714285714,0.41025641,0.736842105,0.714285714,1
FlowOCT,compas_enc.csv,SP,0.01,3101,2,0,10800,9,1691,0.545307965,72.26493199,1899,10800.58625,0.556707712,0.532068063,1,0.331754658,0,0.211919699,0,0.393410853,0,1,0,0.714285714,0,1,0,0,0,0,0,0,0,0,0,0
FlowOCT,compas_enc.csv,SP,0.05,3101,2,0,10800,9,1759,0.567236375,69.13018761,4079,10800.77961,0.580686973,0.555628272,1,0.331754658,0.042236025,0.211919699,0.060240964,0.393410853,0.052083333,1,0.196347032,0.714285714,0.444444444,1,0.285714286,0.018181818,0.018461538,0.036144578,0.068181818,0.142857143,0.076923077,0.068181818,0.142857143,0.076923077
FlowOCT,compas_enc.csv,SP,0.15,3101,2,0,10800,9,1908,0.615285392,60.95387841,5584,10800.63726,0.64095917,0.626308901,1,0.331754658,0.11257485,0.211919699,0.234939759,0.393410853,0.434310019,1,1,0.714285714,0.368421053,1,1,0.120353806,0.304878049,0.333333333,0.666666667,0.571428571,0.585131894,0.666666667,0.571428571,0.585131894
FlowOCT,compas_enc.csv,SP,0.1,3101,2,0,10800,9,1814,0.584972589,67.91620728,4859,10800.2074,0.586519767,0.568717277,1,0.331754658,0.086848663,0.211919699,0.3,0.393410853,0.2,1,1,0.714285714,1,1,0.5,0.173076923,0.158536585,0.150997151,0.666666667,0.666666667,0.5,0.666666667,0.666666667,0.5
FlowOCT,compas_enc.csv,SP,0.25,3101,2,0,10800,2,2036,0.656562399,0,13114,9848.168777,0.669475049,0.666230366,1,0.331754658,0.246862796,0.211919699,0.295551088,0.393410853,0.472117202,1,1,0.714285714,0.36,1,1,0.170988959,0.362467866,0.373219373,0.666666667,0.571428571,0.538461538,0.666666667,0.571428571,0.538461538
FlowOCT,compas_enc.csv,SP,0.2,3101,2,0,10800,9,1966,0.633989036,57.37538149,5364,10800.66512,0.615035645,0.627617801,1,0.331754658,0.196728778,0.211919699,0.3,0.393410853,0.3,1,1,0.714285714,0.80952381,1,1,0.153361599,0.287917738,0.279202279,0.710843373,0.743718593,0.34057971,0.710843373,0.743718593,0.34057971
FlowOCT,compas_enc.csv,SP,0.35,3101,2,0,10800,2,2055,0.662689455,0,13841,7779.555538,0.65521711,0.660340314,1,0.331754658,0.330538922,0.211919699,0.314870523,0.393410853,0.75,1,1,0.714285714,0.556701031,1,1,0.319354839,0.40874036,0.396011396,0.590361446,0.607142857,1,0.590361446,0.607142857,1
FlowOCT,compas_enc.csv,SP,0.3,3101,2,0,10800,2,2036,0.656562399,0,10434,5603.422689,0.669475049,0.666230366,1,0.331754658,0.246862796,0.211919699,0.295551088,0.393410853,0.472117202,1,1,0.714285714,0.36,1,1,0.170988959,0.362467866,0.373219373,0.666666667,0.571428571,0.538461538,0.666666667,0.571428571,0.538461538
FlowOCT,compas_enc.csv,SP,0.45,3101,2,0,10800,9,2055,0.662689455,17.12895377,10934,10800.47911,0.65521711,0.660340314,1,0.331754658,0.330538922,0.211919699,0.314870523,0.393410853,0.75,1,1,0.714285714,0.556701031,1,1,0.319354839,0.40874036,0.396011396,0.590361446,0.607142857,1,0.590361446,0.607142857,1
FlowOCT,compas_enc.csv,SP,0.4,3101,2,0,10800,9,2055,0.662689455,45.93673966,6776,10800.58329,0.65521711,0.660340314,1,0.331754658,0.330538922,0.211919699,0.314870523,0.393410853,0.75,1,1,0.714285714,0.556701031,1,1,0.319354839,0.40874036,0.396011396,0.590361446,0.607142857,1,0.590361446,0.607142857,1
FlowOCT,compas_enc.csv,SP,0.55,3101,2,0,10800,2,2073,0.668494034,0,8151,4783.818496,0.69669475,0.657068063,1,0.331754658,0.5375,0.211919699,0.385164245,0.393410853,0.567204301,1,1,0.714285714,0.556701031,1,1,0.5,0.323907455,1,0.736842105,0.714285714,0.41025641,0.736842105,0.714285714,1
FlowOCT,compas_enc.csv,SP,0.5,3101,2,0,10800,9,2055,0.662689455,50.3649635,5567,10800.43618,0.65521711,0.660340314,1,0.331754658,0.330538922,0.211919699,0.314870523,0.393410853,0.75,1,1,0.714285714,0.556701031,1,1,0.319354839,0.40874036,0.396011396,0.590361446,0.607142857,1,0.590361446,0.607142857,1
FlowOCT,compas_enc.csv,SP,0.6,3101,2,0,10800,2,2073,0.668494034,0,13479,7597.753196,0.69669475,0.657068063,1,0.331754658,0.5375,0.211919699,0.385164245,0.393410853,0.567204301,1,1,0.714285714,0.556701031,1,1,0.5,0.323907455,1,0.736842105,0.714285714,0.41025641,0.736842105,0.714285714,1
FlowOCT,compas_enc.csv,CSP,0.01,3101,2,0,10800,2,2021,0.65172525,0,599,2918.661734,0.62022035,0.619764398,2,0.377777778,0.488888889,0.315489467,0.335811648,0.254326329,0.203876601,0.606965174,0,0.833333333,1,1,0,0.17867036,0.25,0.333333333,0.75,0.444711538,0.401960784,0.75,0.444711538,0.401960784
FlowOCT,compas_enc.csv,CSP,0.05,3101,2,0,10800,2,2021,0.65172525,0,941,1687.809108,0.62022035,0.619764398,2,0.377777778,0.488888889,0.315489467,0.335811648,0.254326329,0.203876601,0.606965174,0,0.833333333,1,1,0,0.17867036,0.25,0.333333333,0.75,0.444711538,0.401960784,0.75,0.444711538,0.401960784
FlowOCT,compas_enc.csv,CSP,0.15,3101,2,0,10800,2,2041,0.658174782,0,3044,4834.587272,0.618924174,0.62565445,2,0.377777778,0.488888889,0.315489467,0.36802974,0.254326329,0.231557215,0.606965174,0.127403846,0.833333333,1,1,0.140271493,0.210526316,0.255754476,0.333333333,0.75,0.473557692,0.448529412,0.75,0.473557692,0.448529412
FlowOCT,compas_enc.csv,CSP,0.1,3101,2,0,10800,2,2030,0.65462754,0,1542,3578.408986,0.616331821,0.62434555,2,0.377777778,0.488888889,0.315489467,0.334572491,0.254326329,0.201404413,0.606965174,0.071428571,0.833333333,1,1,0.058823529,0.175900277,0.25,0.333333333,0.75,0.442307692,0.404411765,0.75,0.442307692,0.404411765
FlowOCT,compas_enc.csv,CSP,0.25,3101,2,0,10800,2,2128,0.686230248,0,3443,4600.462236,0.641607259,0.641361257,2,0.377777778,0.488888889,0.315489467,0.335443038,0.254326329,0.291376272,0.606965174,0.248756219,0.833333333,1,1,1,0.25900277,0.306905371,0.333333333,0.75,0.818181818,0.666666667,0.75,0.818181818,0.666666667
FlowOCT,compas_enc.csv,CSP,0.2,3101,2,0,10800,2,2100,0.677200903,0,4304,3210.641069,0.63771873,0.623036649,2,0.377777778,0.488888889,0.315489467,0.32278481,0.254326329,0.242642611,0.606965174,0.195402299,0.833333333,1,1,1,0.239612188,0.304347826,0.333333333,0.75,1,0.666666667,0.75,1,0.666666667
FlowOCT,compas_enc.csv,CSP,0.35,3101,2,0,10800,2,2128,0.686230248,0,5110,3865.561416,0.641607259,0.641361257,2,0.377777778,0.488888889,0.315489467,0.335443038,0.254326329,0.291376272,0.606965174,0.248756219,0.833333333,1,1,1,0.25900277,0.306905371,0.333333333,0.75,0.818181818,0.666666667,0.75,0.818181818,0.666666667
FlowOCT,compas_enc.csv,CSP,0.3,3101,2,0,10800,2,2128,0.686230248,0,5305,4500.774404,0.641607259,0.641361257,2,0.377777778,0.488888889,0.315489467,0.335443038,0.254326329,0.291376272,0.606965174,0.248756219,0.833333333,1,1,1,0.25900277,0.306905371,0.333333333,0.75,0.818181818,0.666666667,0.75,0.818181818,0.666666667
FlowOCT,compas_enc.csv,CSP,0.45,3101,2,0,10800,2,2136,0.688810061,0,3514,5349.136712,0.643551523,0.644633508,2,0.377777778,0.433333333,0.315489467,0.32278481,0.254326329,0.301751571,0.606965174,0.35862069,0.833333333,1,1,1,0.239612188,0.319693095,0.333333333,0.75,1,0.666666667,0.75,1,0.666666667
FlowOCT,compas_enc.csv,CSP,0.4,3101,2,0,10800,2,2136,0.688810061,0,5072,4756.052881,0.643551523,0.644633508,2,0.377777778,0.433333333,0.315489467,0.32278481,0.254326329,0.301751571,0.606965174,0.35862069,0.833333333,1,1,1,0.239612188,0.319693095,0.333333333,0.75,1,0.666666667,0.75,1,0.666666667
FlowOCT,compas_enc.csv,CSP,0.55,3101,2,0,10800,2,2136,0.688810061,0,3746,4529.315632,0.643551523,0.644633508,2,0.377777778,0.433333333,0.315489467,0.32278481,0.254326329,0.301751571,0.606965174,0.35862069,0.833333333,1,1,1,0.239612188,0.319693095,0.333333333,0.75,1,0.666666667,0.75,1,0.666666667
FlowOCT,compas_enc.csv,CSP,0.5,3101,2,0,10800,2,2136,0.688810061,0,5435,4069.434053,0.643551523,0.644633508,2,0.377777778,0.433333333,0.315489467,0.32278481,0.254326329,0.301751571,0.606965174,0.35862069,0.833333333,1,1,1,0.239612188,0.319693095,0.333333333,0.75,1,0.666666667,0.75,1,0.666666667
FlowOCT,compas_enc.csv,CSP,0.6,3101,2,0,10800,9,2136,0.688810061,44.85018727,3166,10800.30231,0.643551523,0.644633508,2,0.377777778,0.433333333,0.315489467,0.32278481,0.254326329,0.301751571,0.606965174,0.35862069,0.833333333,1,1,1,0.239612188,0.319693095,0.333333333,0.75,1,0.666666667,0.75,1,0.666666667
FlowOCT,compas_enc.csv,EOdds,0.01,3101,2,0,10800,9,1691,0.545307965,60.6741573,3450,10800.18311,0.539857421,0.54908377,2,0.377777778,0,0.315489467,0,0.254326329,0,0.606965174,0,0.833333333,0,1,0,0,0,0,0,0,0,0,0,0
FlowOCT,compas_enc.csv,EOdds,0.05,3101,2,0,10800,9,1712,0.552079974,2.745327103,3233,10800.5984,0.545690214,0.556282723,2,0.377777778,0.017960231,0.315489467,0.021065675,0.254326329,0.017305315,0.606965174,0.031558185,0.833333333,0.036900369,1,0.058823529,0.009695291,0.010230179,0.007481297,0.028368794,0.03125,0.026960784,0.028368794,0.03125,0.026960784
FlowOCT,compas_enc.csv,EOdds,0.15,3101,2,0,10800,9,1806,0.582392777,71.65005537,3799,10801.89133,0.566429034,0.585078534,2,0.377777778,0.08659397,0.315489467,0.2,0.254326329,0.125,0.606965174,0.5,0.833333333,0.5,1,1,0.071428571,0.035805627,0.042394015,0.127837515,1,0.333333333,0.127837515,1,0.333333333
FlowOCT,compas_enc.csv,EOdds,0.1,3101,2,0,10800,9,1765,0.569171235,75.63739377,3101,10800.90213,0.556707712,0.57591623,2,0.377777778,0.052941176,0.315489467,0.044609665,0.254326329,0.04697157,0.606965174,0.304347826,0.833333333,0.230769231,1,0.219298246,0.033898305,0.023017903,0.017456359,0.096153846,0.064903846,0.081081081,0.096153846,0.064903846,0.081081081
FlowOCT,compas_enc.csv,EOdds,0.25,3101,2,0,10800,2,2003,0.645920671,0,10295,8708.792193,0.60985094,0.616492147,2,0.377777778,0.193638456,0.315489467,0.4,0.254326329,0.287234043,0.606965174,0.485207101,0.833333333,1,1,1,0.227146814,0.25,0.498881432,0.243428913,1,0.666666667,0.243428913,1,0.666666667
FlowOCT,compas_enc.csv,EOdds,0.2,3101,2,0,10800,2,1966,0.633989036,0,8513,8462.064897,0.596241089,0.602748691,2,0.377777778,0.159575226,0.315489467,0.4,0.254326329,0.276885043,0.606965174,0.666666667,0.833333333,1,1,1,0.159279778,0.25,0.21446384,0.123626374,1,0.666666667,0.159279778,1,0.666666667
FlowOCT,compas_enc.csv,EOdds,0.35,3101,2,0,10800,9,2104,0.678490809,17.53802281,8185,10800.48419,0.635126377,0.637434555,2,0.377777778,0.310954315,0.315489467,0.335443038,0.254326329,0.276543145,0.606965174,0.666666667,0.833333333,1,1,1,0.245152355,0.296675192,0.333333333,0.324671446,0.818181818,0.666666667,0.324671446,0.818181818,0.666666667
FlowOCT,compas_enc.csv,EOdds,0.3,3101,2,0,10800,2,2034,0.655917446,0,8063,6612.287133,0.629941672,0.626963351,2,0.377777778,0.234872782,0.315489467,0.417596035,0.254326329,0.290697674,0.606965174,1,0.833333333,1,1,0.153846154,0.242382271,0.281329923,0.666666667,0.288829152,0.545673077,0.666666667,0.288829152,0.545673077,0.666666667
FlowOCT,compas_enc.csv,EOdds,0.45,3101,2,0,10800,2,2126,0.685585295,0,8763,7746.273767,0.64095917,0.642015707,2,0.377777778,0.335328915,0.315489467,0.448574969,0.254326329,0.419035847,0.606965174,0.666666667,0.833333333,1,1,1,0.25900277,0.306905371,0.296758105,0.358124253,1,0.666666667,0.358124253,1,0.666666667
FlowOCT,compas_enc.csv,EOdds,0.4,3101,2,0,10800,2,2126,0.685585295,0,6141,3582.431525,0.64095917,0.642015707,2,0.377777778,0.335328915,0.315489467,0.448574969,0.254326329,0.419035847,0.606965174,0.666666667,0.833333333,1,1,1,0.25900277,0.306905371,0.296758105,0.358124253,1,0.666666667,0.358124253,1,0.666666667
FlowOCT,compas_enc.csv,EOdds,0.55,3101,2,0,10800,2,2135,0.688487585,0,11073,7057.558521,0.637070642,0.645942408,2,0.377777778,0.433333333,0.315489467,0.4133829,0.254326329,0.494680851,0.606965174,1,0.833333333,1,1,1,0.391966759,0.465473146,0.666666667,0.505494505,1,0.540540541,0.505494505,1,0.666666667
FlowOCT,compas_enc.csv,EOdds,0.5,3101,2,0,10800,2,2127,0.685907772,0,5908,5845.903881,0.63771873,0.653141361,2,0.377777778,0.432185874,0.315489467,0.560099133,0.254326329,0.291297373,0.606965174,1,0.833333333,1,1,1,0.355955679,0.42455243,0.396508728,0.454898447,1,1,0.454898447,1,1
FlowOCT,compas_enc.csv,EOdds,0.6,3101,2,0,10800,2,2135,0.688487585,0,11728,9843.901928,0.637070642,0.645942408,2,0.377777778,0.433333333,0.315489467,0.4133829,0.254326329,0.494680851,0.606965174,1,0.833333333,1,1,1,0.391966759,0.465473146,0.666666667,0.505494505,1,0.540540541,0.505494505,1,0.666666667
FlowOCT,compas_enc.csv,EOpp,0.01,3101,2,0,10800,2,1691,0.545307965,0,7342,5769.458178,0.539857421,0.54908377,2,0.377777778,0,0.315489467,0,0.254326329,0,0.606965174,0,0.833333333,0,1,0,0,0,0,0,0,0,0,0,0
FlowOCT,compas_enc.csv,EOpp,0.05,3101,2,0,10800,2,1712,0.552079974,0,12634,3995.653632,0.545690214,0.556282723,2,0.377777778,0.017960231,0.315489467,0.021065675,0.254326329,0.017305315,0.606965174,0.031558185,0.833333333,0.036900369,1,0.058823529,0.009695291,0.010230179,0.007481297,0.028368794,0.03125,0.026960784,0.028368794,0.03125,0.026960784
FlowOCT,compas_enc.csv,EOpp,0.15,3101,2,0,10800,2,1966,0.633989036,0,7514,4683.396968,0.596241089,0.602748691,2,0.377777778,0.159575226,0.315489467,0.4,0.254326329,0.276885043,0.606965174,0.666666667,0.833333333,1,1,1,0.159279778,0.25,0.21446384,0.123626374,1,0.666666667,0.159279778,1,0.666666667
FlowOCT,compas_enc.csv,EOpp,0.1,3101,2,0,10800,2,1922,0.619800064,0,8589,6575.800595,0.587167855,0.584424084,2,0.377777778,0.199094861,0.315489467,0.373417722,0.254326329,0.25,0.606965174,0.623188406,0.833333333,1,1,1,0.16066482,0.25,0.209476309,0.08572282,1,0.666666667,0.16066482,1,0.666666667
FlowOCT,compas_enc.csv,EOpp,0.25,3101,2,0,10800,2,2053,0.662044502,0,7881,5084.059077,0.625405055,0.642015707,2,0.377777778,0.269347168,0.315489467,0.4,0.254326329,0.298449612,0.606965174,0.820895522,0.833333333,1,1,0.296875,0.428571429,0.5,0.586666667,0.208436725,0.492788462,0.666666667,0.428571429,0.5,0.666666667
FlowOCT,compas_enc.csv,EOpp,0.2,3101,2,0,10800,2,1966,0.633989036,0,14011,9232.319658,0.596241089,0.602748691,2,0.377777778,0.159575226,0.315489467,0.4,0.254326329,0.276885043,0.606965174,0.666666667,0.833333333,1,1,1,0.159279778,0.25,0.21446384,0.123626374,1,0.666666667,0.159279778,1,0.666666667
FlowOCT,compas_enc.csv,EOpp,0.35,3101,2,0,10800,2,2104,0.678490809,0,9236,3274.051246,0.635126377,0.637434555,2,0.377777778,0.310954315,0.315489467,0.335443038,0.254326329,0.276543145,0.606965174,0.666666667,0.833333333,1,1,1,0.245152355,0.296675192,0.333333333,0.324671446,0.818181818,0.666666667,0.324671446,0.818181818,0.666666667
FlowOCT,compas_enc.csv,EOpp,0.3,3101,2,0,10800,2,2063,0.665269268,0,6977,3301.959003,0.655865198,0.638089005,2,0.377777778,0.394117647,0.315489467,0.381378131,0.254326329,0.484042553,0.606965174,0.861111111,0.833333333,0.925925926,1,1,0.381355932,0.414322251,0.466666667,0.298662807,0.742857143,0.675675676,0.381355932,0.742857143,0.675675676
FlowOCT,compas_enc.csv,EOpp,0.45,3101,2,0,10800,2,2126,0.685585295,0,6092,3190.524676,0.64095917,0.642015707,2,0.377777778,0.335328915,0.315489467,0.448574969,0.254326329,0.419035847,0.606965174,0.666666667,0.833333333,1,1,1,0.25900277,0.306905371,0.296758105,0.358124253,1,0.666666667,0.358124253,1,0.666666667
FlowOCT,compas_enc.csv,EOpp,0.4,3101,2,0,10800,2,2126,0.685585295,0,5499,2613.559628,0.64095917,0.642015707,2,0.377777778,0.335328915,0.315489467,0.448574969,0.254326329,0.419035847,0.606965174,0.666666667,0.833333333,1,1,1,0.25900277,0.306905371,0.296758105,0.358124253,1,0.666666667,0.358124253,1,0.666666667
FlowOCT,compas_enc.csv,EOpp,0.55,3101,2,0,10800,2,2135,0.688487585,0,7617,3767.876222,0.637070642,0.645942408,2,0.377777778,0.433333333,0.315489467,0.4133829,0.254326329,0.494680851,0.606965174,1,0.833333333,1,1,1,0.391966759,0.465473146,0.666666667,0.505494505,1,0.540540541,0.505494505,1,0.666666667
FlowOCT,compas_enc.csv,EOpp,0.5,3101,2,0,10800,2,2127,0.685907772,0,5953,3114.603265,0.63771873,0.653141361,2,0.377777778,0.432185874,0.315489467,0.560099133,0.254326329,0.291297373,0.606965174,1,0.833333333,1,1,1,0.355955679,0.42455243,0.396508728,0.454898447,1,1,0.454898447,1,1
FlowOCT,compas_enc.csv,EOpp,0.6,3101,2,0,10800,2,2135,0.688487585,0,6370,2219.093252,0.637070642,0.645942408,2,0.377777778,0.433333333,0.315489467,0.4133829,0.254326329,0.494680851,0.606965174,1,0.833333333,1,1,1,0.391966759,0.465473146,0.666666667,0.505494505,1,0.540540541,0.505494505,1,0.666666667
FlowOCT,compas_enc.csv,None,1,3101,2,0,10800,2,2143,0.691067398,0,5523,758.3949571,0.639014906,0.64921466,2,0.377777778,0.433333333,0.315489467,0.382403965,0.254326329,0.316019252,0.606965174,1,0.833333333,1,1,1,0.33933518,0.439897698,0.666666667,0.75,1,1,0.75,1,1
FlowOCT,compas_enc.csv,PE,0.01,3101,2,0,10800,2,1712,0.552079974,0,11219,4811.829376,0.545690214,0.556282723,2,0.377777778,0.017960231,0.315489467,0.021065675,0.254326329,0.017305315,0.606965174,0.031558185,0.833333333,0.036900369,1,0.058823529,0.009695291,0.010230179,0.007481297,0.028368794,0.03125,0.026960784,0.028368794,0.03125,0.026960784
FlowOCT,compas_enc.csv,PE,0.05,3101,2,0,10800,2,1788,0.576588197,0,7629,10039.43757,0.565132858,0.573298429,2,0.377777778,0.08659397,0.315489467,0.5,0.254326329,0.125,0.606965174,0.130434783,0.833333333,1,1,1,0.04432133,0.050632911,0.042394015,0.123058542,1,0.333333333,0.123058542,1,0.333333333
FlowOCT,compas_enc.csv,PE,0.15,3101,2,0,10800,2,2012,0.64882296,0,8902,5086.562857,0.615683733,0.636780105,2,0.377777778,0.344444444,0.315489467,0.424050633,0.254326329,0.186170213,0.606965174,1,0.833333333,1,1,1,0.14265928,0.215189873,0.333333333,0.666666667,0.857142857,0.407407407,0.666666667,0.857142857,0.407407407
FlowOCT,compas_enc.csv,PE,0.1,3101,2,0,10800,2,1929,0.622057401,0,9009,6135.910854,0.607906675,0.621073298,2,0.377777778,0.364705882,0.315489467,0.180916976,0.254326329,0.25,0.606965174,0.495934959,0.833333333,0.439114391,1,1,0.074792244,0.079283887,0.333333333,0.666666667,0.276442308,0.276960784,0.666666667,0.276442308,0.333333333
FlowOCT,compas_enc.csv,PE,0.25,3101,2,0,10800,2,2136,0.688810061,0,5260,4013.007864,0.643551523,0.644633508,2,0.377777778,0.433333333,0.315489467,0.32278481,0.254326329,0.301751571,0.606965174,0.35862069,0.833333333,1,1,1,0.239612188,0.319693095,0.333333333,0.75,1,0.666666667,0.75,1,0.666666667
FlowOCT,compas_enc.csv,PE,0.2,3101,2,0,10800,2,2063,0.665269268,0,8549,3997.673305,0.629941672,0.632198953,2,0.377777778,0.488888889,0.315489467,0.369268897,0.254326329,0.227848934,0.606965174,0.248756219,0.833333333,1,1,0.245614035,0.191135734,0.25,0.333333333,0.75,0.487980769,0.450980392,0.75,0.487980769,0.450980392
FlowOCT,compas_enc.csv,PE,0.35,3101,2,0,10800,2,2143,0.691067398,0,6353,3886.400504,0.639014906,0.64921466,2,0.377777778,0.433333333,0.315489467,0.382403965,0.254326329,0.316019252,0.606965174,1,0.833333333,1,1,1,0.33933518,0.439897698,0.666666667,0.75,1,1,0.75,1,1
FlowOCT,compas_enc.csv,PE,0.3,3101,2,0,10800,2,2136,0.688810061,0,4761,3197.592882,0.643551523,0.644633508,2,0.377777778,0.433333333,0.315489467,0.32278481,0.254326329,0.301751571,0.606965174,0.35862069,0.833333333,1,1,1,0.239612188,0.319693095,0.333333333,0.75,1,0.666666667,0.75,1,0.666666667
FlowOCT,compas_enc.csv,PE,0.45,3101,2,0,10800,2,2143,0.691067398,0,3735,2837.386229,0.639014906,0.64921466,2,0.377777778,0.433333333,0.315489467,0.382403965,0.254326329,0.316019252,0.606965174,1,0.833333333,1,1,1,0.33933518,0.439897698,0.666666667,0.75,1,1,0.75,1,1
FlowOCT,compas_enc.csv,PE,0.4,3101,2,0,10800,2,2143,0.691067398,0,5258,2715.676284,0.639014906,0.64921466,2,0.377777778,0.433333333,0.315489467,0.382403965,0.254326329,0.316019252,0.606965174,1,0.833333333,1,1,1,0.33933518,0.439897698,0.666666667,0.75,1,1,0.75,1,1
FlowOCT,compas_enc.csv,PE,0.55,3101,2,0,10800,2,2143,0.691067398,0,6937,4195.00278,0.639014906,0.64921466,2,0.377777778,0.433333333,0.315489467,0.382403965,0.254326329,0.316019252,0.606965174,1,0.833333333,1,1,1,0.33933518,0.439897698,0.666666667,0.75,1,1,0.75,1,1
FlowOCT,compas_enc.csv,PE,0.5,3101,2,0,10800,2,2143,0.691067398,0,6080,4027.328046,0.639014906,0.64921466,2,0.377777778,0.433333333,0.315489467,0.382403965,0.254326329,0.316019252,0.606965174,1,0.833333333,1,1,1,0.33933518,0.439897698,0.666666667,0.75,1,1,0.75,1,1
FlowOCT,compas_enc.csv,PE,0.6,3101,2,0,10800,2,2143,0.691067398,0,6247,4012.411537,0.639014906,0.64921466,2,0.377777778,0.433333333,0.315489467,0.382403965,0.254326329,0.316019252,0.606965174,1,0.833333333,1,1,1,0.33933518,0.439897698,0.666666667,0.75,1,1,0.75,1,1
FlowOCT,compas_enc.csv,SP,0.01,3101,2,0,10800,9,1691,0.545307965,1.655824956,16326,10800.86535,0.539857421,0.54908377,2,0.377777778,0,0.315489467,0,0.254326329,0,0.606965174,0,0.833333333,0,1,0,0,0,0,0,0,0,0,0,0
FlowOCT,compas_enc.csv,SP,0.05,3101,2,0,10800,9,1753,0.565301516,66.68568169,928,10800.45647,0.545042126,0.559554974,2,0.377777778,0.04425914,0.315489467,0.06504065,0.254326329,0.125,0.606965174,0.117647059,0.833333333,0.166666667,1,1,0.018072289,0.045454545,0.034912718,0.076923077,0.113636364,0.333333333,0.076923077,0.113636364,0.333333333
FlowOCT,compas_enc.csv,SP,0.15,3101,2,0,10800,9,1960,0.632054176,56.73469388,2788,10800.33781,0.609202852,0.60078534,2,0.377777778,0.1,0.315489467,0.8,0.254326329,0.375,0.606965174,1,0.833333333,1,1,1,0.5,1,0.066666667,0.166666667,0.545454545,1,0.5,1,1
FlowOCT,compas_enc.csv,SP,0.1,3101,2,0,10800,9,1960,0.632054176,52.90816327,2531,10800.343,0.609202852,0.60078534,2,0.377777778,0.1,0.315489467,0.8,0.254326329,0.375,0.606965174,1,0.833333333,1,1,1,0.5,1,0.066666667,0.166666667,0.545454545,1,0.5,1,1
FlowOCT,compas_enc.csv,SP,0.25,3101,2,0,10800,2,2055,0.662689455,0,13072,7045.100157,0.623460791,0.634162304,2,0.377777778,0.249005773,0.315489467,0.434944238,0.254326329,0.5,0.606965174,0.820895522,0.833333333,1,1,1,0.28531856,0.31713555,0.8,0.340203106,1,0.553921569,0.340203106,1,0.8
FlowOCT,compas_enc.csv,SP,0.2,3101,2,0,10800,2,2013,0.649145437,0,11455,9515.125233,0.629941672,0.638743455,2,0.377777778,0.189377289,0.315489467,0.323529412,0.254326329,0.314049587,0.606965174,0.471544715,0.833333333,0.888888889,1,1,0.285714286,0.260869565,0.263157895,0.416666667,0.742857143,0.715053763,0.416666667,0.742857143,0.715053763
FlowOCT,compas_enc.csv,SP,0.35,3101,2,0,10800,9,2126,0.685585295,37.01787394,5125,10800.32035,0.64095917,0.642015707,2,0.377777778,0.335328915,0.315489467,0.448574969,0.254326329,0.419035847,0.606965174,0.666666667,0.833333333,1,1,1,0.25900277,0.306905371,0.296758105,0.358124253,1,0.666666667,0.358124253,1,0.666666667
FlowOCT,compas_enc.csv,SP,0.3,3101,2,0,10800,2,2106,0.679135763,0,8554,8748.360989,0.645495787,0.64921466,2,0.377777778,0.274107334,0.315489467,0.450557621,0.254326329,0.409574468,0.606965174,1,0.833333333,1,1,1,0.412742382,0.498721228,0.50877193,0.5,1,0.467741935,0.5,1,0.50877193
FlowOCT,compas_enc.csv,SP,0.45,3101,2,0,10800,2,2143,0.691067398,0,13128,8067.521843,0.639014906,0.64921466,2,0.377777778,0.433333333,0.315489467,0.382403965,0.254326329,0.316019252,0.606965174,1,0.833333333,1,1,1,0.33933518,0.439897698,0.666666667,0.75,1,1,0.75,1,1
FlowOCT,compas_enc.csv,SP,0.4,3101,2,0,10800,2,2126,0.685585295,0,6949,5475.104111,0.64095917,0.642015707,2,0.377777778,0.335328915,0.315489467,0.448574969,0.254326329,0.419035847,0.606965174,0.666666667,0.833333333,1,1,1,0.25900277,0.306905371,0.296758105,0.358124253,1,0.666666667,0.358124253,1,0.666666667
FlowOCT,compas_enc.csv,SP,0.55,3101,2,0,10800,2,2143,0.691067398,0,9033,6582.084186,0.639014906,0.64921466,2,0.377777778,0.433333333,0.315489467,0.382403965,0.254326329,0.316019252,0.606965174,1,0.833333333,1,1,1,0.33933518,0.439897698,0.666666667,0.75,1,1,0.75,1,1
FlowOCT,compas_enc.csv,SP,0.5,3101,2,0,10800,2,2143,0.691067398,0,10035,8525.711529,0.639014906,0.64921466,2,0.377777778,0.433333333,0.315489467,0.382403965,0.254326329,0.316019252,0.606965174,1,0.833333333,1,1,1,0.33933518,0.439897698,0.666666667,0.75,1,1,0.75,1,1
FlowOCT,compas_enc.csv,SP,0.6,3101,2,0,10800,2,2143,0.691067398,0,11635,9840.921609,0.639014906,0.64921466,2,0.377777778,0.433333333,0.315489467,0.382403965,0.254326329,0.316019252,0.606965174,1,0.833333333,1,1,1,0.33933518,0.439897698,0.666666667,0.75,1,1,0.75,1,1
FlowOCT,compas_enc.csv,CSP,0.01,3101,2,0,10800,2,1958,0.631409223,0,1085,4072.790749,0.652624757,0.628272251,3,0.366666667,0.21194605,0.491885144,0.5,0.36361827,0.244444444,0.613207547,0,1,1,1,0,0.190735695,0.5,0.211796247,0.459770115,0.434010152,0.666666667,0.459770115,0.5,0.666666667
FlowOCT,compas_enc.csv,CSP,0.05,3101,2,0,10800,2,1958,0.631409223,0,1579,4509.920164,0.652624757,0.628272251,3,0.366666667,0.21194605,0.491885144,0.5,0.36361827,0.244444444,0.613207547,0,1,1,1,0,0.190735695,0.5,0.211796247,0.459770115,0.434010152,0.666666667,0.459770115,0.5,0.666666667
FlowOCT,compas_enc.csv,CSP,0.15,3101,2,0,10800,2,1969,0.634956466,0,3215,7408.706202,0.650032404,0.621073298,3,0.366666667,0.218866099,0.491885144,0.5,0.36361827,0.250582147,0.613207547,0.058823529,1,1,1,0.0625,0.211171662,0.5,0.241286863,0.436781609,0.459390863,0.666666667,0.436781609,0.5,0.666666667
FlowOCT,compas_enc.csv,CSP,0.1,3101,2,0,10800,2,1969,0.634956466,0,2515,4284.647974,0.650032404,0.621073298,3,0.366666667,0.218866099,0.491885144,0.5,0.36361827,0.250582147,0.613207547,0.058823529,1,1,1,0.0625,0.211171662,0.5,0.241286863,0.436781609,0.459390863,0.666666667,0.436781609,0.5,0.666666667
FlowOCT,compas_enc.csv,CSP,0.25,3101,2,0,10800,9,2004,0.646243147,33.43313373,4348,10800.29414,0.664938432,0.639397906,3,0.366666667,0.226361414,0.491885144,0.5,0.36361827,0.240002875,0.613207547,0.217391304,1,1,1,0.25,0.201634877,0.5,0.235924933,0.425287356,0.479695431,0.666666667,0.425287356,0.5,0.666666667
FlowOCT,compas_enc.csv,CSP,0.2,3101,2,0,10800,2,1981,0.638826185,0,3989,4590.492944,0.659753727,0.641361257,3,0.366666667,0.243225874,0.491885144,0.375,0.36361827,0.27774903,0.613207547,0.19047619,1,1,1,0.25,0.228882834,0.5,0.246648794,0.383647799,0.469543147,0.666666667,0.383647799,0.5,0.666666667
FlowOCT,compas_enc.csv,CSP,0.35,3101,2,0,10800,2,2007,0.647210577,0,6600,6441.101884,0.66558652,0.632853403,3,0.366666667,0.226202554,0.491885144,0.5,0.36361827,0.251113986,0.613207547,0.254716981,1,1,1,0.232142857,0.205722071,0.5,0.235924933,0.436781609,0.482233503,0.666666667,0.436781609,0.5,0.666666667
FlowOCT,compas_enc.csv,CSP,0.3,3101,2,0,10800,2,2007,0.647210577,0,6072,8742.013097,0.66558652,0.632853403,3,0.366666667,0.226202554,0.491885144,0.5,0.36361827,0.251113986,0.613207547,0.254716981,1,1,1,0.232142857,0.205722071,0.5,0.235924933,0.436781609,0.482233503,0.666666667,0.436781609,0.5,0.666666667
FlowOCT,compas_enc.csv,CSP,0.45,3101,2,0,10800,2,2030,0.65462754,0,5611,3743.285339,0.659753727,0.639397906,3,0.366666667,0.282034711,0.491885144,0.300561798,0.36361827,0.262742561,0.613207547,0.3926097,1,1,1,0.402912621,0.401907357,0.3,0.418230563,0.248197973,0.710659898,0.312884615,0.401907357,0.710659898,0.418230563
FlowOCT,compas_enc.csv,CSP,0.4,3101,2,0,10800,2,2030,0.65462754,0,7620,5163.303699,0.659753727,0.639397906,3,0.366666667,0.282034711,0.491885144,0.300561798,0.36361827,0.262742561,0.613207547,0.3926097,1,1,1,0.402912621,0.401907357,0.3,0.418230563,0.248197973,0.710659898,0.312884615,0.401907357,0.710659898,0.418230563
FlowOCT,compas_enc.csv,CSP,0.55,3101,2,0,10800,2,2091,0.674298613,0,7824,5259.214599,0.664938432,0.637434555,3,0.366666667,0.516377649,0.491885144,0.325,0.36361827,0.329983083,0.613207547,0.5,1,1,1,0.625,0.320163488,0.416666667,0.351206434,0.698113208,0.666666667,0.384615385,0.698113208,0.666666667,0.384615385
FlowOCT,compas_enc.csv,CSP,0.5,3101,2,0,10800,2,2091,0.674298613,0,7654,7529.460565,0.664938432,0.637434555,3,0.366666667,0.516377649,0.491885144,0.325,0.36361827,0.329983083,0.613207547,0.5,1,1,1,0.625,0.320163488,0.416666667,0.351206434,0.698113208,0.666666667,0.384615385,0.698113208,0.666666667,0.384615385
FlowOCT,compas_enc.csv,CSP,0.6,3101,2,0,10800,2,2091,0.674298613,0,11042,5814.465189,0.664938432,0.637434555,3,0.366666667,0.516377649,0.491885144,0.325,0.36361827,0.329983083,0.613207547,0.5,1,1,1,0.625,0.320163488,0.416666667,0.351206434,0.698113208,0.666666667,0.384615385,0.698113208,0.666666667,0.384615385
FlowOCT,compas_enc.csv,EOdds,0.01,3101,2,0,10800,2,1652,0.532731377,0,5107,5356.216318,0.57485418,0.539267016,3,0.366666667,0,0.491885144,0,0.36361827,0,0.613207547,0,1,0,1,0,0,0,0,0,0,0,0,0,0
FlowOCT,compas_enc.csv,EOdds,0.05,3101,2,0,10800,9,1678,0.541115769,2.622169249,9290,10800.30073,0.577446533,0.54908377,3,0.366666667,0.038101187,0.491885144,0.026217228,0.36361827,0.166666667,0.613207547,0.049904031,1,0.063291139,1,0.5,0.028610354,0.024570025,0.010723861,0.046136101,0.04519774,0.333333333,0.046136101,0.04519774,0.333333333
FlowOCT,compas_enc.csv,EOdds,0.15,3101,2,0,10800,9,1752,0.564979039,37.15753425,4892,10800.70374,0.600129618,0.577225131,3,0.366666667,0.089943785,0.491885144,0.098626717,0.36361827,0.091849935,0.613207547,0.284090909,1,0.311023622,1,0.5,0.050408719,0.068796069,0.090909091,0.123414072,0.129441624,0.1375,0.123414072,0.129441624,0.1375
FlowOCT,compas_enc.csv,EOdds,0.1,3101,2,0,10800,9,1729,0.557562077,3.759398496,5626,10800.48554,0.594944913,0.560863874,3,0.366666667,0.043098064,0.491885144,0.051186017,0.36361827,0.055555556,0.613207547,0.285714286,1,0.194444444,1,0.25,0.01875,0.024570025,0.024128686,0.094339623,0.078680203,0.102564103,0.094339623,0.078680203,0.102564103
FlowOCT,compas_enc.csv,EOdds,0.25,3101,2,0,10800,2,2021,0.65172525,0,7264,7048.801646,0.651328581,0.637434555,3,0.366666667,0.277888819,0.491885144,0.849315068,0.36361827,0.333333333,0.613207547,0.641509434,1,1,1,0.95,0.223433243,1,0.215686275,0.206763727,0.666666667,0.666666667,0.223433243,1,0.666666667
FlowOCT,compas_enc.csv,EOdds,0.2,3101,2,0,10800,9,1785,0.575620767,73.55742297,5282,10801.20204,0.605314323,0.577225131,3,0.366666667,0.119300437,0.491885144,0.129837703,0.36361827,0.122897801,0.613207547,0.284090909,1,1,1,0.5,0.070844687,0.088452088,0.090909091,0.160322953,0.333333333,0.17,0.160322953,0.333333333,0.17
FlowOCT,compas_enc.csv,EOdds,0.35,3101,2,0,10800,2,2063,0.665269268,0,6465,5742.105918,0.674659754,0.65117801,3,0.366666667,0.356589631,0.491885144,0.875,0.36361827,0.307990845,0.613207547,0.848484848,1,1,1,1,0.286103542,1,0.316353887,0.267589389,0.604060914,0.5975,0.286103542,1,0.5975
FlowOCT,compas_enc.csv,EOdds,0.3,3101,2,0,10800,2,2063,0.665269268,0,5792,6380.271834,0.674659754,0.65117801,3,0.366666667,0.356589631,0.491885144,0.875,0.36361827,0.307990845,0.613207547,0.848484848,1,1,1,1,0.286103542,1,0.316353887,0.267589389,0.604060914,0.5975,0.286103542,1,0.5975
FlowOCT,compas_enc.csv,EOdds,0.45,3101,2,0,10800,2,2083,0.6717188,0,6474,6729.510894,0.657161374,0.642015707,3,0.366666667,0.381511555,0.491885144,0.361813358,0.36361827,0.438650612,0.613207547,0.608490566,1,1,1,0.571428571,0.408719346,0.416666667,0.455764075,0.369306435,0.682741117,0.412307692,0.408719346,0.682741117,0.455764075
FlowOCT,compas_enc.csv,EOdds,0.4,3101,2,0,10800,2,2063,0.665269268,0,8603,8002.649177,0.674659754,0.65117801,3,0.366666667,0.356589631,0.491885144,0.875,0.36361827,0.307990845,0.613207547,0.848484848,1,1,1,1,0.286103542,1,0.316353887,0.267589389,0.604060914,0.5975,0.286103542,1,0.5975
FlowOCT,compas_enc.csv,EOdds,0.55,3101,2,0,10800,9,2083,0.6717188,41.91070571,4206,10800.77989,0.657161374,0.642015707,3,0.366666667,0.381511555,0.491885144,0.361813358,0.36361827,0.438650612,0.613207547,0.608490566,1,1,1,0.571428571,0.408719346,0.416666667,0.455764075,0.369306435,0.682741117,0.412307692,0.408719346,0.682741117,0.455764075
FlowOCT,compas_enc.csv,EOdds,0.5,3101,2,0,10800,9,2083,0.6717188,44.69515122,7095,10800.4604,0.657161374,0.642015707,3,0.366666667,0.381511555,0.491885144,0.361813358,0.36361827,0.438650612,0.613207547,0.608490566,1,1,1,0.571428571,0.408719346,0.416666667,0.455764075,0.369306435,0.682741117,0.412307692,0.408719346,0.682741117,0.455764075
FlowOCT,compas_enc.csv,EOdds,0.6,3101,2,0,10800,9,2101,0.67752338,36.2684436,7656,10800.34513,0.666234608,0.64921466,3,0.366666667,0.466666667,0.491885144,0.7375,0.36361827,0.427007662,0.613207547,1,1,1,1,1,0.373297003,0.854166667,0.431635389,0.528735632,0.703045685,0.72,0.528735632,0.854166667,0.72
FlowOCT,compas_enc.csv,EOpp,0.01,3101,2,0,10800,2,1652,0.532731377,0,8405,5070.527819,0.57485418,0.539267016,3,0.366666667,0,0.491885144,0,0.36361827,0,0.613207547,0,1,0,1,0,0,0,0,0,0,0,0,0,0
FlowOCT,compas_enc.csv,EOpp,0.05,3101,2,0,10800,2,1678,0.541115769,0,13966,8521.961649,0.577446533,0.54908377,3,0.366666667,0.038101187,0.491885144,0.026217228,0.36361827,0.166666667,0.613207547,0.049904031,1,0.063291139,1,0.5,0.028610354,0.024570025,0.010723861,0.046136101,0.04519774,0.333333333,0.046136101,0.04519774,0.333333333
FlowOCT,compas_enc.csv,EOpp,0.15,3101,2,0,10800,2,1752,0.564979039,0,11764,4571.958007,0.600129618,0.577225131,3,0.366666667,0.089943785,0.491885144,0.098626717,0.36361827,0.091849935,0.613207547,0.284090909,1,0.311023622,1,0.5,0.050408719,0.068796069,0.090909091,0.123414072,0.129441624,0.1375,0.123414072,0.129441624,0.1375
FlowOCT,compas_enc.csv,EOpp,0.1,3101,2,0,10800,2,1729,0.557562077,0,9783,4525.63696,0.594944913,0.560863874,3,0.366666667,0.043098064,0.491885144,0.051186017,0.36361827,0.055555556,0.613207547,0.285714286,1,0.194444444,1,0.25,0.01875,0.024570025,0.024128686,0.094339623,0.078680203,0.102564103,0.094339623,0.078680203,0.102564103
FlowOCT,compas_enc.csv,EOpp,0.25,3101,2,0,10800,2,2042,0.658497259,0,10179,5613.087412,0.667530784,0.644633508,3,0.366666667,0.332229856,0.491885144,0.875,0.36361827,0.292466912,0.613207547,0.886792453,1,1,1,1,0.267029973,1,0.310991957,0.238754325,0.555837563,0.666666667,0.267029973,1,0.666666667
FlowOCT,compas_enc.csv,EOpp,0.2,3101,2,0,10800,2,2028,0.653982586,0,7858,3475.919955,0.645495787,0.637434555,3,0.366666667,0.328419738,0.491885144,1,0.36361827,0.454771619,0.613207547,1,1,1,1,1,0.371934605,1,0.319278577,0.195402299,0.659898477,0.666666667,0.371934605,1,0.666666667
FlowOCT,compas_enc.csv,EOpp,0.35,3101,2,0,10800,2,2063,0.665269268,0,7197,2058.176169,0.674659754,0.65117801,3,0.366666667,0.356589631,0.491885144,0.875,0.36361827,0.307990845,0.613207547,0.848484848,1,1,1,1,0.286103542,1,0.316353887,0.267589389,0.604060914,0.5975,0.286103542,1,0.5975
FlowOCT,compas_enc.csv,EOpp,0.3,3101,2,0,10800,2,2063,0.665269268,0,6826,2718.497595,0.674659754,0.65117801,3,0.366666667,0.356589631,0.491885144,0.875,0.36361827,0.307990845,0.613207547,0.848484848,1,1,1,1,0.286103542,1,0.316353887,0.267589389,0.604060914,0.5975,0.286103542,1,0.5975
FlowOCT,compas_enc.csv,EOpp,0.45,3101,2,0,10800,2,2083,0.6717188,0,7496,3840.505529,0.657809462,0.641361257,3,0.366666667,0.381511555,0.491885144,0.549313358,0.36361827,0.438650612,0.613207547,0.811900192,1,1,1,0.874015748,0.408719346,0.42014742,0.455764075,0.369306435,0.682741117,0.412307692,0.408719346,0.682741117,0.455764075
FlowOCT,compas_enc.csv,EOpp,0.4,3101,2,0,10800,2,2083,0.6717188,0,7284,2494.472684,0.657809462,0.641361257,3,0.366666667,0.381511555,0.491885144,0.549313358,0.36361827,0.438650612,0.613207547,0.811900192,1,1,1,0.874015748,0.408719346,0.42014742,0.455764075,0.369306435,0.682741117,0.412307692,0.408719346,0.682741117,0.455764075
FlowOCT,compas_enc.csv,EOpp,0.55,3101,2,0,10800,2,2101,0.67752338,0,5950,2562.728406,0.666234608,0.64921466,3,0.366666667,0.466666667,0.491885144,0.7375,0.36361827,0.427007662,0.613207547,1,1,1,1,1,0.373297003,0.854166667,0.431635389,0.528735632,0.703045685,0.72,0.528735632,0.854166667,0.72
FlowOCT,compas_enc.csv,EOpp,0.5,3101,2,0,10800,2,2083,0.6717188,0,6045,2626.042687,0.657809462,0.641361257,3,0.366666667,0.381511555,0.491885144,0.549313358,0.36361827,0.438650612,0.613207547,0.811900192,1,1,1,0.874015748,0.408719346,0.42014742,0.455764075,0.369306435,0.682741117,0.412307692,0.408719346,0.682741117,0.455764075
FlowOCT,compas_enc.csv,EOpp,0.6,3101,2,0,10800,2,2101,0.67752338,0,6390,2787.281493,0.666234608,0.64921466,3,0.366666667,0.466666667,0.491885144,0.7375,0.36361827,0.427007662,0.613207547,1,1,1,1,1,0.373297003,0.854166667,0.431635389,0.528735632,0.703045685,0.72,0.528735632,0.854166667,0.72
FlowOCT,compas_enc.csv,None,1,3101,2,0,10800,2,2115,0.682038052,0,4207,731.141922,0.666882696,0.643979058,3,0.366666667,0.815028902,0.491885144,0.825,0.36361827,0.390785153,0.613207547,0.891304348,1,1,1,0.571428571,1,1,0.404825737,0.622641509,0.66751269,0.675,1,1,0.675
FlowOCT,compas_enc.csv,PE,0.01,3101,2,0,10800,2,1683,0.542728152,0,6830,2046.208967,0.582631238,0.54973822,3,0.366666667,0.034682081,0.491885144,0.024968789,0.36361827,0.025862069,0.613207547,0.285714286,1,0.078740157,1,0.25,0.008333333,0.017199017,0.019607843,0.094339623,0.032994924,0.038461538,0.094339623,0.032994924,0.038461538
FlowOCT,compas_enc.csv,PE,0.05,3101,2,0,10800,2,1804,0.581747823,0,5506,3203.374093,0.613739469,0.570026178,3,0.366666667,0.107432854,0.491885144,0.125,0.36361827,0.089262613,0.613207547,0.5,1,0.25,1,0.5,0.040871935,0.041769042,0.090909091,0.333333333,0.333333333,0.1275,0.333333333,0.333333333,0.1275
FlowOCT,compas_enc.csv,PE,0.15,3101,2,0,10800,2,1962,0.632699129,0,6614,3344.056353,0.652624757,0.621073298,3,0.366666667,0.573549258,0.491885144,0.431506849,0.36361827,0.184396457,0.613207547,1,1,1,1,1,0.134877384,0.5,0.156862745,0.827586207,0.40625,0.3775,0.827586207,0.5,0.3775
FlowOCT,compas_enc.csv,PE,0.1,3101,2,0,10800,2,1909,0.615607868,0,4450,3177.983871,0.64095917,0.607329843,3,0.366666667,0.597302505,0.491885144,0.4875,0.36361827,0.179588903,0.613207547,1,1,1,1,0.375,0.096730245,0.5,0.09919571,0.842105263,0.333333333,0.333333333,0.842105263,0.5,0.333333333
FlowOCT,compas_enc.csv,PE,0.25,3101,2,0,10800,2,2095,0.67558852,0,3989,3249.632644,0.679844459,0.659685864,3,0.366666667,0.527938343,0.491885144,0.875,0.36361827,0.360334362,0.613207547,0.608490566,1,1,1,0.571428571,0.246594005,1,0.28150134,0.716981132,0.666666667,0.666666667,0.716981132,1,0.666666667
FlowOCT,compas_enc.csv,PE,0.2,3101,2,0,10800,2,2037,0.656884876,0,4325,3072.854209,0.668178872,0.645942408,3,0.366666667,0.24478451,0.491885144,0.9,0.36361827,0.287889342,0.613207547,0.608490566,1,1,1,0.571428571,0.18119891,1,0.227882038,0.273584906,0.467005076,0.666666667,0.273584906,1,0.666666667
FlowOCT,compas_enc.csv,PE,0.35,3101,2,0,10800,2,2095,0.67558852,0,5152,2938.244199,0.679844459,0.659685864,3,0.366666667,0.527938343,0.491885144,0.875,0.36361827,0.360334362,0.613207547,0.608490566,1,1,1,0.571428571,0.246594005,1,0.28150134,0.716981132,0.666666667,0.666666667,0.716981132,1,0.666666667
FlowOCT,compas_enc.csv,PE,0.3,3101,2,0,10800,2,2095,0.67558852,0,3754,3492.526839,0.679844459,0.659685864,3,0.366666667,0.527938343,0.491885144,0.875,0.36361827,0.360334362,0.613207547,0.608490566,1,1,1,0.571428571,0.246594005,1,0.28150134,0.716981132,0.666666667,0.666666667,0.716981132,1,0.666666667
FlowOCT,compas_enc.csv,PE,0.45,3101,2,0,10800,2,2101,0.67752338,0,7275,4321.203647,0.666234608,0.64921466,3,0.366666667,0.466666667,0.491885144,0.7375,0.36361827,0.427007662,0.613207547,1,1,1,1,1,0.373297003,0.854166667,0.431635389,0.528735632,0.703045685,0.72,0.528735632,0.854166667,0.72
FlowOCT,compas_enc.csv,PE,0.4,3101,2,0,10800,2,2101,0.67752338,0,7991,6093.348118,0.666234608,0.64921466,3,0.366666667,0.466666667,0.491885144,0.7375,0.36361827,0.427007662,0.613207547,1,1,1,1,1,0.373297003,0.854166667,0.431635389,0.528735632,0.703045685,0.72,0.528735632,0.854166667,0.72
FlowOCT,compas_enc.csv,PE,0.55,3101,2,0,10800,2,2101,0.67752338,0,6605,3570.405422,0.666234608,0.64921466,3,0.366666667,0.466666667,0.491885144,0.7375,0.36361827,0.427007662,0.613207547,1,1,1,1,1,0.373297003,0.854166667,0.431635389,0.528735632,0.703045685,0.72,0.528735632,0.854166667,0.72
FlowOCT,compas_enc.csv,PE,0.5,3101,2,0,10800,2,2101,0.67752338,0,5364,4569.740366,0.666234608,0.64921466,3,0.366666667,0.466666667,0.491885144,0.7375,0.36361827,0.427007662,0.613207547,1,1,1,1,1,0.373297003,0.854166667,0.431635389,0.528735632,0.703045685,0.72,0.528735632,0.854166667,0.72
FlowOCT,compas_enc.csv,PE,0.6,3101,2,0,10800,2,2101,0.67752338,0,6547,3078.478335,0.666234608,0.64921466,3,0.366666667,0.466666667,0.491885144,0.7375,0.36361827,0.427007662,0.613207547,1,1,1,1,1,0.373297003,0.854166667,0.431635389,0.528735632,0.703045685,0.72,0.528735632,0.854166667,0.72
FlowOCT,compas_enc.csv,SP,0.01,3101,2,0,10800,9,1652,0.532731377,74.57627119,2033,10800.58694,0.57485418,0.539267016,3,0.366666667,0,0.491885144,0,0.36361827,0,0.613207547,0,1,0,1,0,0,0,0,0,0,0,0,0,0
FlowOCT,compas_enc.csv,SP,0.05,3101,2,0,10800,9,1729,0.557562077,70.27183343,3306,10800.63721,0.594944913,0.560863874,3,0.366666667,0.043098064,0.491885144,0.051186017,0.36361827,0.055555556,0.613207547,0.285714286,1,0.194444444,1,0.25,0.01875,0.024570025,0.024128686,0.094339623,0.078680203,0.102564103,0.094339623,0.078680203,0.102564103
FlowOCT,compas_enc.csv,SP,0.15,3101,2,0,10800,2,1978,0.637858755,0,11783,7908.984788,0.647440052,0.634162304,3,0.366666667,0.133333333,0.491885144,0.875,0.36361827,0.179487179,0.613207547,1,1,1,1,1,0.2,1,0.211796247,0.32183908,0.434010152,0.666666667,0.32183908,1,0.666666667
FlowOCT,compas_enc.csv,SP,0.1,3101,2,0,10800,9,1882,0.606901,58.66099894,4947,10800.24959,0.58198315,0.582460733,3,0.366666667,0.087719298,0.491885144,0.1375,0.36361827,0.103628447,0.613207547,0.826086957,1,1,1,0.609375,0.555555556,0.404166667,0.210902592,0.336384439,1,0.358974359,0.555555556,1,0.358974359
FlowOCT,compas_enc.csv,SP,0.25,3101,2,0,10800,9,2042,0.658497259,44.02546523,5171,10800.73277,0.644199611,0.626963351,3,0.366666667,0.249089261,0.491885144,0.7375,0.36361827,0.274845479,0.613207547,1,1,1,1,1,0.366485014,1,0.219471166,0.540229885,1,0.666666667,0.540229885,1,0.666666667
FlowOCT,compas_enc.csv,SP,0.2,3101,2,0,10800,9,1982,0.639148662,54.64177598,4817,10801.50355,0.643551523,0.615837696,3,0.366666667,0.19447383,0.491885144,0.875,0.36361827,0.304706936,0.613207547,1,1,1,1,1,0.253405995,1,0.302949062,0.356321839,0.482233503,0.666666667,0.356321839,1,0.666666667
FlowOCT,compas_enc.csv,SP,0.35,3101,2,0,10800,9,2083,0.6717188,46.08737398,7892,10800.46255,0.672067401,0.647905759,3,0.366666667,0.295480065,0.491885144,0.538077403,0.36361827,0.545924968,0.613207547,1,1,1,1,1,0.367847411,0.388206388,0.412868633,0.597701149,0.692893401,0.67,0.597701149,0.692893401,0.67
FlowOCT,compas_enc.csv,SP,0.3,3101,2,0,10800,2,2083,0.6717188,0,6710,4867.363777,0.672067401,0.647905759,3,0.366666667,0.295480065,0.491885144,0.538077403,0.36361827,0.545924968,0.613207547,1,1,1,1,1,0.367847411,0.388206388,0.412868633,0.597701149,0.692893401,0.67,0.597701149,0.692893401,0.67
FlowOCT,compas_enc.csv,SP,0.45,3101,2,0,10800,2,2095,0.67558852,0,9020,6088.074705,0.65845755,0.633507853,3,0.366666667,0.40655106,0.491885144,0.367977528,0.36361827,0.467227253,0.613207547,1,1,1,1,1,1,0.375,0.514745308,0.551724138,0.756345178,0.411666667,1,0.756345178,0.514745308
FlowOCT,compas_enc.csv,SP,0.4,3101,2,0,10800,2,2083,0.6717188,0,9333,7506.351041,0.672067401,0.647905759,3,0.366666667,0.295480065,0.491885144,0.538077403,0.36361827,0.545924968,0.613207547,1,1,1,1,1,0.367847411,0.388206388,0.412868633,0.597701149,0.692893401,0.67,0.597701149,0.692893401,0.67
FlowOCT,compas_enc.csv,SP,0.55,3101,2,0,10800,2,2101,0.67752338,0,10001,8872.72129,0.666234608,0.64921466,3,0.366666667,0.466666667,0.491885144,0.7375,0.36361827,0.427007662,0.613207547,1,1,1,1,1,0.373297003,0.854166667,0.431635389,0.528735632,0.703045685,0.72,0.528735632,0.854166667,0.72
FlowOCT,compas_enc.csv,SP,0.5,3101,2,0,10800,2,2101,0.67752338,0,10743,6581.664202,0.666234608,0.64921466,3,0.366666667,0.466666667,0.491885144,0.7375,0.36361827,0.427007662,0.613207547,1,1,1,1,1,0.373297003,0.854166667,0.431635389,0.528735632,0.703045685,0.72,0.528735632,0.854166667,0.72
FlowOCT,compas_enc.csv,SP,0.6,3101,2,0,10800,2,2101,0.67752338,0,11739,7481.244591,0.666234608,0.64921466,3,0.366666667,0.466666667,0.491885144,0.7375,0.36361827,0.427007662,0.613207547,1,1,1,1,1,0.373297003,0.854166667,0.431635389,0.528735632,0.703045685,0.72,0.528735632,0.854166667,0.72
FlowOCT,compas_enc.csv,CSP,0.01,3101,2,0,10800,2,1970,0.635278942,0,584,3069.179078,0.63058976,0.642670157,4,0.28472729,0.20992562,0.727272727,0.37755102,0.249285714,0.5,0.615384615,0,1,0,1,1,0.2,0.25,0.198924731,0.43715847,0.5,1,0.43715847,0.5,1
FlowOCT,compas_enc.csv,CSP,0.05,3101,2,0,10800,2,1970,0.635278942,0,926,4604.931091,0.63058976,0.642670157,4,0.28472729,0.20992562,0.727272727,0.37755102,0.249285714,0.5,0.615384615,0,1,0,1,1,0.2,0.25,0.198924731,0.43715847,0.5,1,0.43715847,0.5,1
FlowOCT,compas_enc.csv,CSP,0.15,3101,2,0,10800,2,1982,0.639148662,0,4827,3230.05491,0.631237848,0.651832461,4,0.28472729,0.226995412,0.727272727,0.340707965,0.249285714,0.5,0.615384615,0.106818182,1,0.181818182,1,1,0.223237598,0.260638298,0.220430108,0.429553265,0.5,1,0.429553265,0.5,1
FlowOCT,compas_enc.csv,CSP,0.1,3101,2,0,10800,9,1970,0.635278942,1.065989848,6731,10800.30648,0.63058976,0.642670157,4,0.28472729,0.20992562,0.727272727,0.37755102,0.249285714,0.5,0.615384615,0,1,0,1,1,0.2,0.25,0.198924731,0.43715847,0.5,1,0.43715847,0.5,1
FlowOCT,compas_enc.csv,CSP,0.25,3101,2,0,10800,2,2018,0.65075782,0,8782,5371.984591,0.646143876,0.64921466,4,0.28472729,0.221298809,0.727272727,0.367346939,0.249285714,0.5,0.615384615,0.226415094,1,0.2,1,1,0.208877285,0.25,0.217741935,0.404371585,0.5,1,0.404371585,0.5,1
FlowOCT,compas_enc.csv,CSP,0.2,3101,2,0,10800,2,2016,0.650112867,0,4713,4655.990695,0.655865198,0.657068063,4,0.28472729,0.267472117,0.727272727,0.357142857,0.249285714,0.357142857,0.615384615,0.193396226,1,0.4,1,1,0.206939248,0.25,0.247311828,0.420765027,0.4,0.727272727,0.420765027,0.4,0.727272727
FlowOCT,compas_enc.csv,CSP,0.35,3101,2,0,10800,2,2070,0.667526604,0,4593,5666.780106,0.65521711,0.665575916,4,0.28472729,0.322434681,0.727272727,0.785714286,0.249285714,0.357142857,0.615384615,0.333333333,1,1,1,1,0.309399478,0.329787234,0.327956989,0.68852459,0.666666667,0.636363636,0.68852459,0.666666667,0.636363636
FlowOCT,compas_enc.csv,CSP,0.3,3101,2,0,10800,2,2018,0.65075782,0,5648,6287.539617,0.646143876,0.64921466,4,0.28472729,0.221298809,0.727272727,0.367346939,0.249285714,0.5,0.615384615,0.226415094,1,0.2,1,1,0.208877285,0.25,0.217741935,0.404371585,0.5,1,0.404371585,0.5,1
FlowOCT,compas_enc.csv,CSP,0.45,3101,2,0,10800,2,2083,0.6717188,0,6146,4986.342748,0.662994167,0.659685864,4,0.28472729,0.297184125,0.727272727,0.316326531,0.249285714,0.5,0.615384615,0.37470726,1,0.4,1,1,0.268929504,0.375,0.298387097,0.704918033,0.259968102,1,0.704918033,0.375,1
FlowOCT,compas_enc.csv,CSP,0.4,3101,2,0,10800,2,2083,0.6717188,0,6745,4654.043729,0.662994167,0.659685864,4,0.28472729,0.297184125,0.727272727,0.316326531,0.249285714,0.5,0.615384615,0.37470726,1,0.4,1,1,0.268929504,0.375,0.298387097,0.704918033,0.259968102,1,0.704918033,0.375,1
FlowOCT,compas_enc.csv,CSP,0.55,3101,2,0,10800,2,2083,0.6717188,0,7282,4992.522495,0.662994167,0.659685864,4,0.28472729,0.297184125,0.727272727,0.316326531,0.249285714,0.5,0.615384615,0.37470726,1,0.4,1,1,0.268929504,0.375,0.298387097,0.704918033,0.259968102,1,0.704918033,0.375,1
FlowOCT,compas_enc.csv,CSP,0.5,3101,2,0,10800,9,2083,0.6717188,37.44599136,6524,10800.37144,0.662994167,0.659685864,4,0.28472729,0.297184125,0.727272727,0.316326531,0.249285714,0.5,0.615384615,0.37470726,1,0.4,1,1,0.268929504,0.375,0.298387097,0.704918033,0.259968102,1,0.704918033,0.375,1
FlowOCT,compas_enc.csv,CSP,0.6,3101,2,0,10800,2,2083,0.6717188,0,8784,8818.343234,0.662994167,0.659685864,4,0.28472729,0.297184125,0.727272727,0.316326531,0.249285714,0.5,0.615384615,0.37470726,1,0.4,1,1,0.268929504,0.375,0.298387097,0.704918033,0.259968102,1,0.704918033,0.375,1
FlowOCT,compas_enc.csv,EOdds,0.01,3101,2,0,10800,9,1691,0.545307965,27.02542874,2685,10800.37572,0.552171095,0.536649215,4,0.28472729,0,0.727272727,0,0.249285714,0,0.615384615,0,1,0,1,0,0,0,0,0,0,0,0,0,0
FlowOCT,compas_enc.csv,EOdds,0.05,3101,2,0,10800,9,1707,0.550467591,80.90216755,3359,10800.14064,0.560596241,0.544502618,4,0.28472729,0.015812777,0.727272727,0.025188917,0.249285714,0.017612524,0.615384615,0.027888446,1,0.034883721,1,0.047619048,0.009138381,0.010638298,0.009433962,0.02208589,0.038277512,0.031088083,0.02208589,0.038277512,0.031088083
FlowOCT,compas_enc.csv,EOdds,0.15,3101,2,0,10800,2,1815,0.585295066,0,18113,10736.46406,0.589112119,0.587696335,4,0.28472729,0.098671727,0.727272727,0.272727273,0.249285714,0.10625,0.615384615,0.183266932,1,0.5,1,0.238095238,0.046997389,0.125,0.032258065,0.147239264,0.666666667,0.170560748,0.147239264,0.666666667,0.170560748
FlowOCT,compas_enc.csv,EOdds,0.1,3101,2,0,10800,9,1761,0.567881329,67.63202726,3409,10800.11448,0.568373299,0.548429319,4,0.28472729,0.062618596,0.727272727,0.090909091,0.249285714,0.0525,0.615384615,0.117647059,1,0.2,1,0.1,0.033942559,0.034574468,0.057142857,0.089570552,0.333333333,0.090909091,0.089570552,0.333333333,0.090909091
FlowOCT,compas_enc.csv,EOdds,0.25,3101,2,0,10800,9,1919,0.618832635,61.12558624,5119,10800.25334,0.633182113,0.633507853,4,0.28472729,0.248396705,0.727272727,0.699115044,0.249285714,0.291785714,0.615384615,1,1,1,1,1,0.232187559,0.5,0.459677419,0.224043716,1,0.545454545,0.232187559,1,0.545454545
FlowOCT,compas_enc.csv,EOdds,0.2,3101,2,0,10800,9,1838,0.592712028,55.54951034,5552,10800.47219,0.600129618,0.609293194,4,0.28472729,0.197802198,0.727272727,0.384130982,0.249285714,0.23553719,0.615384615,0.888888889,1,0.6,1,1,0.2,0.319148936,0.4,0.166666667,0.666666667,1,0.2,0.666666667,1
FlowOCT,compas_enc.csv,EOdds,0.35,3101,2,0,10800,2,2041,0.658174782,0,8853,6853.174221,0.664938432,0.655759162,4,0.28472729,0.26424551,0.727272727,0.266565568,0.249285714,0.357142857,0.615384615,1,1,0.947368421,1,1,0.3,0.335106383,0.352150538,0.264604811,0.233333333,0.636363636,0.3,0.335106383,0.636363636
FlowOCT,compas_enc.csv,EOdds,0.3,3101,2,0,10800,9,2029,0.654305063,39.92114342,10235,10800.32912,0.647440052,0.652486911,4,0.28472729,0.290782953,0.727272727,0.255816241,0.249285714,0.429642857,0.615384615,0.409090909,1,0.4,1,1,0.222914592,0.5,0.424731183,0.291561903,0.346092504,0.544041451,0.291561903,0.5,0.544041451
FlowOCT,compas_enc.csv,EOdds,0.45,3101,2,0,10800,2,2055,0.662689455,0,5367,7625.431003,0.672715489,0.665575916,4,0.28472729,0.384024578,0.727272727,0.565491184,0.249285714,0.5525,0.615384615,1,1,1,1,1,0.373368146,0.396276596,0.39516129,0.244936136,0.717703349,0.689252336,0.373368146,0.717703349,0.689252336
FlowOCT,compas_enc.csv,EOdds,0.4,3101,2,0,10800,2,2055,0.662689455,0,9483,5623.304161,0.672715489,0.665575916,4,0.28472729,0.384024578,0.727272727,0.565491184,0.249285714,0.5525,0.615384615,1,1,1,1,1,0.373368146,0.396276596,0.39516129,0.244936136,0.717703349,0.689252336,0.373368146,0.717703349,0.689252336
FlowOCT,compas_enc.csv,EOdds,0.55,3101,2,0,10800,2,2055,0.662689455,0,11212,7640.261176,0.672715489,0.665575916,4,0.28472729,0.384024578,0.727272727,0.565491184,0.249285714,0.5525,0.615384615,1,1,1,1,1,0.373368146,0.396276596,0.39516129,0.244936136,0.717703349,0.689252336,0.373368146,0.717703349,0.689252336
FlowOCT,compas_enc.csv,EOdds,0.5,3101,2,0,10800,2,2055,0.662689455,0,5932,2907.164134,0.672715489,0.665575916,4,0.28472729,0.384024578,0.727272727,0.565491184,0.249285714,0.5525,0.615384615,1,1,1,1,1,0.373368146,0.396276596,0.39516129,0.244936136,0.717703349,0.689252336,0.373368146,0.717703349,0.689252336
FlowOCT,compas_enc.csv,EOdds,0.6,3101,2,0,10800,2,2075,0.669138987,0,8138,5887.306522,0.673363577,0.659031414,4,0.28472729,0.417582418,0.727272727,0.287462088,0.249285714,0.429642857,0.615384615,1,1,1,1,1,0.4,0.385638298,0.413978495,0.573770492,0.389154705,0.575757576,0.573770492,0.389154705,0.575757576
FlowOCT,compas_enc.csv,EOpp,0.01,3101,2,0,10800,2,1691,0.545307965,0,8668,6620.954926,0.552171095,0.536649215,4,0.28472729,0,0.727272727,0,0.249285714,0,0.615384615,0,1,0,1,0,0,0,0,0,0,0,0,0,0
FlowOCT,compas_enc.csv,EOpp,0.05,3101,2,0,10800,2,1707,0.550467591,0,13349,8107.358789,0.560596241,0.544502618,4,0.28472729,0.015812777,0.727272727,0.025188917,0.249285714,0.017612524,0.615384615,0.027888446,1,0.034883721,1,0.047619048,0.009138381,0.010638298,0.009433962,0.02208589,0.038277512,0.031088083,0.02208589,0.038277512,0.031088083
FlowOCT,compas_enc.csv,EOpp,0.15,3101,2,0,10800,2,1815,0.585295066,0,8140,4725.506749,0.589112119,0.587696335,4,0.28472729,0.098671727,0.727272727,0.272727273,0.249285714,0.10625,0.615384615,0.183266932,1,0.5,1,0.238095238,0.046997389,0.125,0.032258065,0.147239264,0.666666667,0.170560748,0.147239264,0.666666667,0.170560748
FlowOCT,compas_enc.csv,EOpp,0.1,3101,2,0,10800,2,1761,0.567881329,0,13302,6616.210913,0.568373299,0.548429319,4,0.28472729,0.062618596,0.727272727,0.090909091,0.249285714,0.0525,0.615384615,0.117647059,1,0.2,1,0.1,0.033942559,0.034574468,0.057142857,0.089570552,0.333333333,0.090909091,0.089570552,0.333333333,0.090909091
FlowOCT,compas_enc.csv,EOpp,0.25,3101,2,0,10800,2,2055,0.662689455,0,6397,3166.215781,0.672715489,0.665575916,4,0.28472729,0.384024578,0.727272727,0.565491184,0.249285714,0.5525,0.615384615,1,1,1,1,1,0.373368146,0.396276596,0.39516129,0.244936136,0.717703349,0.689252336,0.373368146,0.717703349,0.689252336
FlowOCT,compas_enc.csv,EOpp,0.2,3101,2,0,10800,2,1994,0.643018381,0,6674,3658.826711,0.643551523,0.641361257,4,0.28472729,0.314455311,0.727272727,0.818181818,0.249285714,0.282758264,0.615384615,1,1,1,1,1,0.322976501,0.446808511,0.435483871,0.192439863,1,0.575757576,0.322976501,1,0.575757576
FlowOCT,compas_enc.csv,EOpp,0.35,3101,2,0,10800,2,2055,0.662689455,0,5755,2503.107743,0.672715489,0.665575916,4,0.28472729,0.384024578,0.727272727,0.565491184,0.249285714,0.5525,0.615384615,1,1,1,1,1,0.373368146,0.396276596,0.39516129,0.244936136,0.717703349,0.689252336,0.373368146,0.717703349,0.689252336
FlowOCT,compas_enc.csv,EOpp,0.3,3101,2,0,10800,2,2055,0.662689455,0,6931,3789.843678,0.672715489,0.665575916,4,0.28472729,0.384024578,0.727272727,0.565491184,0.249285714,0.5525,0.615384615,1,1,1,1,1,0.373368146,0.396276596,0.39516129,0.244936136,0.717703349,0.689252336,0.373368146,0.717703349,0.689252336
FlowOCT,compas_enc.csv,EOpp,0.45,3101,2,0,10800,2,2055,0.662689455,0,6644,2494.18437,0.672715489,0.665575916,4,0.28472729,0.384024578,0.727272727,0.565491184,0.249285714,0.5525,0.615384615,1,1,1,1,1,0.373368146,0.396276596,0.39516129,0.244936136,0.717703349,0.689252336,0.373368146,0.717703349,0.689252336
FlowOCT,compas_enc.csv,EOpp,0.4,3101,2,0,10800,2,2055,0.662689455,0,5389,2798.754878,0.672715489,0.665575916,4,0.28472729,0.384024578,0.727272727,0.565491184,0.249285714,0.5525,0.615384615,1,1,1,1,1,0.373368146,0.396276596,0.39516129,0.244936136,0.717703349,0.689252336,0.373368146,0.717703349,0.689252336
FlowOCT,compas_enc.csv,EOpp,0.55,3101,2,0,10800,2,2055,0.662689455,0,6951,2604.62336,0.672715489,0.665575916,4,0.28472729,0.384024578,0.727272727,0.565491184,0.249285714,0.5525,0.615384615,1,1,1,1,1,0.373368146,0.396276596,0.39516129,0.244936136,0.717703349,0.689252336,0.373368146,0.717703349,0.689252336
FlowOCT,compas_enc.csv,EOpp,0.5,3101,2,0,10800,2,2055,0.662689455,0,6917,3612.050228,0.672715489,0.665575916,4,0.28472729,0.384024578,0.727272727,0.565491184,0.249285714,0.5525,0.615384615,1,1,1,1,1,0.373368146,0.396276596,0.39516129,0.244936136,0.717703349,0.689252336,0.373368146,0.717703349,0.689252336
FlowOCT,compas_enc.csv,EOpp,0.6,3101,2,0,10800,2,2075,0.669138987,0,5459,2804.087475,0.673363577,0.659031414,4,0.28472729,0.417582418,0.727272727,0.287462088,0.249285714,0.429642857,0.615384615,1,1,1,1,1,0.4,0.385638298,0.413978495,0.573770492,0.389154705,0.575757576,0.573770492,0.389154705,0.575757576
FlowOCT,compas_enc.csv,None,1,3101,2,0,10800,2,2083,0.6717188,0,4078,556.5988433,0.662994167,0.659685864,4,0.28472729,0.297184125,0.727272727,0.316326531,0.249285714,0.5,0.615384615,0.37470726,1,0.4,1,1,0.268929504,0.375,0.298387097,0.704918033,0.259968102,1,0.704918033,0.375,1
FlowOCT,compas_enc.csv,PE,0.01,3101,2,0,10800,2,1707,0.550467591,0,11482,5581.022261,0.560596241,0.544502618,4,0.28472729,0.015812777,0.727272727,0.025188917,0.249285714,0.017612524,0.615384615,0.027888446,1,0.034883721,1,0.047619048,0.009138381,0.010638298,0.009433962,0.02208589,0.038277512,0.031088083,0.02208589,0.038277512,0.031088083
FlowOCT,compas_enc.csv,PE,0.05,3101,2,0,10800,2,1815,0.585295066,0,10826,3974.365224,0.589112119,0.587696335,4,0.28472729,0.098671727,0.727272727,0.272727273,0.249285714,0.10625,0.615384615,0.183266932,1,0.5,1,0.238095238,0.046997389,0.125,0.032258065,0.147239264,0.666666667,0.170560748,0.147239264,0.666666667,0.170560748
FlowOCT,compas_enc.csv,PE,0.15,3101,2,0,10800,2,2005,0.646565624,0,9166,7071.037815,0.632534025,0.641361257,4,0.28472729,0.274725275,0.727272727,0.83047619,0.249285714,0.385,0.615384615,1,1,0.866336634,1,0.468401487,0.143643509,0.375,0.244623656,1,0.736040609,0.507009346,1,0.736040609,0.507009346
FlowOCT,compas_enc.csv,PE,0.1,3101,2,0,10800,2,1935,0.623992261,0,9241,5484.696014,0.608554763,0.608638743,4,0.28472729,0.219335377,0.727272727,0.84952381,0.249285714,0.35,0.615384615,1,1,0.876237624,1,0.472118959,0.098489946,0.375,0.247311828,0.5,1,0.5,0.5,1,0.5
FlowOCT,compas_enc.csv,PE,0.25,3101,2,0,10800,2,2056,0.663011932,0,7166,3359.636132,0.65521711,0.667539267,4,0.28472729,0.266763545,0.727272727,0.733333333,0.249285714,0.380892857,0.615384615,0.333333333,1,0.881188119,1,1,0.209321418,0.5,0.360215054,0.573770492,0.666666667,0.569948187,0.573770492,0.666666667,0.569948187
FlowOCT,compas_enc.csv,PE,0.2,3101,2,0,10800,2,2032,0.655272493,0,6512,4223.346444,0.640311082,0.633507853,4,0.28472729,0.428571429,0.727272727,0.37755102,0.249285714,0.32875,0.615384615,1,1,0.8125,1,0.472118959,0.2,0.25,0.182795699,1,0.448392555,0.455607477,1,0.448392555,0.455607477
FlowOCT,compas_enc.csv,PE,0.35,3101,2,0,10800,2,2083,0.6717188,0,7501,4982.260983,0.662994167,0.659685864,4,0.28472729,0.297184125,0.727272727,0.316326531,0.249285714,0.5,0.615384615,0.37470726,1,0.4,1,1,0.268929504,0.375,0.298387097,0.704918033,0.259968102,1,0.704918033,0.375,1
FlowOCT,compas_enc.csv,PE,0.3,3101,2,0,10800,2,2083,0.6717188,0,7773,4475.390912,0.662994167,0.659685864,4,0.28472729,0.297184125,0.727272727,0.316326531,0.249285714,0.5,0.615384615,0.37470726,1,0.4,1,1,0.268929504,0.375,0.298387097,0.704918033,0.259968102,1,0.704918033,0.375,1
FlowOCT,compas_enc.csv,PE,0.45,3101,2,0,10800,2,2083,0.6717188,0,6493,3572.607652,0.662994167,0.659685864,4,0.28472729,0.297184125,0.727272727,0.316326531,0.249285714,0.5,0.615384615,0.37470726,1,0.4,1,1,0.268929504,0.375,0.298387097,0.704918033,0.259968102,1,0.704918033,0.375,1
FlowOCT,compas_enc.csv,PE,0.4,3101,2,0,10800,2,2083,0.6717188,0,5874,3397.190531,0.662994167,0.659685864,4,0.28472729,0.297184125,0.727272727,0.316326531,0.249285714,0.5,0.615384615,0.37470726,1,0.4,1,1,0.268929504,0.375,0.298387097,0.704918033,0.259968102,1,0.704918033,0.375,1
FlowOCT,compas_enc.csv,PE,0.55,3101,2,0,10800,2,2083,0.6717188,0,8708,4596.615767,0.662994167,0.659685864,4,0.28472729,0.297184125,0.727272727,0.316326531,0.249285714,0.5,0.615384615,0.37470726,1,0.4,1,1,0.268929504,0.375,0.298387097,0.704918033,0.259968102,1,0.704918033,0.375,1
FlowOCT,compas_enc.csv,PE,0.5,3101,2,0,10800,2,2083,0.6717188,0,8965,4592.798878,0.662994167,0.659685864,4,0.28472729,0.297184125,0.727272727,0.316326531,0.249285714,0.5,0.615384615,0.37470726,1,0.4,1,1,0.268929504,0.375,0.298387097,0.704918033,0.259968102,1,0.704918033,0.375,1
FlowOCT,compas_enc.csv,PE,0.6,3101,2,0,10800,2,2083,0.6717188,0,6561,3280.729886,0.662994167,0.659685864,4,0.28472729,0.297184125,0.727272727,0.316326531,0.249285714,0.5,0.615384615,0.37470726,1,0.4,1,1,0.268929504,0.375,0.298387097,0.704918033,0.259968102,1,0.704918033,0.375,1
FlowOCT,compas_enc.csv,SP,0.01,3101,2,0,10800,9,1691,0.545307965,72.85629805,4998,10800.10539,0.552171095,0.536649215,4,0.28472729,0,0.727272727,0,0.249285714,0,0.615384615,0,1,0,1,0,0,0,0,0,0,0,0,0,0
FlowOCT,compas_enc.csv,SP,0.05,3101,2,0,10800,9,1745,0.562721703,70.94555874,3853,10802.19803,0.565132858,0.544502618,4,0.28472729,0.046805819,0.727272727,0.090909091,0.249285714,0.04,0.615384615,0.115384615,1,0.2,1,0.1,0.024804178,0.029411765,0.042857143,0.082474227,0.333333333,0.060606061,0.082474227,0.333333333,0.060606061
FlowOCT,compas_enc.csv,SP,0.15,3101,2,0,10800,9,1894,0.610770719,62.40760296,6620,10800.25646,0.615035645,0.609293194,4,0.28472729,0.116472395,0.727272727,0.372380952,0.249285714,0.2675,0.615384615,0.478087649,1,0.846534653,1,0.457249071,0.2,0.25,0.148148148,0.5,0.322335025,0.5,0.5,0.322335025,0.5
FlowOCT,compas_enc.csv,SP,0.1,3101,2,0,10800,9,1834,0.591422122,65.21264995,4907,10800.18046,0.591056384,0.581151832,4,0.28472729,0.096623377,0.727272727,0.338095238,0.249285714,0.357142857,0.615384615,0.416666667,1,0.881188119,1,1,0.207571802,0.25,0.212365591,0.742268041,0.271573604,0.735751295,0.742268041,0.271573604,0.735751295
FlowOCT,compas_enc.csv,SP,0.25,3101,2,0,10800,2,2018,0.65075782,0,12938,7877.150144,0.646143876,0.64921466,4,0.28472729,0.221298809,0.727272727,0.367346939,0.249285714,0.5,0.615384615,0.226415094,1,0.2,1,1,0.208877285,0.25,0.217741935,0.404371585,0.5,1,0.404371585,0.5,1
FlowOCT,compas_enc.csv,SP,0.2,3101,2,0,10800,9,1978,0.637858755,46.76440849,5088,10800.55624,0.629941672,0.636780105,4,0.28472729,0.178119349,0.727272727,0.37755102,0.249285714,0.5,0.615384615,0.521912351,1,0.558139535,1,1,0.2,0.25,0.137096774,0.43715847,0.5,1,0.43715847,0.5,1
FlowOCT,compas_enc.csv,SP,0.35,3101,2,0,10800,2,2083,0.6717188,0,9928,8922.145566,0.662994167,0.659685864,4,0.28472729,0.297184125,0.727272727,0.316326531,0.249285714,0.5,0.615384615,0.37470726,1,0.4,1,1,0.268929504,0.375,0.298387097,0.704918033,0.259968102,1,0.704918033,0.375,1
FlowOCT,compas_enc.csv,SP,0.3,3101,2,0,10800,9,2052,0.661722025,37.62183236,8587,10800.18385,0.659105638,0.673429319,4,0.28472729,0.295660036,0.727272727,0.336734694,0.249285714,0.5,0.615384615,0.333333333,1,0.4,1,1,0.27154047,0.305851064,0.27688172,0.704918033,0.333333333,1,0.704918033,0.333333333,1
FlowOCT,compas_enc.csv,SP,0.45,3101,2,0,10800,2,2083,0.6717188,0,13129,6702.347948,0.662994167,0.659685864,4,0.28472729,0.297184125,0.727272727,0.316326531,0.249285714,0.5,0.615384615,0.37470726,1,0.4,1,1,0.268929504,0.375,0.298387097,0.704918033,0.259968102,1,0.704918033,0.375,1
FlowOCT,compas_enc.csv,SP,0.4,3101,2,0,10800,2,2083,0.6717188,0,12559,4397.2521,0.662994167,0.659685864,4,0.28472729,0.297184125,0.727272727,0.316326531,0.249285714,0.5,0.615384615,0.37470726,1,0.4,1,1,0.268929504,0.375,0.298387097,0.704918033,0.259968102,1,0.704918033,0.375,1
FlowOCT,compas_enc.csv,SP,0.55,3101,2,0,10800,2,2083,0.6717188,0,11391,6860.807185,0.662994167,0.659685864,4,0.28472729,0.297184125,0.727272727,0.316326531,0.249285714,0.5,0.615384615,0.37470726,1,0.4,1,1,0.268929504,0.375,0.298387097,0.704918033,0.259968102,1,0.704918033,0.375,1
FlowOCT,compas_enc.csv,SP,0.5,3101,2,0,10800,2,2083,0.6717188,0,5637,3340.866409,0.662994167,0.659685864,4,0.28472729,0.297184125,0.727272727,0.316326531,0.249285714,0.5,0.615384615,0.37470726,1,0.4,1,1,0.268929504,0.375,0.298387097,0.704918033,0.259968102,1,0.704918033,0.375,1
FlowOCT,compas_enc.csv,SP,0.6,3101,2,0,10800,2,2083,0.6717188,0,9998,7519.35931,0.662994167,0.659685864,4,0.28472729,0.297184125,0.727272727,0.316326531,0.249285714,0.5,0.615384615,0.37470726,1,0.4,1,1,0.268929504,0.375,0.298387097,0.704918033,0.259968102,1,0.704918033,0.375,1
FlowOCT,compas_enc.csv,CSP,0.01,3101,2,0,10800,2,2027,0.65366011,0,779,3203.517498,0.639014906,0.655104712,5,0.188234089,0.479166667,0.557575758,0.464242424,0.301920615,0.260947503,1,1.11E-16,0.75,1,1,1,0.666666667,0.336986301,0.321336761,0.284848485,0.565217391,0.599489796,0.666666667,0.565217391,0.599489796
FlowOCT,compas_enc.csv,CSP,0.05,3101,2,0,10800,2,2027,0.65366011,0,2099,5750.014601,0.639014906,0.655104712,5,0.188234089,0.479166667,0.557575758,0.464242424,0.301920615,0.260947503,1,1.11E-16,0.75,1,1,1,0.666666667,0.336986301,0.321336761,0.284848485,0.565217391,0.599489796,0.666666667,0.565217391,0.599489796
FlowOCT,compas_enc.csv,CSP,0.15,3101,2,0,10800,2,2034,0.655917446,0,4007,5246.760399,0.644199611,0.662958115,5,0.188234089,0.479166667,0.557575758,0.488484848,0.301920615,0.299359795,1,0.137614679,0.75,1,1,1,0.666666667,0.35890411,0.349614396,0.252525253,0.591304348,0.647959184,0.666666667,0.591304348,0.647959184
FlowOCT,compas_enc.csv,CSP,0.1,3101,2,0,10800,2,2027,0.65366011,0,2680,4660.341171,0.639014906,0.655104712,5,0.188234089,0.479166667,0.557575758,0.464242424,0.301920615,0.260947503,1,1.11E-16,0.75,1,1,1,0.666666667,0.336986301,0.321336761,0.284848485,0.565217391,0.599489796,0.666666667,0.565217391,0.599489796
FlowOCT,compas_enc.csv,CSP,0.25,3101,2,0,10800,2,2043,0.658819736,0,6997,7715.403614,0.638366818,0.658376963,5,0.188234089,0.479166667,0.557575758,0.446060606,0.301920615,0.270862996,1,0.176470588,0.75,1,1,1,0.666666667,0.317808219,0.30848329,0.303030303,0.547826087,0.584183673,0.666666667,0.547826087,0.584183673
FlowOCT,compas_enc.csv,CSP,0.2,3101,2,0,10800,2,2043,0.658819736,0,5170,9487.841583,0.638366818,0.658376963,5,0.188234089,0.479166667,0.557575758,0.446060606,0.301920615,0.270862996,1,0.176470588,0.75,1,1,1,0.666666667,0.317808219,0.30848329,0.303030303,0.547826087,0.584183673,0.666666667,0.547826087,0.584183673
FlowOCT,compas_enc.csv,CSP,0.35,3101,2,0,10800,2,2086,0.67268623,0,8110,5311.127446,0.661697991,0.659031414,5,0.188234089,0.488095238,0.557575758,0.475151515,0.301920615,0.246309624,1,0.343137255,0.75,1,1,0.333333333,0.333333333,0.287671233,0.375,0.672727273,0.623913043,0.589285714,0.672727273,0.623913043,0.589285714
FlowOCT,compas_enc.csv,CSP,0.3,3101,2,0,10800,2,2043,0.658819736,0,8014,7584.216217,0.638366818,0.658376963,5,0.188234089,0.479166667,0.557575758,0.446060606,0.301920615,0.270862996,1,0.176470588,0.75,1,1,1,0.666666667,0.317808219,0.30848329,0.303030303,0.547826087,0.584183673,0.666666667,0.547826087,0.584183673
FlowOCT,compas_enc.csv,CSP,0.45,3101,2,0,10800,2,2086,0.67268623,0,6940,6879.81398,0.661697991,0.659031414,5,0.188234089,0.488095238,0.557575758,0.475151515,0.301920615,0.246309624,1,0.343137255,0.75,1,1,0.333333333,0.333333333,0.287671233,0.375,0.672727273,0.623913043,0.589285714,0.672727273,0.623913043,0.589285714
FlowOCT,compas_enc.csv,CSP,0.4,3101,2,0,10800,2,2086,0.67268623,0,10517,6327.966194,0.661697991,0.659031414,5,0.188234089,0.488095238,0.557575758,0.475151515,0.301920615,0.246309624,1,0.343137255,0.75,1,1,0.333333333,0.333333333,0.287671233,0.375,0.672727273,0.623913043,0.589285714,0.672727273,0.623913043,0.589285714
FlowOCT,compas_enc.csv,CSP,0.55,3101,2,0,10800,2,2086,0.67268623,0,5335,4698.610296,0.661697991,0.659031414,5,0.188234089,0.488095238,0.557575758,0.475151515,0.301920615,0.246309624,1,0.343137255,0.75,1,1,0.333333333,0.333333333,0.287671233,0.375,0.672727273,0.623913043,0.589285714,0.672727273,0.623913043,0.589285714
FlowOCT,compas_enc.csv,CSP,0.5,3101,2,0,10800,2,2086,0.67268623,0,9165,8825.497414,0.661697991,0.659031414,5,0.188234089,0.488095238,0.557575758,0.475151515,0.301920615,0.246309624,1,0.343137255,0.75,1,1,0.333333333,0.333333333,0.287671233,0.375,0.672727273,0.623913043,0.589285714,0.672727273,0.623913043,0.589285714
FlowOCT,compas_enc.csv,CSP,0.6,3101,2,0,10800,9,2086,0.67268623,31.92713327,2966,10800.5647,0.661697991,0.659031414,5,0.188234089,0.488095238,0.557575758,0.475151515,0.301920615,0.246309624,1,0.343137255,0.75,1,1,0.333333333,0.333333333,0.287671233,0.375,0.672727273,0.623913043,0.589285714,0.672727273,0.623913043,0.589285714
FlowOCT,compas_enc.csv,EOdds,0.01,3101,2,0,10800,9,1697,0.547242825,55.86328816,3606,10800.32115,0.520414776,0.564790576,5,0.188234089,0,0.557575758,0,0.301920615,0,1,0,0.75,0,1,0,0,0,0,0,0,0,0,0,0
FlowOCT,compas_enc.csv,EOdds,0.05,3101,2,0,10800,9,1723,0.555627217,76.37840975,2939,10800.62482,0.52948801,0.568062827,5,0.188234089,0.029955386,0.557575758,0.033939394,0.301920615,0.25,1,0.055248619,0.75,0.066666667,1,1,0.021052632,0.02739726,0.023136247,0.048611111,0.049261084,0.5,0.048611111,0.049261084,0.5
FlowOCT,compas_enc.csv,EOdds,0.15,3101,2,0,10800,9,1797,0.579490487,72.50973845,3344,10800.4438,0.5573558,0.590968586,5,0.188234089,0.093690249,0.557575758,0.098181818,0.301920615,0.1,1,0.365853659,0.75,0.313253012,1,0.6,0.052631579,0.057534247,0.125,0.132262052,0.130434783,0.157894737,0.132262052,0.130434783,0.157894737
FlowOCT,compas_enc.csv,EOdds,0.1,3101,2,0,10800,9,1762,0.568203805,75.93643587,3513,10800.40464,0.549578743,0.585078534,5,0.188234089,0.047801147,0.557575758,0.068181818,0.301920615,0.045977011,1,0.209302326,0.75,0.375,1,0.214285714,0.022368421,0.035087719,0.020408163,0.071693449,0.129032258,0.078947368,0.071693449,0.129032258,0.078947368
FlowOCT,compas_enc.csv,EOdds,0.25,3101,2,0,10800,9,2005,0.646565624,54.61346633,2569,10801.00487,0.611147116,0.639397906,5,0.188234089,0.195586361,0.557575758,0.336969697,0.301920615,0.202599085,1,0.666666667,0.75,1,1,0,0.184210526,0.224657534,0.25,0.212338465,0.426086957,0.5,0.212338465,0.426086957,0.5
FlowOCT,compas_enc.csv,EOdds,0.2,3101,2,0,10800,9,1827,0.589164786,69.56759715,2627,10801.67636,0.563188594,0.598167539,5,0.188234089,0.11153601,0.557575758,0.117575758,0.301920615,0.111395647,1,0.5,0.75,0.373493976,1,0.6,0.057894737,0.065753425,0.125,0.166666667,0.158695652,0.157894737,0.166666667,0.158695652,0.157894737
FlowOCT,compas_enc.csv,EOdds,0.35,3101,2,0,10800,9,2042,0.658497259,50.88148874,5708,10800.41346,0.63058976,0.657068063,5,0.188234089,0.327380952,0.557575758,0.4,0.301920615,0.222524968,1,1,0.75,1,1,0.508928571,0.333333333,0.273972603,0.259640103,0.339393939,0.5,0.520408163,0.339393939,0.5,0.520408163
FlowOCT,compas_enc.csv,EOdds,0.3,3101,2,0,10800,9,2005,0.646565624,54.56359102,6859,10800.39846,0.611147116,0.639397906,5,0.188234089,0.195586361,0.557575758,0.336969697,0.301920615,0.202599085,1,0.666666667,0.75,1,1,0,0.184210526,0.224657534,0.25,0.212338465,0.426086957,0.5,0.212338465,0.426086957,0.5
FlowOCT,compas_enc.csv,EOdds,0.45,3101,2,0,10800,2,2070,0.667526604,0,12152,7998.621655,0.646143876,0.673429319,5,0.188234089,0.26736775,0.557575758,0.455757576,0.301920615,0.435339309,1,0.666666667,0.75,1,1,1,0.276315789,0.304109589,0.269922879,0.339393939,0.576086957,0.599489796,0.339393939,0.576086957,0.599489796
FlowOCT,compas_enc.csv,EOdds,0.4,3101,2,0,10800,2,2070,0.667526604,0,12663,7834.598437,0.646143876,0.673429319,5,0.188234089,0.26736775,0.557575758,0.455757576,0.301920615,0.435339309,1,1,0.75,1,1,1,0.276315789,0.304109589,0.269922879,0.339393939,0.576086957,0.599489796,0.339393939,0.576086957,0.599489796
FlowOCT,compas_enc.csv,EOdds,0.55,3101,2,0,10800,2,2070,0.667526604,0,9777,4980.583741,0.646143876,0.673429319,5,0.188234089,0.26736775,0.557575758,0.455757576,0.301920615,0.435339309,1,0.666666667,0.75,1,1,1,0.276315789,0.304109589,0.269922879,0.339393939,0.576086957,0.599489796,0.339393939,0.576086957,0.599489796
FlowOCT,compas_enc.csv,EOdds,0.5,3101,2,0,10800,2,2070,0.667526604,0,13977,10032.55387,0.646143876,0.673429319,5,0.188234089,0.26736775,0.557575758,0.455757576,0.301920615,0.435339309,1,0.666666667,0.75,1,1,1,0.276315789,0.304109589,0.269922879,0.339393939,0.576086957,0.599489796,0.339393939,0.576086957,0.599489796
FlowOCT,compas_enc.csv,EOdds,0.6,3101,2,0,10800,2,2070,0.667526604,0,12410,6040.157677,0.646143876,0.673429319,5,0.188234089,0.26736775,0.557575758,0.455757576,0.301920615,0.435339309,1,0.666666667,0.75,1,1,1,0.276315789,0.304109589,0.269922879,0.339393939,0.576086957,0.599489796,0.339393939,0.576086957,0.599489796
FlowOCT,compas_enc.csv,EOpp,0.01,3101,2,0,10800,2,1697,0.547242825,0,13723,6213.805132,0.520414776,0.564790576,5,0.188234089,0,0.557575758,0,0.301920615,0,1,0,0.75,0,1,0,0,0,0,0,0,0,0,0,0
FlowOCT,compas_enc.csv,EOpp,0.05,3101,2,0,10800,2,1803,0.581425347,0,14217,6197.932041,0.585871679,0.579842932,5,0.188234089,0.395833333,0.557575758,0.64,0.301920615,0.256850192,1,0.343137255,0.75,1,1,1,0.7,0.589041096,0.34125964,0.046984056,0.684729064,0.5,0.7,0.684729064,0.5
FlowOCT,compas_enc.csv,EOpp,0.15,3101,2,0,10800,2,1941,0.62592712,0,11014,3076.913348,0.640311082,0.610602094,5,0.188234089,0.458333333,0.557575758,0.664242424,0.301920615,0.408130602,1,0.426829268,0.75,1,1,1,0.8,0.539726027,0.317926657,0.142375548,0.763043478,0.772959184,0.8,0.763043478,0.772959184
FlowOCT,compas_enc.csv,EOpp,0.1,3101,2,0,10800,2,1838,0.592712028,0,11704,5663.298057,0.604666235,0.57526178,5,0.188234089,0.395833333,0.557575758,0.695757576,0.301920615,0.435019206,1,0.475609756,0.75,1,1,1,0.7,0.597260274,0.269870416,0.098475484,0.773913043,1,0.7,0.773913043,1
FlowOCT,compas_enc.csv,EOpp,0.25,3101,2,0,10800,2,2053,0.662044502,0,9838,6901.121165,0.647440052,0.660340314,5,0.188234089,0.416666667,0.557575758,0.493333333,0.301920615,0.485275288,1,0.480392157,0.75,0.902877698,1,1,0.666666667,0.350684932,0.326478149,0.248484848,0.606521739,0.642857143,0.666666667,0.606521739,0.642857143
FlowOCT,compas_enc.csv,EOpp,0.2,3101,2,0,10800,2,1998,0.644308288,0,9128,5117.760571,0.646143876,0.642670157,5,0.188234089,0.520833333,0.557575758,0.515151515,0.301920615,0.254481434,1,1,0.75,1,1,1,0.8,0.391780822,0.375,0.191919192,0.613043478,0.259044527,0.8,0.613043478,0.375
FlowOCT,compas_enc.csv,EOpp,0.35,3101,2,0,10800,2,2070,0.667526604,0,7736,2519.575562,0.646143876,0.673429319,5,0.188234089,0.26736775,0.557575758,0.455757576,0.301920615,0.435339309,1,0.666666667,0.75,1,1,1,0.276315789,0.304109589,0.269922879,0.339393939,0.576086957,0.599489796,0.339393939,0.576086957,0.599489796
FlowOCT,compas_enc.csv,EOpp,0.3,3101,2,0,10800,2,2053,0.662044502,0,7099,3833.399938,0.647440052,0.660340314,5,0.188234089,0.416666667,0.557575758,0.493333333,0.301920615,0.485275288,1,0.480392157,0.75,0.902877698,1,1,0.666666667,0.350684932,0.326478149,0.248484848,0.606521739,0.642857143,0.666666667,0.606521739,0.642857143
FlowOCT,compas_enc.csv,EOpp,0.45,3101,2,0,10800,2,2070,0.667526604,0,6050,2267.975052,0.646143876,0.673429319,5,0.188234089,0.26736775,0.557575758,0.455757576,0.301920615,0.435339309,1,1,0.75,1,1,1,0.276315789,0.304109589,0.269922879,0.339393939,0.576086957,0.599489796,0.339393939,0.576086957,0.599489796
FlowOCT,compas_enc.csv,EOpp,0.4,3101,2,0,10800,2,2070,0.667526604,0,8300,3102.732792,0.646143876,0.673429319,5,0.188234089,0.26736775,0.557575758,0.455757576,0.301920615,0.435339309,1,0.666666667,0.75,1,1,1,0.276315789,0.304109589,0.269922879,0.339393939,0.576086957,0.599489796,0.339393939,0.576086957,0.599489796
FlowOCT,compas_enc.csv,EOpp,0.55,3101,2,0,10800,2,2076,0.669461464,0,6978,2690.339859,0.671419313,0.660340314,5,0.188234089,0.583333333,0.557575758,0.574545455,0.301920615,0.292893726,1,0.343137255,0.75,1,1,1,0.666666667,0.391780822,0.375321337,0.527272727,0.719565217,0.709183673,0.666666667,0.719565217,0.709183673
FlowOCT,compas_enc.csv,EOpp,0.5,3101,2,0,10800,2,2070,0.667526604,0,7371,2857.287371,0.646143876,0.673429319,5,0.188234089,0.26736775,0.557575758,0.455757576,0.301920615,0.435339309,1,1,0.75,1,1,1,0.276315789,0.304109589,0.269922879,0.339393939,0.576086957,0.599489796,0.339393939,0.576086957,0.599489796
FlowOCT,compas_enc.csv,EOpp,0.6,3101,2,0,10800,2,2076,0.669461464,0,8969,2895.788637,0.671419313,0.660340314,5,0.188234089,0.583333333,0.557575758,0.574545455,0.301920615,0.292893726,1,0.343137255,0.75,1,1,1,0.666666667,0.391780822,0.375321337,0.527272727,0.719565217,0.709183673,0.666666667,0.719565217,0.709183673
FlowOCT,compas_enc.csv,None,1,3101,2,0,10800,2,2086,0.67268623,0,6538,955.9080844,0.661697991,0.659031414,5,0.188234089,0.488095238,0.557575758,0.475151515,0.301920615,0.246309624,1,0.343137255,0.75,1,1,0.333333333,0.333333333,0.287671233,0.375,0.672727273,0.623913043,0.589285714,0.672727273,0.623913043,0.589285714
FlowOCT,compas_enc.csv,PE,0.01,3101,2,0,10800,2,1730,0.557884553,0,8024,2883.865536,0.531432275,0.570680628,5,0.188234089,0.023809524,0.557575758,0.034090909,0.301920615,0.022988506,1,0.181818182,0.75,0.3,1,0.2,0.008849558,0.01754386,0.005988024,0.054545455,0.064516129,0.052631579,0.054545455,0.064516129,0.052631579
FlowOCT,compas_enc.csv,PE,0.05,3101,2,0,10800,2,1822,0.587552402,0,6137,5523.266228,0.563836682,0.608638743,5,0.188234089,0.125,0.557575758,0.11030303,0.301920615,0.1,1,0.4,0.75,0.18705036,1,0.5,0.042105263,0.054794521,0.125,0.333333333,0.154347826,0.147959184,0.333333333,0.154347826,0.147959184
FlowOCT,compas_enc.csv,PE,0.15,3101,2,0,10800,2,1961,0.632376653,0,8999,7974.633322,0.61309138,0.658376963,5,0.188234089,0.197111445,0.557575758,0.272727273,0.301920615,0.174371201,1,0.465208748,0.75,0.456834532,1,0.764705882,0.138157895,0.15890411,0.125,0.227965689,0.363043478,0.5,0.227965689,0.363043478,0.5
FlowOCT,compas_enc.csv,PE,0.1,3101,2,0,10800,2,1938,0.62495969,0,8081,4913.290498,0.600777706,0.623691099,5,0.188234089,0.285714286,0.557575758,0.6,0.301920615,0.232758621,1,1,0.75,1,1,1,0.082165605,0.6,0.178663239,0.494949495,0.565217391,0.605263158,0.494949495,0.6,0.605263158
FlowOCT,compas_enc.csv,PE,0.25,3101,2,0,10800,2,2055,0.662689455,0,4975,3073.233557,0.661697991,0.661649215,5,0.188234089,0.404761905,0.557575758,0.533333333,0.301920615,0.233205374,1,0.382352941,0.75,1,1,0.5,0.192384723,0.356164384,0.375,0.571759259,0.673913043,1,0.571759259,0.673913043,1
FlowOCT,compas_enc.csv,PE,0.2,3101,2,0,10800,2,2055,0.662689455,0,6064,3626.866822,0.661697991,0.661649215,5,0.188234089,0.404761905,0.557575758,0.533333333,0.301920615,0.233205374,1,0.382352941,0.75,1,1,0.5,0.192384723,0.356164384,0.375,0.571759259,0.673913043,1,0.571759259,0.673913043,1
FlowOCT,compas_enc.csv,PE,0.35,3101,2,0,10800,2,2086,0.67268623,0,4121,2762.650646,0.661697991,0.659031414,5,0.188234089,0.488095238,0.557575758,0.475151515,0.301920615,0.246309624,1,0.343137255,0.75,1,1,0.333333333,0.333333333,0.287671233,0.375,0.672727273,0.623913043,0.589285714,0.672727273,0.623913043,0.589285714
FlowOCT,compas_enc.csv,PE,0.3,3101,2,0,10800,2,2070,0.667526604,0,6362,5191.250707,0.646143876,0.673429319,5,0.188234089,0.26736775,0.557575758,0.455757576,0.301920615,0.435339309,1,0.666666667,0.75,1,1,1,0.276315789,0.304109589,0.269922879,0.339393939,0.576086957,0.599489796,0.339393939,0.576086957,0.599489796
FlowOCT,compas_enc.csv,PE,0.45,3101,2,0,10800,2,2086,0.67268623,0,7687,4723.544263,0.661697991,0.659031414,5,0.188234089,0.488095238,0.557575758,0.475151515,0.301920615,0.246309624,1,0.343137255,0.75,1,1,0.333333333,0.333333333,0.287671233,0.375,0.672727273,0.623913043,0.589285714,0.672727273,0.623913043,0.589285714
FlowOCT,compas_enc.csv,PE,0.4,3101,2,0,10800,2,2086,0.67268623,0,6264,3536.691971,0.661697991,0.659031414,5,0.188234089,0.488095238,0.557575758,0.475151515,0.301920615,0.246309624,1,0.343137255,0.75,1,1,0.333333333,0.333333333,0.287671233,0.375,0.672727273,0.623913043,0.589285714,0.672727273,0.623913043,0.589285714
FlowOCT,compas_enc.csv,PE,0.55,3101,2,0,10800,2,2086,0.67268623,0,7085,5235.331833,0.661697991,0.659031414,5,0.188234089,0.488095238,0.557575758,0.475151515,0.301920615,0.246309624,1,0.343137255,0.75,1,1,0.333333333,0.333333333,0.287671233,0.375,0.672727273,0.623913043,0.589285714,0.672727273,0.623913043,0.589285714
FlowOCT,compas_enc.csv,PE,0.5,3101,2,0,10800,2,2086,0.67268623,0,7842,3928.34547,0.661697991,0.659031414,5,0.188234089,0.488095238,0.557575758,0.475151515,0.301920615,0.246309624,1,0.343137255,0.75,1,1,0.333333333,0.333333333,0.287671233,0.375,0.672727273,0.623913043,0.589285714,0.672727273,0.623913043,0.589285714
FlowOCT,compas_enc.csv,PE,0.6,3101,2,0,10800,2,2086,0.67268623,0,9670,4438.11754,0.661697991,0.659031414,5,0.188234089,0.488095238,0.557575758,0.475151515,0.301920615,0.246309624,1,0.343137255,0.75,1,1,0.333333333,0.333333333,0.287671233,0.375,0.672727273,0.623913043,0.589285714,0.672727273,0.623913043,0.589285714
FlowOCT,compas_enc.csv,SP,0.01,3101,2,0,10800,9,1697,0.547242825,72.0094284,2713,10800.30707,0.520414776,0.564790576,5,0.188234089,0,0.557575758,0,0.301920615,0,1,0,0.75,0,1,0,0,0,0,0,0,0,0,0,0
FlowOCT,compas_enc.csv,SP,0.05,3101,2,0,10800,9,1762,0.568203805,69.23950057,2645,10800.15602,0.549578743,0.585078534,5,0.188234089,0.047801147,0.557575758,0.068181818,0.301920615,0.045977011,1,0.209302326,0.75,0.375,1,0.214285714,0.022368421,0.035087719,0.020408163,0.071693449,0.129032258,0.078947368,0.071693449,0.129032258,0.078947368
FlowOCT,compas_enc.csv,SP,0.15,3101,2,0,10800,9,1898,0.612060626,54.00421496,5565,10800.45331,0.590408296,0.631544503,5,0.188234089,0.101445831,0.557575758,0.272727273,0.301920615,0.166325224,1,0.465208748,0.75,0.456834532,1,0.5,0.2,0.2,0.224489796,0.175777137,0.363043478,0.5,0.2,0.363043478,0.5
FlowOCT,compas_enc.csv,SP,0.1,3101,2,0,10800,9,1807,0.582715253,68.12396237,5002,10800.13096,0.553467272,0.580497382,5,0.188234089,0.064303924,0.557575758,0.183030303,0.301920615,0.169014085,1,0.666666667,0.75,0.8,1,0.764705882,0.138157895,0.145205479,0.146529563,0.16969697,0.213043478,0.191326531,0.16969697,0.213043478,0.191326531
FlowOCT,compas_enc.csv,SP,0.25,3101,2,0,10800,2,2005,0.646565624,0,7972,4805.026493,0.611147116,0.639397906,5,0.188234089,0.195586361,0.557575758,0.336969697,0.301920615,0.202599085,1,0.666666667,0.75,1,1,0,0.184210526,0.224657534,0.25,0.212338465,0.426086957,0.5,0.212338465,0.426086957,0.5
FlowOCT,compas_enc.csv,SP,0.2,3101,2,0,10800,2,2005,0.646565624,0,12888,7682.863891,0.611147116,0.639397906,5,0.188234089,0.195586361,0.557575758,0.336969697,0.301920615,0.202599085,1,1,0.75,1,1,1,0.184210526,0.224657534,0.25,0.212338465,0.426086957,0.5,0.212338465,0.426086957,0.5
FlowOCT,compas_enc.csv,SP,0.35,3101,2,0,10800,2,2070,0.667526604,0,12949,10529.9625,0.646143876,0.673429319,5,0.188234089,0.26736775,0.557575758,0.455757576,0.301920615,0.435339309,1,0.666666667,0.75,1,1,1,0.276315789,0.304109589,0.269922879,0.339393939,0.576086957,0.599489796,0.339393939,0.576086957,0.599489796
FlowOCT,compas_enc.csv,SP,0.3,3101,2,0,10800,2,2070,0.667526604,0,10216,5022.632772,0.646143876,0.673429319,5,0.188234089,0.26736775,0.557575758,0.455757576,0.301920615,0.435339309,1,1,0.75,1,1,1,0.276315789,0.304109589,0.269922879,0.339393939,0.576086957,0.599489796,0.339393939,0.576086957,0.599489796
FlowOCT,compas_enc.csv,SP,0.45,3101,2,0,10800,2,2070,0.667526604,0,6406,4961.346175,0.646143876,0.673429319,5,0.188234089,0.26736775,0.557575758,0.455757576,0.301920615,0.435339309,1,0.666666667,0.75,1,1,1,0.276315789,0.304109589,0.269922879,0.339393939,0.576086957,0.599489796,0.339393939,0.576086957,0.599489796
FlowOCT,compas_enc.csv,SP,0.4,3101,2,0,10800,2,2070,0.667526604,0,8497,4921.648987,0.646143876,0.673429319,5,0.188234089,0.26736775,0.557575758,0.455757576,0.301920615,0.435339309,1,1,0.75,1,1,1,0.276315789,0.304109589,0.269922879,0.339393939,0.576086957,0.599489796,0.339393939,0.576086957,0.599489796
FlowOCT,compas_enc.csv,SP,0.55,3101,2,0,10800,2,2086,0.67268623,0,8809,5753.202071,0.661697991,0.659031414,5,0.188234089,0.488095238,0.557575758,0.475151515,0.301920615,0.246309624,1,0.343137255,0.75,1,1,0.333333333,0.333333333,0.287671233,0.375,0.672727273,0.623913043,0.589285714,0.672727273,0.623913043,0.589285714
FlowOCT,compas_enc.csv,SP,0.5,3101,2,0,10800,2,2086,0.67268623,0,12009,7020.998114,0.661697991,0.659031414,5,0.188234089,0.488095238,0.557575758,0.475151515,0.301920615,0.246309624,1,0.343137255,0.75,1,1,0.333333333,0.333333333,0.287671233,0.375,0.672727273,0.623913043,0.589285714,0.672727273,0.623913043,0.589285714
FlowOCT,compas_enc.csv,SP,0.6,3101,2,0,10800,2,2086,0.67268623,0,11076,7648.797229,0.661697991,0.659031414,5,0.188234089,0.488095238,0.557575758,0.475151515,0.301920615,0.246309624,1,0.343137255,0.75,1,1,0.333333333,0.333333333,0.287671233,0.375,0.672727273,0.623913043,0.589285714,0.672727273,0.623913043,0.589285714